{"Arena": [5.0, 25.0, 0.0, 50.0, 4.0], "Effectors": [[0.022564419899204234, 0.0, 0.022564419899204234, 0.0, 0.0, 1.3333333333333333e-05, 1.0, 0.0005, 0.3333333333333333, 0.001, 0.07692307692307693, 0.001], [0.01802460607204099, 0.0, 0.01802460607204099, 0.0, 0.0, 1.3333333333333333e-05, 1.0, 0.0005, 0.3333333333333333, 0.001, 0.07692307692307693, 0.001], [0.04881553808556405, 0.0, 0.04881553808556405, 0.0, 0.0, 1.6666666666666667e-06, 1.0, 4e-05, 0.3333333333333333, 0.0015, 0.5, 0.001], [0.025986278357938923, 0.0, 0.025986278357938923, 0.0, 0.0, 1.6666666666666667e-06, 1.0, 4e-05, 0.3333333333333333, 0.0015, 0.5, 0.001]], "Targets": [[0.080321283214297, 0.0, 0.499568003671382, 0.0], [0.05009259757418397, 0.0, 0.45331274913491754, 0.0], [0.09440528396711394, 0.0, 0.46383401797976154, 0.0], [0.05231159997722686, 0.0, 0.5143174581888643, 0.0], [0.07299929143365708, 0.0, 0.516057466340414, 0.0], [0.07996874634570818, 0.0, 0.6291557759007322, 0.0], [0.07324104716315734, 0.0, 0.49840318299850456, 0.0], [0.05783455754066248, 0.0, 0.5710410370018831, 0.0]], "Opportunities": [[[0.41646719762786044, 5.675686331509277e-05, 0.059121732619888304, 1.0], [0.6834072164876115, 2.6528177674979734e-05, 0.02763351841143722, 1.0], [0.4996807569659439, 7.08408640679097e-05, 0.07379256673740595, 1.0], [0.6862798761292711, 2.8747180078022627e-05, 0.029944979247940238, 1.0], [0.4288409142244323, 4.9434871534452844e-05, 0.05149465784838838, 1.0], [0.5462610107390126, 5.640432644650394e-05, 0.058754506715108276, 1.0], [0.4789537568580784, 4.9676627263953104e-05, 0.05174648673328448, 1.0], [0.4309676472728422, 3.4270137641458244e-05, 0.035698060043185674, 1.0]], [[0.699571987634491, 6.129667714225601e-05, 0.06385070535651668, 1.0], [0.4393861639433293, 3.1067991502142974e-05, 0.0323624911480656, 1.0], [0.5807917850882056, 7.538067789507293e-05, 0.07852153947403431, 1.0], [0.6047140631744702, 3.3286993905185875e-05, 0.034673951984568616, 1.0], [0.6215403082505395, 5.397468536161609e-05, 0.05622363058501676, 1.0], [0.40830232551349793, 6.094414027366719e-05, 0.06348347945173666, 1.0], [0.5686174274695313, 5.421644109111635e-05, 0.056475459469912864, 1.0], [0.5037500158719079, 3.8809951468621495e-05, 0.040427032779814055, 1.0]], [[0.0, 0.0, 0.0, 0.0], [0.40463440432170816, 0.0, 0.0, 1.0], [0.0, 0.0, 0.0, 0.0], [0.5953514437955897, 1.996061891662815e-06, 0.016633849097190123, 1.0], [0.0, 0.0, 0.0, 0.0], [0.0, 0.0, 0.0, 0.0], [0.0, 0.0, 0.0, 0.0], [0.5634210188213484, 7.519019455098435e-06, 0.06265849545915363, 1.0]], [[0.0, 0.0, 0.0, 0.0], [0.0, 0.0, 0.0, 0.0], [0.0, 0.0, 0.0, 0.0], [0.0, 0.0, 0.0, 0.0], [0.0, 0.0, 0.0, 0.0], [0.0, 0.0, 0.0, 0.0], [0.0, 0.0, 0.0, 0.0], [0.0, 0.0, 0.0, 0.0]]]}