{"Arena": [5.0, 25.0, 0.0, 50.0, 4.0], "Effectors": [[0.03311591281115376, 0.0, 0.03311591281115376, 0.0, 1.0, 0.002, 1.0, 0.0, 0.3333333333333333, 0.09, 0.05, 0.001], [0.04389230305956596, 0.0, 0.04389230305956596, 0.0, 1.0, 0.002, 1.0, 0.0, 0.3333333333333333, 0.09, 0.05, 0.001], [0.02111120714005265, 0.0, 0.02111120714005265, 0.0, 1.0, 0.002, 1.0, 0.0, 0.3333333333333333, 0.09, 0.05, 0.001], [0.035752058264025846, 0.0, 0.035752058264025846, 0.0, 0.0, 1.6666666666666667e-06, 1.0, 4e-05, 0.3333333333333333, 0.0015, 0.5, 0.001]], "Targets": [[0.06477167024243696, 0.0, 0.49538216585656425, 0.0], [0.06849852446266336, 0.0, 0.3564443940413115, 0.0], [0.09531048295910079, 0.0, 0.52988156973953, 0.0], [0.06067245769195286, 0.0, 0.5897599400763356, 0.0], [0.08660068067902006, 0.0, 0.3629476058666755, 0.0], [0.06074175722098367, 0.0, 0.36485283605199803, 0.0], [0.08671932676799438, 0.0, 0.5870351542034742, 0.0], [0.09945498299432355, 0.0, 0.426705861138439, 0.0]], "Opportunities": [[[0.5539144182982824, 0.0, 0.0, 1.0], [0.6585116275573107, 0.0, 0.0, 1.0], [0.5797657990928119, 0.0, 0.0, 1.0], [0.6937224312728827, 0.0, 0.0, 1.0], [0.5118355721537725, 0.0, 0.0, 1.0], [0.6029965526904483, 0.0, 0.0, 1.0], [0.43272160043789176, 0.0, 0.0, 1.0], [0.691809727752258, 0.0, 0.0, 1.0]], [[0.6702643220770047, 0.0, 0.0, 1.0], [0.5508732002899025, 0.0, 0.0, 1.0], [0.5993746381619306, 0.0, 0.0, 1.0], [0.5163126383569888, 0.0, 0.0, 1.0], [0.5868353171728451, 0.0, 0.0, 1.0], [0.4094197026858539, 0.0, 0.0, 1.0], [0.605674260336569, 0.0, 0.0, 1.0], [0.5449673130428374, 0.0, 0.0, 1.0]], [[0.4401296021191841, 0.0, 0.0, 1.0], [0.6733798865283056, 0.0, 0.0, 1.0], [0.6117071954427783, 0.0, 0.0, 1.0], [0.681488843709813, 0.0, 0.0, 1.0], [0.4476435587205264, 0.0, 0.0, 1.0], [0.5410820134360574, 0.0, 0.0, 1.0], [0.6441839351954511, 0.0, 0.0, 1.0], [0.4691479073560906, 0.0, 0.0, 1.0]], [[0.0, 0.0, 0.0, 0.0], [0.0, 0.0, 0.0, 0.0], [0.0, 0.0, 0.0, 0.0], [0.0, 0.0, 0.0, 0.0], [0.0, 0.0, 0.0, 0.0], [0.0, 0.0, 0.0, 0.0], [0.0, 0.0, 0.0, 0.0], [0.0, 0.0, 0.0, 0.0]]]}