{"Arena": [5.0, 25.0, 0.0, 50.0, 4.0], "Effectors": [[0.019892555626133866, 0.0, 0.019892555626133866, 0.0, 1.0, 0.002, 1.0, 0.0, 0.3333333333333333, 0.09, 0.05, 0.001], [0.015538802931717565, 0.0, 0.015538802931717565, 0.0, 1.0, 0.002, 1.0, 0.0, 0.3333333333333333, 0.09, 0.05, 0.001], [0.03464442639011132, 0.0, 0.03464442639011132, 0.0, 1.0, 0.002, 1.0, 0.0, 0.3333333333333333, 0.09, 0.05, 0.001], [0.01865691345867507, 0.0, 0.01865691345867507, 0.0, 0.0, 1.6666666666666667e-06, 1.0, 4e-05, 0.3333333333333333, 0.0015, 0.5, 0.001]], "Targets": [[0.06557907361523665, 0.0, 0.3556454093938984, 0.0], [0.09033743151566388, 0.0, 0.6374639153546726, 0.0], [0.07705949667513833, 0.0, 0.645029159421479, 0.0], [0.06905756429936118, 0.0, 0.45091483721367515, 0.0], [0.08448652636559072, 0.0, 0.5765477240011244, 0.0], [0.09321307707942578, 0.0, 0.40508878493585426, 0.0], [0.08362112372427775, 0.0, 0.5891748954978318, 0.0], [0.08557666977941582, 0.0, 0.37896380397288826, 0.0]], "Opportunities": [[[0.43862623483754415, 0.0, 0.0, 1.0], [0.45873619256488024, 0.0, 0.0, 1.0], [0.6642067156837296, 0.0, 0.0, 1.0], [0.47348633811352553, 0.0, 0.0, 1.0], [0.5431410707379609, 0.0, 0.0, 1.0], [0.46288859866462845, 0.0, 0.0, 1.0], [0.40829156187173654, 0.0, 0.0, 1.0], [0.47187063879189406, 0.0, 0.0, 1.0]], [[0.506689695895833, 0.0, 0.0, 1.0], [0.6095433051235012, 0.0, 0.0, 1.0], [0.6125716514053932, 0.0, 0.0, 1.0], [0.4072066293578711, 0.0, 0.0, 1.0], [0.44063035513131255, 0.0, 0.0, 1.0], [0.545777794873358, 0.0, 0.0, 1.0], [0.5101638029102913, 0.0, 0.0, 1.0], [0.6568133701804464, 0.0, 0.0, 1.0]], [[0.42285103669803337, 0.0, 0.0, 1.0], [0.5147083518580833, 0.0, 0.0, 1.0], [0.6912327713276343, 0.0, 0.0, 1.0], [0.4026756314283449, 0.0, 0.0, 1.0], [0.5750501479796356, 0.0, 0.0, 1.0], [0.5870013840434766, 0.0, 0.0, 1.0], [0.6104130661559447, 0.0, 0.0, 1.0], [0.6369221008716103, 0.0, 0.0, 1.0]], [[0.0, 0.0, 0.0, 0.0], [0.0, 0.0, 0.0, 0.0], [0.0, 0.0, 0.0, 0.0], [0.0, 0.0, 0.0, 0.0], [0.0, 0.0, 0.0, 0.0], [0.0, 0.0, 0.0, 0.0], [0.0, 0.0, 0.0, 0.0], [0.0, 0.0, 0.0, 0.0]]]}