{"Arena": [5.0, 25.0, 0.0, 50.0, 4.0], "Effectors": [[0.014867915116674091, 0.0, 0.014867915116674091, 0.0, 1.0, 0.002, 1.0, 0.0, 0.3333333333333333, 0.09, 0.05, 0.001], [0.031199911755227256, 0.0, 0.031199911755227256, 0.0, 0.0, 1.3333333333333333e-05, 1.0, 0.0005, 0.3333333333333333, 0.001, 0.07692307692307693, 0.001], [0.03727218784779963, 0.0, 0.03727218784779963, 0.0, 0.0, 1.6666666666666667e-06, 1.0, 4e-05, 0.3333333333333333, 0.0015, 0.5, 0.001], [0.01628877068900236, 0.0, 0.01628877068900236, 0.0, 0.0, 1.6666666666666667e-06, 1.0, 4e-05, 0.3333333333333333, 0.0015, 0.5, 0.001]], "Targets": [[0.0543685722602561, 0.0, 0.43152378302001637, 0.0], [0.05489292440085507, 0.0, 0.4542245496211389, 0.0], [0.054713408389025775, 0.0, 0.42452367706047306, 0.0], [0.07823203094769897, 0.0, 0.47690165114931604, 0.0], [0.07386757186509742, 0.0, 0.5430547027528048, 0.0], [0.09746522773846397, 0.0, 0.39916204229147967, 0.0], [0.07361273731229977, 0.0, 0.5886192979225997, 0.0], [0.08934872212794168, 0.0, 0.48191077196142773, 0.0]], "Opportunities": [[[0.6453700988970873, 0.0, 0.0, 1.0], [0.4207156600174513, 0.0, 0.0, 1.0], [0.44114400949043614, 0.0, 0.0, 1.0], [0.6771588021898143, 0.0, 0.0, 1.0], [0.5896046220476154, 0.0, 0.0, 1.0], [0.5749174889660823, 0.0, 0.0, 1.0], [0.4968209680216177, 0.0, 0.0, 1.0], [0.6947016615836921, 0.0, 0.0, 1.0]], [[0.5272603599063516, 2.2168660505028843e-05, 0.023092354692738376, 1.0], [0.6537412403806284, 2.2693012645627812e-05, 0.023638554839195636, 1.0], [0.5493554724510767, 2.2513496633798518e-05, 0.023451558993540123, 1.0], [0.5907375630816224, 4.603211919247172e-05, 0.04795012415882471, 1.0], [0.6879414214251087, 4.1667660109870166e-05, 0.04340381261444809, 1.0], [0.5540763536258586, 6.526531598323672e-05, 0.06798470414920492, 1.0], [0.5111352627903201, 4.1412825557072515e-05, 0.04313835995528387, 1.0], [0.45212459663215665, 5.7148810372714424e-05, 0.05953001080491086, 1.0]], [[0.5242265945913261, 1.559638441245647e-05, 0.12996987010380393, 1.0], [0.473832630718717, 1.612073655305544e-05, 0.134339471275462, 1.0], [0.6996056081888724, 1.5941220541226146e-05, 0.1328435045102179, 1.0], [0.0, 0.0, 0.0, 0.0], [0.0, 0.0, 0.0, 0.0], [0.0, 0.0, 0.0, 0.0], [0.0, 0.0, 0.0, 0.0], [0.0, 0.0, 0.0, 0.0]], [[0.0, 0.0, 0.0, 0.0], [0.0, 0.0, 0.0, 0.0], [0.0, 0.0, 0.0, 0.0], [0.0, 0.0, 0.0, 0.0], [0.0, 0.0, 0.0, 0.0], [0.0, 0.0, 0.0, 0.0], [0.0, 0.0, 0.0, 0.0], [0.0, 0.0, 0.0, 0.0]]]}