{"Arena": [5.0, 25.0, 0.0, 50.0, 4.0], "Effectors": [[0.018614221162541147, 0.0, 0.018614221162541147, 0.0, 1.0, 0.002, 1.0, 0.0, 0.3333333333333333, 0.09, 0.05, 0.001], [0.049907550552488016, 0.0, 0.049907550552488016, 0.0, 0.0, 1.3333333333333333e-05, 1.0, 0.0005, 0.3333333333333333, 0.001, 0.07692307692307693, 0.001], [0.015581400217270254, 0.0, 0.015581400217270254, 0.0, 0.0, 1.6666666666666667e-06, 1.0, 4e-05, 0.3333333333333333, 0.0015, 0.5, 0.001], [0.03848840733962636, 0.0, 0.03848840733962636, 0.0, 0.0, 1.6666666666666667e-06, 1.0, 4e-05, 0.3333333333333333, 0.0015, 0.5, 0.001]], "Targets": [[0.08413552466795139, 0.0, 0.36157080549502607, 0.0], [0.06934139816298666, 0.0, 0.37186507557588294, 0.0], [0.08382066676113595, 0.0, 0.5630151469352664, 0.0], [0.09042209066975064, 0.0, 0.4101716103576222, 0.0], [0.08136345901822759, 0.0, 0.40542234227801804, 0.0], [0.09535187194848578, 0.0, 0.3843908660690574, 0.0], [0.07222002809053645, 0.0, 0.3871398337811905, 0.0], [0.05226995792111664, 0.0, 0.4569182807850532, 0.0]], "Opportunities": [[[0.5198579532495852, 0.0, 0.0, 1.0], [0.5040255258026758, 0.0, 0.0, 1.0], [0.4992372232812273, 0.0, 0.0, 1.0], [0.5099687545297381, 0.0, 0.0, 1.0], [0.5315520182116205, 0.0, 0.0, 1.0], [0.5170743882260265, 0.0, 0.0, 1.0], [0.5522057263131711, 0.0, 0.0, 1.0], [0.4770217811539997, 0.0, 0.0, 1.0]], [[0.6478722652058936, 3.3227974115463374e-05, 0.03461247303694102, 1.0], [0.4845405497460974, 1.843384761049865e-05, 0.019201924594269424, 1.0], [0.5083892162435667, 3.291311620864793e-05, 0.03428449605067493, 1.0], [0.6089601966204363, 3.951454011726262e-05, 0.041160979288815236, 1.0], [0.4081733001123352, 3.0455908465739568e-05, 0.031724904651812054, 1.0], [0.6208138194839492, 4.4444321395997764e-05, 0.046296168120831004, 1.0], [0.6461146846349134, 2.131247753804843e-05, 0.022200497435467113, 1.0], [0.6511914421108719, 1.3624073686286246e-06, 0.001419174342321484, 1.0]], [[0.0, 0.0, 0.0, 0.0], [0.0, 0.0, 0.0, 0.0], [0.0, 0.0, 0.0, 0.0], [0.0, 0.0, 0.0, 0.0], [0.0, 0.0, 0.0, 0.0], [0.0, 0.0, 0.0, 0.0], [0.0, 0.0, 0.0, 0.0], [0.0, 0.0, 0.0, 0.0]], [[0.0, 0.0, 0.0, 0.0], [0.0, 0.0, 0.0, 0.0], [0.0, 0.0, 0.0, 0.0], [0.0, 0.0, 0.0, 0.0], [0.0, 0.0, 0.0, 0.0], [0.0, 0.0, 0.0, 0.0], [0.0, 0.0, 0.0, 0.0], [0.4471958375179445, 1.2281550581490284e-05, 0.10234625484575237, 1.0]]]}