{"Arena": [5.0, 25.0, 0.0, 50.0, 4.0], "Effectors": [[0.034619065651270445, 0.0, 0.034619065651270445, 0.0, 1.0, 0.002, 1.0, 0.0, 0.3333333333333333, 0.09, 0.05, 0.001], [0.037693630906071446, 0.0, 0.037693630906071446, 0.0, 1.0, 0.002, 1.0, 0.0, 0.3333333333333333, 0.09, 0.05, 0.001], [0.01855030836763023, 0.0, 0.01855030836763023, 0.0, 1.0, 0.002, 1.0, 0.0, 0.3333333333333333, 0.09, 0.05, 0.001], [0.01902510692400338, 0.0, 0.01902510692400338, 0.0, 0.0, 1.3333333333333333e-05, 1.0, 0.0005, 0.3333333333333333, 0.001, 0.07692307692307693, 0.001]], "Targets": [[0.08864382738720536, 0.0, 0.44827436152041567, 0.0], [0.07765332856461057, 0.0, 0.6201313323113438, 0.0], [0.09683252853417687, 0.0, 0.6213043965479235, 0.0], [0.09878788769428809, 0.0, 0.40232439137969256, 0.0], [0.05203213285233187, 0.0, 0.5819426529298822, 0.0], [0.07746629524579603, 0.0, 0.47198491558668926, 0.0], [0.0556357210417002, 0.0, 0.4054078107009663, 0.0], [0.09072134566164061, 0.0, 0.5824466112001363, 0.0]], "Opportunities": [[[0.6059664101775857, 0.0, 0.0, 1.0], [0.4553432939513671, 0.0, 0.0, 1.0], [0.6125056242415046, 0.0, 0.0, 1.0], [0.6267769024829558, 0.0, 0.0, 1.0], [0.422212848380866, 0.0, 0.0, 1.0], [0.49690112440784984, 0.0, 0.0, 1.0], [0.5241498260113083, 0.0, 0.0, 1.0], [0.4017405434361245, 0.0, 0.0, 1.0]], [[0.46962098443718936, 0.0, 0.0, 1.0], [0.49300610048089716, 0.0, 0.0, 1.0], [0.6299954580894331, 0.0, 0.0, 1.0], [0.4782872577620653, 0.0, 0.0, 1.0], [0.45439466250708777, 0.0, 0.0, 1.0], [0.43921094665220844, 0.0, 0.0, 1.0], [0.45996194567369536, 0.0, 0.0, 1.0], [0.6888603284656383, 0.0, 0.0, 1.0]], [[0.6060341197521317, 0.0, 0.0, 1.0], [0.6962624848248327, 0.0, 0.0, 1.0], [0.49013927755503517, 0.0, 0.0, 1.0], [0.454503303427983, 0.0, 0.0, 1.0], [0.6513205157480639, 0.0, 0.0, 1.0], [0.43830505830302807, 0.0, 0.0, 1.0], [0.4997630840334358, 0.0, 0.0, 1.0], [0.502100400928426, 0.0, 0.0, 1.0]], [[0.6560524301591113, 6.861872046320197e-05, 0.07147783381583539, 1.0], [0.4644653354906063, 5.762822164060719e-05, 0.06002939754229916, 1.0], [0.588569731161298, 7.680742161017349e-05, 0.08000773084393072, 1.0], [0.6168864840864305, 7.87627807702847e-05, 0.0820445633023799, 1.0], [0.5449060355180749, 3.200702592832849e-05, 0.0333406520086755, 1.0], [0.629829786421364, 5.7441188321792643e-05, 0.05983457116853401, 1.0], [0.5300375749718815, 3.561061411769682e-05, 0.037094389705934185, 1.0], [0.6055442476538833, 7.069623873763722e-05, 0.07364191535170544, 1.0]]]}