{"Arena": [5.0, 25.0, 0.0, 50.0, 4.0], "Effectors": [[0.045309729919496194, 0.0, 0.045309729919496194, 0.0, 0.0, 1.6666666666666667e-06, 1.0, 4e-05, 0.3333333333333333, 0.0015, 0.5, 0.001], [0.03863824164334626, 0.0, 0.03863824164334626, 0.0, 0.0, 1.6666666666666667e-06, 1.0, 4e-05, 0.3333333333333333, 0.0015, 0.5, 0.001], [0.03456110259389425, 0.0, 0.03456110259389425, 0.0, 0.0, 1.6666666666666667e-06, 1.0, 4e-05, 0.3333333333333333, 0.0015, 0.5, 0.001], [0.018379335304117093, 0.0, 0.018379335304117093, 0.0, 0.0, 1.6666666666666667e-06, 1.0, 4e-05, 0.3333333333333333, 0.0015, 0.5, 0.001]], "Targets": [[0.06883987916174175, 0.0, 0.6455250134539743, 0.0], [0.06785906216493837, 0.0, 0.6382208239437809, 0.0], [0.06521181871314945, 0.0, 0.5040455838442905, 0.0], [0.08918826782260865, 0.0, 0.416337756388071, 0.0], [0.07913484924876892, 0.0, 0.573142917302328, 0.0], [0.09677282396054006, 0.0, 0.38785709874767416, 0.0], [0.09697249645645661, 0.0, 0.3812382536928167, 0.0], [0.06627149797767885, 0.0, 0.5149629492788855, 0.0]], "Opportunities": [[[0.0, 0.0, 0.0, 0.0], [0.0, 0.0, 0.0, 0.0], [0.4125182378348398, 1.840208879365325e-05, 0.15335073994711043, 1.0], [0.0, 0.0, 0.0, 0.0], [0.0, 0.0, 0.0, 0.0], [0.0, 0.0, 0.0, 0.0], [0.0, 0.0, 0.0, 0.0], [0.56691608511305, 1.946176805818266e-05, 0.1621814004848555, 1.0]], [[0.0, 0.0, 0.0, 0.0], [0.0, 0.0, 0.0, 0.0], [0.0, 0.0, 0.0, 0.0], [0.0, 0.0, 0.0, 0.0], [0.0, 0.0, 0.0, 0.0], [0.0, 0.0, 0.0, 0.0], [0.0, 0.0, 0.0, 0.0], [0.0, 0.0, 0.0, 0.0]], [[0.0, 0.0, 0.0, 0.0], [0.0, 0.0, 0.0, 0.0], [0.0, 0.0, 0.0, 0.0], [0.0, 0.0, 0.0, 0.0], [0.0, 0.0, 0.0, 0.0], [0.0, 0.0, 0.0, 0.0], [0.0, 0.0, 0.0, 0.0], [0.0, 0.0, 0.0, 0.0]], [[0.0, 0.0, 0.0, 0.0], [0.0, 0.0, 0.0, 0.0], [0.0, 0.0, 0.0, 0.0], [0.0, 0.0, 0.0, 0.0], [0.0, 0.0, 0.0, 0.0], [0.0, 0.0, 0.0, 0.0], [0.0, 0.0, 0.0, 0.0], [0.0, 0.0, 0.0, 0.0]]]}