{"Arena": [5.0, 25.0, 0.0, 50.0, 4.0], "Effectors": [[0.030259821182560865, 0.0, 0.030259821182560865, 0.0, 0.0, 1.3333333333333333e-05, 1.0, 0.0005, 0.3333333333333333, 0.001, 0.07692307692307693, 0.001], [0.015342550547307954, 0.0, 0.015342550547307954, 0.0, 0.0, 1.3333333333333333e-05, 1.0, 0.0005, 0.3333333333333333, 0.001, 0.07692307692307693, 0.001], [0.03170752089231876, 0.0, 0.03170752089231876, 0.0, 0.0, 1.3333333333333333e-05, 1.0, 0.0005, 0.3333333333333333, 0.001, 0.07692307692307693, 0.001], [0.013007743247927701, 0.0, 0.013007743247927701, 0.0, 0.0, 1.6666666666666667e-06, 1.0, 4e-05, 0.3333333333333333, 0.0015, 0.5, 0.001]], "Targets": [[0.07664697611284724, 0.0, 0.5202821422551853, 0.0], [0.09978485763539921, 0.0, 0.6319184658501538, 0.0], [0.07554552426096038, 0.0, 0.5792510542885914, 0.0], [0.08778257236140329, 0.0, 0.4879749526792362, 0.0], [0.06715142706111342, 0.0, 0.4104699938835255, 0.0], [0.09149104222452835, 0.0, 0.6155277879651708, 0.0], [0.06874437286416625, 0.0, 0.49407063688046565, 0.0], [0.08965898792434314, 0.0, 0.4534895722423995, 0.0]], "Opportunities": [[[0.5721320005906072, 4.538715493028638e-05, 0.04727828638571498, 1.0], [0.4499411672897774, 6.852503645283835e-05, 0.07138024630503995, 1.0], [0.6347068764337787, 4.4285703078399516e-05, 0.046130940706666165, 1.0], [0.42408343377287105, 5.652275117884242e-05, 0.05887786581129419, 1.0], [0.5503789750774404, 3.5891605878552555e-05, 0.03738708945682558, 1.0], [0.4714904408556937, 6.0231221041967485e-05, 0.06274085525204946, 1.0], [0.5882094202113058, 3.748455168160539e-05, 0.03904640800167228, 1.0], [0.525763098116212, 5.8399166741782275e-05, 0.060832465356023206, 1.0]], [[0.4332885113384641, 6.030442556553929e-05, 0.06281710996410342, 1.0], [0.6421273193252123, 8.344230708809125e-05, 0.08691906988342839, 1.0], [0.4669064434774665, 5.9202973713652426e-05, 0.061669764285054614, 1.0], [0.6194353895837043, 7.144002181409532e-05, 0.07441668938968263, 1.0], [0.49957810044003137, 5.0808876513805464e-05, 0.05292591303521403, 1.0], [0.6946820700881913, 7.514849167722039e-05, 0.0782796788304379, 1.0], [0.5780339999005948, 5.24018223168583e-05, 0.05458523158006073, 1.0], [0.4251443333474235, 7.331643737703518e-05, 0.07637128893441164, 1.0]], [[0.493608168810623, 4.393945522052848e-05, 0.04577026585471717, 1.0], [0.5020180240159193, 6.707733674308045e-05, 0.06987222577404213, 1.0], [0.5069266046731878, 4.283800336864163e-05, 0.04462292017566836, 1.0], [0.42145566032101234, 5.507505146908453e-05, 0.057369845280296386, 1.0], [0.4808136314573443, 3.4443906168794666e-05, 0.035879068925827776, 1.0], [0.44294772074883726, 5.878352133220959e-05, 0.06123283472105166, 1.0], [0.5298080325879257, 3.6036851971847494e-05, 0.03753838747067447, 1.0], [0.42339951214778654, 5.6951467032024386e-05, 0.0593244448250254, 1.0]], [[0.0, 0.0, 0.0, 0.0], [0.0, 0.0, 0.0, 0.0], [0.0, 0.0, 0.0, 0.0], [0.0, 0.0, 0.0, 0.0], [0.0, 0.0, 0.0, 0.0], [0.0, 0.0, 0.0, 0.0], [0.0, 0.0, 0.0, 0.0], [0.0, 0.0, 0.0, 0.0]]]}