{"Arena": [5.0, 25.0, 0.0, 50.0, 4.0], "Effectors": [[0.02889430097819778, 0.0, 0.02889430097819778, 0.0, 1.0, 0.002, 1.0, 0.0, 0.3333333333333333, 0.09, 0.05, 0.001], [0.0384381453931176, 0.0, 0.0384381453931176, 0.0, 0.0, 1.3333333333333333e-05, 1.0, 0.0005, 0.3333333333333333, 0.001, 0.07692307692307693, 0.001], [0.0242454168130715, 0.0, 0.0242454168130715, 0.0, 0.0, 1.3333333333333333e-05, 1.0, 0.0005, 0.3333333333333333, 0.001, 0.07692307692307693, 0.001], [0.024729407865474635, 0.0, 0.024729407865474635, 0.0, 0.0, 1.3333333333333333e-05, 1.0, 0.0005, 0.3333333333333333, 0.001, 0.07692307692307693, 0.001]], "Targets": [[0.0642411735555735, 0.0, 0.502828065629209, 0.0], [0.07199033345351054, 0.0, 0.43240280510967183, 0.0], [0.09542626006605542, 0.0, 0.4627721954554706, 0.0], [0.09447630669506636, 0.0, 0.4918948121617519, 0.0], [0.05542436181631682, 0.0, 0.42792877735926316, 0.0], [0.09143730599125673, 0.0, 0.5380452910988046, 0.0], [0.09977025918859395, 0.0, 0.3810054247745753, 0.0], [0.06549380069914269, 0.0, 0.6361428922015038, 0.0]], "Opportunities": [[[0.6979168918050787, 0.0, 0.0, 1.0], [0.6414605553738507, 0.0, 0.0, 1.0], [0.460973608720196, 0.0, 0.0, 1.0], [0.4900719184489198, 0.0, 0.0, 1.0], [0.6749565836933751, 0.0, 0.0, 1.0], [0.5108434461050343, 0.0, 0.0, 1.0], [0.42476559123612306, 0.0, 0.0, 1.0], [0.5516781936195944, 0.0, 0.0, 1.0]], [[0.42743784129642887, 2.48030281624559e-05, 0.025836487669224896, 1.0], [0.45456209541719644, 3.255218806039294e-05, 0.033908529229575976, 1.0], [0.576484286204067, 5.5988114672937826e-05, 0.05832095278431023, 1.0], [0.5848987859587651, 5.503816130194876e-05, 0.0573314180228633, 1.0], [0.4759019786869172, 1.5986216423199216e-05, 0.01665230877416585, 1.0], [0.542266490443867, 5.1999160598139125e-05, 0.05416579228972826, 1.0], [0.4388302392531688, 6.033211379547634e-05, 0.06284595187028787, 1.0], [0.5616682473942578, 2.605565530602509e-05, 0.027141307610442804, 1.0]], [[0.6457105285211344, 3.8995756742502e-05, 0.04062057994010625, 1.0], [0.6057600052982878, 4.6744916640439034e-05, 0.04869262150045733, 1.0], [0.4118471210167215, 7.018084325298391e-05, 0.07310504505519158, 1.0], [0.48533360551740357, 6.923088988199486e-05, 0.07211551029374465, 1.0], [0.5769232551923308, 3.0178945003245315e-05, 0.031436401045047205, 1.0], [0.5959382362259766, 6.619188917818523e-05, 0.0689498845606096, 1.0], [0.5225977194919474, 7.452484237552244e-05, 0.07763004414116921, 1.0], [0.4065924464292292, 4.024838388607119e-05, 0.041925399881324155, 1.0]], [[0.5566548016315662, 3.8511765690098874e-05, 0.04011642259385299, 1.0], [0.463065537546469, 4.6260925588035904e-05, 0.04818846415420407, 1.0], [0.5785224664561718, 6.969685220058079e-05, 0.07260088770893833, 1.0], [0.5159045796381789, 6.874689882959172e-05, 0.0716113529474914, 1.0], [0.5478618493881393, 2.9694953950842182e-05, 0.03093224369879394, 1.0], [0.4335545993913352, 6.570789812578209e-05, 0.06844572721435635, 1.0], [0.4538269697583861, 7.404085132311932e-05, 0.07712588679491596, 1.0], [0.49250796715301887, 3.976439283366806e-05, 0.0414212425350709, 1.0]]]}