{"Arena": [5.0, 25.0, 0.0, 50.0, 4.0], "Effectors": [[0.03684888207087292, 0.0, 0.03684888207087292, 0.0, 1.0, 0.002, 1.0, 0.0, 0.3333333333333333, 0.09, 0.05, 0.001], [0.04605988562856891, 0.0, 0.04605988562856891, 0.0, 0.0, 1.3333333333333333e-05, 1.0, 0.0005, 0.3333333333333333, 0.001, 0.07692307692307693, 0.001], [0.04533596185708938, 0.0, 0.04533596185708938, 0.0, 0.0, 1.6666666666666667e-06, 1.0, 4e-05, 0.3333333333333333, 0.0015, 0.5, 0.001], [0.012470226837252942, 0.0, 0.012470226837252942, 0.0, 0.0, 1.6666666666666667e-06, 1.0, 4e-05, 0.3333333333333333, 0.0015, 0.5, 0.001]], "Targets": [[0.08800958240875155, 0.0, 0.3890708372361157, 0.0], [0.08960317861572406, 0.0, 0.4274428366013192, 0.0], [0.09853711354683799, 0.0, 0.5510343188490142, 0.0], [0.05663398446829373, 0.0, 0.5505224622998307, 0.0], [0.09059249988523803, 0.0, 0.5298257223164565, 0.0], [0.08846724119269488, 0.0, 0.5296125699841975, 0.0], [0.09163885495997229, 0.0, 0.6143245680806668, 0.0], [0.09882439936840383, 0.0, 0.4485302336870308, 0.0]], "Opportunities": [[[0.6787183151424577, 0.0, 0.0, 1.0], [0.5540203376099812, 0.0, 0.0, 1.0], [0.6089526690189531, 0.0, 0.0, 1.0], [0.40539509033889704, 0.0, 0.0, 1.0], [0.6995029699753562, 0.0, 0.0, 1.0], [0.6013197926835162, 0.0, 0.0, 1.0], [0.6025882953014456, 0.0, 0.0, 1.0], [0.6142909436194036, 0.0, 0.0, 1.0]], [[0.5920560342658111, 4.094969678018264e-05, 0.04265593414602359, 1.0], [0.4140568300351324, 4.2543292987155156e-05, 0.044315930194953286, 1.0], [0.4449793043788364, 5.147722791826908e-05, 0.05362211241486363, 1.0], [0.6717163389282338, 9.574098839724821e-06, 0.009973019624713355, 1.0], [0.6920652590829668, 4.353261425666912e-05, 0.04534647318403034, 1.0], [0.6519330999935504, 4.140735556412597e-05, 0.043132662045964554, 1.0], [0.688949738188871, 4.457896933140338e-05, 0.046436426386878525, 1.0], [0.6506742045615126, 5.176451373983492e-05, 0.05392136847899471, 1.0]], [[0.0, 0.0, 0.0, 0.0], [0.0, 0.0, 0.0, 0.0], [0.0, 0.0, 0.0, 0.0], [0.6117453729198499, 9.79802261120435e-06, 0.08165018842670291, 1.0], [0.0, 0.0, 0.0, 0.0], [0.0, 0.0, 0.0, 0.0], [0.0, 0.0, 0.0, 0.0], [0.0, 0.0, 0.0, 0.0]], [[0.0, 0.0, 0.0, 0.0], [0.0, 0.0, 0.0, 0.0], [0.0, 0.0, 0.0, 0.0], [0.0, 0.0, 0.0, 0.0], [0.0, 0.0, 0.0, 0.0], [0.0, 0.0, 0.0, 0.0], [0.0, 0.0, 0.0, 0.0], [0.0, 0.0, 0.0, 0.0]]]}