{"Arena": [5.0, 25.0, 0.0, 50.0, 4.0], "Effectors": [[0.019867634219019607, 0.0, 0.019867634219019607, 0.0, 0.0, 1.3333333333333333e-05, 1.0, 0.0005, 0.3333333333333333, 0.001, 0.07692307692307693, 0.001], [0.013399681861538885, 0.0, 0.013399681861538885, 0.0, 0.0, 1.3333333333333333e-05, 1.0, 0.0005, 0.3333333333333333, 0.001, 0.07692307692307693, 0.001], [0.03418326157470059, 0.0, 0.03418326157470059, 0.0, 0.0, 1.3333333333333333e-05, 1.0, 0.0005, 0.3333333333333333, 0.001, 0.07692307692307693, 0.001], [0.034750905040731375, 0.0, 0.034750905040731375, 0.0, 0.0, 1.3333333333333333e-05, 1.0, 0.0005, 0.3333333333333333, 0.001, 0.07692307692307693, 0.001]], "Targets": [[0.05278214298290054, 0.0, 0.5779625177116244, 0.0], [0.052814835350351017, 0.0, 0.4448993202508119, 0.0], [0.06296636187813157, 0.0, 0.6005735203873335, 0.0], [0.08738289329835569, 0.0, 0.6101599318328925, 0.0], [0.0897481788758134, 0.0, 0.4830849187473454, 0.0], [0.08626892165945106, 0.0, 0.5148039919267688, 0.0], [0.06557527414514092, 0.0, 0.6022796648616071, 0.0], [0.07379805908379336, 0.0, 0.4166251018950533, 0.0]], "Opportunities": [[[0.41390748927512533, 3.191450876388094e-05, 0.03324427996237598, 1.0], [0.5620168293133059, 3.1947201131331416e-05, 0.03327833451180356, 1.0], [0.5760786476063338, 4.2098727659111964e-05, 0.043852841311574964, 1.0], [0.6775008477486084, 6.651525907933609e-05, 0.06928672820764176, 1.0], [0.4329331321071692, 6.88805446567938e-05, 0.07175056735082688, 1.0], [0.6371350298761405, 6.540128744043146e-05, 0.06812634108378277, 1.0], [0.6123885328836123, 4.4707639926121313e-05, 0.04657045825637637, 1.0], [0.66146889434226, 5.293042486477376e-05, 0.05513585923413933, 1.0]], [[0.6736723830920269, 3.8382461121361655e-05, 0.039981730334751726, 1.0], [0.5790304159463224, 3.841515348881213e-05, 0.040015784884179305, 1.0], [0.5503958660351592, 4.856668001659268e-05, 0.05059029168395071, 1.0], [0.5923464515901098, 7.29832114368168e-05, 0.0760241785800175, 1.0], [0.44497746681079337, 7.534849701427451e-05, 0.07848801772320262, 1.0], [0.5401937118121685, 7.186923979791218e-05, 0.07486379145615853, 1.0], [0.6409582963870183, 5.117559228360203e-05, 0.053307908628752114, 1.0], [0.40113549537675625, 5.939837722225447e-05, 0.06187330960651508, 1.0]], [[0.5787156831848805, 1.759888140819995e-05, 0.018332168133541615, 1.0], [0.49722681664278934, 1.7631573775650423e-05, 0.018366222682969193, 1.0], [0.6018681518577023, 2.7783100303430975e-05, 0.0289407294827406, 1.0], [0.5964505709356472, 5.2199631723655096e-05, 0.054374616378807396, 1.0], [0.5902087741022746, 5.4564917301112816e-05, 0.056838455521992515, 1.0], [0.6829768317246054, 5.108566008475047e-05, 0.053214229254948404, 1.0], [0.45815144780498723, 3.0392012570440324e-05, 0.031658346427542006, 1.0], [0.6432142732022581, 3.861479750909277e-05, 0.04022374740530497, 1.0]], [[0.5314807264582938, 1.7031237942169165e-05, 0.017740872856426216, 1.0], [0.4121516401826823, 1.706393030961964e-05, 0.017774927405853794, 1.0], [0.40463332526001455, 2.721545683740019e-05, 0.028349434205625197, 1.0], [0.4659505715589398, 5.1631988257624316e-05, 0.053783321101692, 1.0], [0.4080428328885952, 5.399727383508203e-05, 0.056247160244877116, 1.0], [0.5825004912125014, 5.0518016618719686e-05, 0.052622933977833006, 1.0], [0.4945805002378575, 2.982436910440954e-05, 0.031067051150426604, 1.0], [0.436224599452823, 3.804715404306199e-05, 0.03963245212818957, 1.0]]]}