{"Arena": [5.0, 25.0, 0.0, 50.0, 4.0], "Effectors": [[0.0474561437259883, 0.0, 0.0474561437259883, 0.0, 0.0, 1.3333333333333333e-05, 1.0, 0.0005, 0.3333333333333333, 0.001, 0.07692307692307693, 0.001], [0.025041812114867577, 0.0, 0.025041812114867577, 0.0, 0.0, 1.3333333333333333e-05, 1.0, 0.0005, 0.3333333333333333, 0.001, 0.07692307692307693, 0.001], [0.020572352834982044, 0.0, 0.020572352834982044, 0.0, 0.0, 1.3333333333333333e-05, 1.0, 0.0005, 0.3333333333333333, 0.001, 0.07692307692307693, 0.001], [0.03153145324650597, 0.0, 0.03153145324650597, 0.0, 0.0, 1.3333333333333333e-05, 1.0, 0.0005, 0.3333333333333333, 0.001, 0.07692307692307693, 0.001]], "Targets": [[0.05531802539371593, 0.0, 0.6038142317598982, 0.0], [0.06543682090118179, 0.0, 0.5444548838012442, 0.0], [0.07569972973967426, 0.0, 0.41584282642850146, 0.0], [0.06048128831389471, 0.0, 0.592475699419604, 0.0], [0.07029304876538629, 0.0, 0.4141873182006505, 0.0], [0.05090272066109332, 0.0, 0.6336449237816392, 0.0], [0.07406580428610815, 0.0, 0.540388591760039, 0.0], [0.06299438711909261, 0.0, 0.5761896939418002, 0.0]], "Opportunities": [[[0.6376211256334974, 6.861881667727624e-06, 0.007147793403882942, 1.0], [0.6888999299676999, 1.6980677175193483e-05, 0.017688205390826547, 1.0], [0.5748349943950725, 2.7243586013685955e-05, 0.028378735430922872, 1.0], [0.5016257856172519, 1.2025144587906405e-05, 0.012526192279069173, 1.0], [0.4725756628091153, 2.183690503939799e-05, 0.022746776082706237, 1.0], [0.63652172069417, 2.446576935105014e-06, 0.0025485176407343897, 1.0], [0.574632887899222, 2.5609660560119846e-05, 0.02667672975012484, 1.0], [0.4882507887793708, 1.4538243393104306e-05, 0.015144003534483651, 1.0]], [[0.6732846286808964, 2.927621327884835e-05, 0.030496055498800367, 1.0], [0.47201786806043416, 3.939500878631421e-05, 0.04103646748574397, 1.0], [0.6680001280324152, 4.965791762480668e-05, 0.05172699752584029, 1.0], [0.5239290016409531, 3.443947619902713e-05, 0.0358744543739866, 1.0], [0.6598175149411709, 4.4251236650518714e-05, 0.046095038177623664, 1.0], [0.6398572326005622, 2.486090854622574e-05, 0.025896779735651812, 1.0], [0.5102107697908729, 4.8023992171240576e-05, 0.05002499184504226, 1.0], [0.46866360378335614, 3.6952575004225035e-05, 0.03849226562940108, 1.0]], [[0.5394070655070227, 3.374567255873388e-05, 0.03515174224868113, 1.0], [0.5622534159107199, 4.3864468066199744e-05, 0.045692154235624734, 1.0], [0.6171045069803403, 5.4127376904692215e-05, 0.05638268427572106, 1.0], [0.6750729405727445, 3.8908935478912664e-05, 0.04053014112386736, 1.0], [0.6515954688801425, 4.872069593040425e-05, 0.050750724927504424, 1.0], [0.5235230411972159, 2.9330367826111273e-05, 0.030552466485532576, 1.0], [0.47664971868309325, 5.249345145112611e-05, 0.05468067859492303, 1.0], [0.680616367769924, 4.142203428411057e-05, 0.04314795237928184, 1.0]], [[0.6405854786215793, 2.278657214720996e-05, 0.023736012653343706, 1.0], [0.5693998034490378, 3.290536765467582e-05, 0.03427642464028731, 1.0], [0.6259824800644269, 4.316827649316829e-05, 0.044966954680383635, 1.0], [0.4030422275917734, 2.794983506738874e-05, 0.02911441152852994, 1.0], [0.4350431231458246, 3.776159551888032e-05, 0.03933499533216701, 1.0], [0.4986835356215064, 1.8371267414587348e-05, 0.019136736890195155, 1.0], [0.4990364616808749, 4.153435103960218e-05, 0.043264948999585606, 1.0], [0.4594796235596506, 3.046293387258664e-05, 0.03173222278394442, 1.0]]]}