{"Arena": [5.0, 25.0, 0.0, 50.0, 4.0], "Effectors": [[0.013805590877970255, 0.0, 0.013805590877970255, 0.0, 0.0, 1.3333333333333333e-05, 1.0, 0.0005, 0.3333333333333333, 0.001, 0.07692307692307693, 0.001], [0.010504052671901257, 0.0, 0.010504052671901257, 0.0, 0.0, 1.3333333333333333e-05, 1.0, 0.0005, 0.3333333333333333, 0.001, 0.07692307692307693, 0.001], [0.03167902040222507, 0.0, 0.03167902040222507, 0.0, 0.0, 1.6666666666666667e-06, 1.0, 4e-05, 0.3333333333333333, 0.0015, 0.5, 0.001], [0.04921471361956441, 0.0, 0.04921471361956441, 0.0, 0.0, 1.6666666666666667e-06, 1.0, 4e-05, 0.3333333333333333, 0.0015, 0.5, 0.001]], "Targets": [[0.08909639433365456, 0.0, 0.3547368370910876, 0.0], [0.0561966776290731, 0.0, 0.612681337810373, 0.0], [0.097250000058188, 0.0, 0.37745818283367405, 0.0], [0.08662357057802021, 0.0, 0.42840075855679505, 0.0], [0.06433382834274436, 0.0, 0.3689885618204505, 0.0], [0.06829447724170226, 0.0, 0.6232714680144384, 0.0], [0.06209623505584772, 0.0, 0.598722797262121, 0.0], [0.05334713767013071, 0.0, 0.517527051609528, 0.0]], "Opportunities": [[[0.5529402188524634, 7.42908034556843e-05, 0.07738625359967115, 1.0], [0.5357949961292876, 4.139108675110284e-05, 0.043115715365732124, 1.0], [0.4947689601747103, 8.244440918021774e-05, 0.08587959289606015, 1.0], [0.650303855035473, 7.181797970004995e-05, 0.07481039552088536, 1.0], [0.6954429617119563, 4.95282374647741e-05, 0.05159191402580635, 1.0], [0.5412250316140674, 5.3488886363732004e-05, 0.055717589962220836, 1.0], [0.624568016394257, 4.729064417787747e-05, 0.049261087685289036, 1.0], [0.547400374327489, 3.854154679216046e-05, 0.04014744457516715, 1.0]], [[0.47738159948158004, 7.75923416617533e-05, 0.08082535589765968, 1.0], [0.615384084865955, 4.469262495717184e-05, 0.04655481766372067, 1.0], [0.5909604728708924, 8.574594738628674e-05, 0.0893186951940487, 1.0], [0.5543848623243162, 7.511951790611896e-05, 0.07824949781887391, 1.0], [0.520968655422037, 5.28297756708431e-05, 0.055031016323794896, 1.0], [0.49252303097789984, 5.6790424569801005e-05, 0.05915669226020938, 1.0], [0.630602588368504, 5.0592182383946466e-05, 0.05270018998327757, 1.0], [0.6212517221354557, 4.1843084998229455e-05, 0.043586546873155683, 1.0]], [[0.0, 0.0, 0.0, 0.0], [0.0, 0.0, 0.0, 0.0], [0.0, 0.0, 0.0, 0.0], [0.0, 0.0, 0.0, 0.0], [0.0, 0.0, 0.0, 0.0], [0.0, 0.0, 0.0, 0.0], [0.0, 0.0, 0.0, 0.0], [0.0, 0.0, 0.0, 0.0]], [[0.0, 0.0, 0.0, 0.0], [0.483956800651766, 5.481964009508693e-06, 0.045683033412572446, 1.0], [0.0, 0.0, 0.0, 0.0], [0.0, 0.0, 0.0, 0.0], [0.40586286349809003, 1.361911472317995e-05, 0.11349262269316625, 1.0], [0.6046281427200384, 1.7579763622137852e-05, 0.14649803018448213, 1.0], [0.42639331659754387, 1.1381521436283315e-05, 0.09484601196902763, 1.0], [0.5657842326797047, 2.6324240505663036e-06, 0.021936867088052533, 1.0]]]}