{"Arena": [5.0, 25.0, 0.0, 50.0, 4.0], "Effectors": [[0.0325599972906754, 0.0, 0.0325599972906754, 0.0, 0.0, 1.3333333333333333e-05, 1.0, 0.0005, 0.3333333333333333, 0.001, 0.07692307692307693, 0.001], [0.02312410391053643, 0.0, 0.02312410391053643, 0.0, 0.0, 1.6666666666666667e-06, 1.0, 4e-05, 0.3333333333333333, 0.0015, 0.5, 0.001], [0.03357494484192834, 0.0, 0.03357494484192834, 0.0, 0.0, 1.6666666666666667e-06, 1.0, 4e-05, 0.3333333333333333, 0.0015, 0.5, 0.001], [0.01907703173149876, 0.0, 0.01907703173149876, 0.0, 0.0, 1.6666666666666667e-06, 1.0, 4e-05, 0.3333333333333333, 0.0015, 0.5, 0.001]], "Targets": [[0.07914252646344329, 0.0, 0.586508823621419, 0.0], [0.08325032853768073, 0.0, 0.6213564596875506, 0.0], [0.060858747947262835, 0.0, 0.4602129984847101, 0.0], [0.08368827077660435, 0.0, 0.6171877562545226, 0.0], [0.08656609649027351, 0.0, 0.640992881496932, 0.0], [0.0960150309380032, 0.0, 0.6403940653777991, 0.0], [0.08833052865925956, 0.0, 0.3607012707658365, 0.0], [0.07196524254570195, 0.0, 0.6424976611869148, 0.0]], "Opportunities": [[[0.6624664974839465, 4.5582529172767886e-05, 0.047481801221633216, 1.0], [0.5572541640335438, 4.969033124700533e-05, 0.05176076171563056, 1.0], [0.40374424435614553, 2.7298750656587435e-05, 0.02843619860061191, 1.0], [0.4590547788940867, 5.012827348592894e-05, 0.05221695154784265, 1.0], [0.4135648375257738, 5.300609919959811e-05, 0.055214686666248035, 1.0], [0.4512446711857656, 6.24550336473278e-05, 0.06505732671596645, 1.0], [0.6182885243838273, 5.4770531368584156e-05, 0.05705263684227516, 1.0], [0.4415118918658037, 3.8405245255026556e-05, 0.04000546380731933, 1.0]], [[0.0, 0.0, 0.0, 0.0], [0.0, 0.0, 0.0, 0.0], [0.0, 0.0, 0.0, 0.0], [0.0, 0.0, 0.0, 0.0], [0.0, 0.0, 0.0, 0.0], [0.0, 0.0, 0.0, 0.0], [0.0, 0.0, 0.0, 0.0], [0.0, 0.0, 0.0, 0.0]], [[0.0, 0.0, 0.0, 0.0], [0.0, 0.0, 0.0, 0.0], [0.0, 0.0, 0.0, 0.0], [0.0, 0.0, 0.0, 0.0], [0.0, 0.0, 0.0, 0.0], [0.0, 0.0, 0.0, 0.0], [0.0, 0.0, 0.0, 0.0], [0.0, 0.0, 0.0, 0.0]], [[0.0, 0.0, 0.0, 0.0], [0.0, 0.0, 0.0, 0.0], [0.0, 0.0, 0.0, 0.0], [0.0, 0.0, 0.0, 0.0], [0.0, 0.0, 0.0, 0.0], [0.0, 0.0, 0.0, 0.0], [0.0, 0.0, 0.0, 0.0], [0.0, 0.0, 0.0, 0.0]]]}