{"Arena": [5.0, 25.0, 0.0, 50.0, 4.0], "Effectors": [[0.01929584164482477, 0.0, 0.01929584164482477, 0.0, 1.0, 0.002, 1.0, 0.0, 0.3333333333333333, 0.09, 0.05, 0.001], [0.022217521814922352, 0.0, 0.022217521814922352, 0.0, 1.0, 0.002, 1.0, 0.0, 0.3333333333333333, 0.09, 0.05, 0.001], [0.03289569212495705, 0.0, 0.03289569212495705, 0.0, 1.0, 0.002, 1.0, 0.0, 0.3333333333333333, 0.09, 0.05, 0.001], [0.03222953845290306, 0.0, 0.03222953845290306, 0.0, 0.0, 1.3333333333333333e-05, 1.0, 0.0005, 0.3333333333333333, 0.001, 0.07692307692307693, 0.001]], "Targets": [[0.08654226490140268, 0.0, 0.6382274637410981, 0.0], [0.07146161427049404, 0.0, 0.6058572738647634, 0.0], [0.07539977704057699, 0.0, 0.4992419406545561, 0.0], [0.07721923937944357, 0.0, 0.41330910212308397, 0.0], [0.0658572785059141, 0.0, 0.4812454341319051, 0.0], [0.0765111091060609, 0.0, 0.634918613119761, 0.0], [0.06836096496251562, 0.0, 0.5704359627661826, 0.0], [0.06159690220503893, 0.0, 0.6328359005711786, 0.0]], "Opportunities": [[[0.4883452908100512, 0.0, 0.0, 1.0], [0.4352504472054912, 0.0, 0.0, 1.0], [0.6777728151513389, 0.0, 0.0, 1.0], [0.6406451899474233, 0.0, 0.0, 1.0], [0.5413989509026584, 0.0, 0.0, 1.0], [0.49739115507437676, 0.0, 0.0, 1.0], [0.5852610947534788, 0.0, 0.0, 1.0], [0.4645388064003303, 0.0, 0.0, 1.0]], [[0.4794875087524135, 0.0, 0.0, 1.0], [0.668556488545085, 0.0, 0.0, 1.0], [0.6070231425354063, 0.0, 0.0, 1.0], [0.5895572012205919, 0.0, 0.0, 1.0], [0.6745678262769479, 0.0, 0.0, 1.0], [0.4315821535763512, 0.0, 0.0, 1.0], [0.6056152968881218, 0.0, 0.0, 1.0], [0.6591176147984178, 0.0, 0.0, 1.0]], [[0.6485589759393025, 0.0, 0.0, 1.0], [0.42148296138126984, 0.0, 0.0, 1.0], [0.44909517893307355, 0.0, 0.0, 1.0], [0.4256282907152726, 0.0, 0.0, 1.0], [0.41891339751402545, 0.0, 0.0, 1.0], [0.4006978898657365, 0.0, 0.0, 1.0], [0.4956674948659443, 0.0, 0.0, 1.0], [0.6688053586718221, 0.0, 0.0, 1.0]], [[0.6660798049725293, 5.331272644849962e-05, 0.05553409005052044, 1.0], [0.46703852666578016, 3.823207581759098e-05, 0.03982507897665727, 1.0], [0.4825820026387593, 4.217023858767393e-05, 0.04392733186216034, 1.0], [0.47086098058087894, 4.398970092654051e-05, 0.045822605131813035, 1.0], [0.6813875662876118, 3.262774005301104e-05, 0.033987229221886496, 1.0], [0.41805161380468914, 4.3281570653157846e-05, 0.04508496943037276, 1.0], [0.41305635912519445, 3.513142650961256e-05, 0.036595235947513086, 1.0], [0.442802809188425, 2.8367363752135876e-05, 0.029549337241808204, 1.0]]]}