{"Arena": [5.0, 25.0, 0.0, 50.0, 4.0], "Effectors": [[0.03007214732366735, 0.0, 0.03007214732366735, 0.0, 1.0, 0.002, 1.0, 0.0, 0.3333333333333333, 0.09, 0.05, 0.001], [0.010187867701072708, 0.0, 0.010187867701072708, 0.0, 0.0, 1.3333333333333333e-05, 1.0, 0.0005, 0.3333333333333333, 0.001, 0.07692307692307693, 0.001], [0.042290315893480535, 0.0, 0.042290315893480535, 0.0, 0.0, 1.3333333333333333e-05, 1.0, 0.0005, 0.3333333333333333, 0.001, 0.07692307692307693, 0.001], [0.027951590147767595, 0.0, 0.027951590147767595, 0.0, 0.0, 1.3333333333333333e-05, 1.0, 0.0005, 0.3333333333333333, 0.001, 0.07692307692307693, 0.001]], "Targets": [[0.06498624400284489, 0.0, 0.3615813832151852, 0.0], [0.0571290495501126, 0.0, 0.4749481948761088, 0.0], [0.08271634356260082, 0.0, 0.35074307521953485, 0.0], [0.06465409179544919, 0.0, 0.609275749540841, 0.0], [0.05126700444294447, 0.0, 0.41650344927504646, 0.0], [0.07459248926875538, 0.0, 0.36958171579243676, 0.0], [0.09203507039667239, 0.0, 0.42541721612256284, 0.0], [0.05290580478523911, 0.0, 0.5451262095725639, 0.0]], "Opportunities": [[[0.5401658398818212, 0.0, 0.0, 1.0], [0.6103876712573093, 0.0, 0.0, 1.0], [0.49280164068830973, 0.0, 0.0, 1.0], [0.515708027444171, 0.0, 0.0, 1.0], [0.5531203090151247, 0.0, 0.0, 1.0], [0.407965436909185, 0.0, 0.0, 1.0], [0.6752064221520961, 0.0, 0.0, 1.0], [0.6104836572084291, 0.0, 0.0, 1.0]], [[0.5251315015032864, 5.379837630177218e-05, 0.05603997531434602, 1.0], [0.6377673006463427, 4.5941181849039895e-05, 0.04785539775941656, 1.0], [0.4105198173261126, 7.152847586152812e-05, 0.07450882902242513, 1.0], [0.45927167976612515, 5.346622409437648e-05, 0.05569398343164217, 1.0], [0.4282798318653326, 4.007913674187176e-05, 0.041749100772783085, 1.0], [0.42119973588849596, 6.340462156768268e-05, 0.06604648079966946, 1.0], [0.6549122512531099, 8.084720269559968e-05, 0.08421583614124967, 1.0], [0.5740093074478985, 4.17179370841664e-05, 0.04345618446267333, 1.0]], [[0.5534813198205247, 2.1695928109364354e-05, 0.022599925113921202, 1.0], [0.48810912642571846, 1.3838733656632067e-05, 0.014415347558991737, 1.0], [0.6442041728402522, 3.942602766912029e-05, 0.0410687788220003, 1.0], [0.6892517801618581, 2.1363775901968653e-05, 0.022253933231217347, 1.0], [0.6503345552234534, 7.976688549463935e-06, 0.008309050572358267, 1.0], [0.6574619042389258, 3.130217337527484e-05, 0.032606430599244625, 1.0], [0.5199796144139042, 4.874475450319185e-05, 0.050775785940824845, 1.0], [0.6475131636168219, 9.615488891758576e-06, 0.010016134262248516, 1.0]], [[0.48165753723184124, 3.6034653855077294e-05, 0.03753609776570552, 1.0], [0.6547824149727433, 2.8177459402345007e-05, 0.02935152021077605, 1.0], [0.6561703188829333, 5.376475341483323e-05, 0.05600495147378461, 1.0], [0.6781146863746395, 3.57025016476816e-05, 0.03719010588300166, 1.0], [0.43014171897018877, 2.2315414295176875e-05, 0.02324522322414258, 1.0], [0.697436940423243, 4.564089912098778e-05, 0.04754260325102894, 1.0], [0.42655886724239134, 6.308348024890479e-05, 0.06571195859260916, 1.0], [0.5791623633323475, 2.3954214637471514e-05, 0.02495230691403283, 1.0]]]}