{"Arena": [5.0, 25.0, 0.0, 50.0, 4.0], "Effectors": [[0.041751892736583814, 0.0, 0.041751892736583814, 0.0, 1.0, 0.002, 1.0, 0.0, 0.3333333333333333, 0.09, 0.05, 0.001], [0.034093232539406416, 0.0, 0.034093232539406416, 0.0, 0.0, 1.3333333333333333e-05, 1.0, 0.0005, 0.3333333333333333, 0.001, 0.07692307692307693, 0.001], [0.01705716625225582, 0.0, 0.01705716625225582, 0.0, 0.0, 1.3333333333333333e-05, 1.0, 0.0005, 0.3333333333333333, 0.001, 0.07692307692307693, 0.001], [0.018009529785185465, 0.0, 0.018009529785185465, 0.0, 0.0, 1.3333333333333333e-05, 1.0, 0.0005, 0.3333333333333333, 0.001, 0.07692307692307693, 0.001]], "Targets": [[0.08506331179351435, 0.0, 0.4504415491751612, 0.0], [0.06591200474429323, 0.0, 0.41711769688984424, 0.0], [0.08775029088689042, 0.0, 0.6318110227176914, 0.0], [0.09676065676209697, 0.0, 0.5201748528143056, 0.0], [0.05286804711383494, 0.0, 0.3899382478124099, 0.0], [0.06461278296589738, 0.0, 0.40334380894491056, 0.0], [0.07422397147494263, 0.0, 0.35847811605772834, 0.0], [0.09829648412664822, 0.0, 0.5854227473731861, 0.0]], "Opportunities": [[[0.5793884381294819, 0.0, 0.0, 1.0], [0.5947843210356818, 0.0, 0.0, 1.0], [0.6567633227778997, 0.0, 0.0, 1.0], [0.45526663420673963, 0.0, 0.0, 1.0], [0.4987795420667313, 0.0, 0.0, 1.0], [0.5516716434168649, 0.0, 0.0, 1.0], [0.611661057929577, 0.0, 0.0, 1.0], [0.6939323326612966, 0.0, 0.0, 1.0]], [[0.5669884067058455, 4.997007925410794e-05, 0.052052165889695766, 1.0], [0.5278677348329229, 3.0818772204886815e-05, 0.03210288771342377, 1.0], [0.4929369710001074, 5.2657058347484004e-05, 0.054851102445295834, 1.0], [0.675970144139423, 6.166742422269056e-05, 0.06423690023196933, 1.0], [0.4683097582944819, 1.7774814574428525e-05, 0.01851543184836305, 1.0], [0.5724801843010433, 2.9519550426490966e-05, 0.030749531694261423, 1.0], [0.6541360484307694, 3.913073893553621e-05, 0.040761186391183556, 1.0], [0.5971340291594078, 6.32032515872418e-05, 0.06583672040337687, 1.0]], [[0.45844058723387726, 6.700614554125853e-05, 0.0697980682721443, 1.0], [0.6799643702004747, 4.785483849203741e-05, 0.04984879009587231, 1.0], [0.612890576014903, 6.969312463463459e-05, 0.07259700482774437, 1.0], [0.4061747874918674, 7.870349050984115e-05, 0.08198280261441787, 1.0], [0.6548148687577143, 3.4810880861579126e-05, 0.036261334230811584, 1.0], [0.6499328956804791, 4.6555616713641564e-05, 0.04849543407670996, 1.0], [0.6549420191388833, 5.616680522268681e-05, 0.058507088773632095, 1.0], [0.4811289627563815, 8.023931787439239e-05, 0.08358262278582541, 1.0]], [[0.6994536281945054, 6.605378200832889e-05, 0.06880602292534259, 1.0], [0.43522078972754596, 4.690247495910777e-05, 0.04885674474907059, 1.0], [0.5918320479774233, 6.874076110170494e-05, 0.07160495948094266, 1.0], [0.49624135389180246, 7.77511269769115e-05, 0.08099075726761615, 1.0], [0.5658536829560846, 3.3858517328649476e-05, 0.03526928888400987, 1.0], [0.5274181040003538, 4.5603253180711913e-05, 0.047503388729908246, 1.0], [0.5802241775595909, 5.521444168975716e-05, 0.05751504342683037, 1.0], [0.5790590171115245, 7.928695434146276e-05, 0.0825905774390237, 1.0]]]}