{"Arena": [5.0, 25.0, 0.0, 50.0, 4.0], "Effectors": [[0.033872874736604684, 0.0, 0.033872874736604684, 0.0, 1.0, 0.002, 1.0, 0.0, 0.3333333333333333, 0.09, 0.05, 0.001], [0.03233780779970524, 0.0, 0.03233780779970524, 0.0, 1.0, 0.002, 1.0, 0.0, 0.3333333333333333, 0.09, 0.05, 0.001], [0.032623207639812746, 0.0, 0.032623207639812746, 0.0, 1.0, 0.002, 1.0, 0.0, 0.3333333333333333, 0.09, 0.05, 0.001], [0.030606627540801786, 0.0, 0.030606627540801786, 0.0, 1.0, 0.002, 1.0, 0.0, 0.3333333333333333, 0.09, 0.05, 0.001]], "Targets": [[0.05858477914085465, 0.0, 0.5652839436211422, 0.0], [0.06131485514543018, 0.0, 0.6064545307028146, 0.0], [0.08367170206649947, 0.0, 0.5967970787994075, 0.0], [0.09948239831725761, 0.0, 0.6035926263841378, 0.0], [0.07760424156488224, 0.0, 0.5421654096483773, 0.0], [0.052538411914369164, 0.0, 0.4805577612480739, 0.0], [0.07725676333200886, 0.0, 0.4296687624376445, 0.0], [0.09329792181721674, 0.0, 0.6025406599071856, 0.0]], "Opportunities": [[[0.49567328069106587, 0.0, 0.0, 1.0], [0.42820024871864426, 0.0, 0.0, 1.0], [0.5600001088923608, 0.0, 0.0, 1.0], [0.5449326531125102, 0.0, 0.0, 1.0], [0.5163242904890301, 0.0, 0.0, 1.0], [0.5270230505884831, 0.0, 0.0, 1.0], [0.401262688451332, 0.0, 0.0, 1.0], [0.4578994538644072, 0.0, 0.0, 1.0]], [[0.43147392554979097, 0.0, 0.0, 1.0], [0.4974573889876001, 0.0, 0.0, 1.0], [0.6515875930867675, 0.0, 0.0, 1.0], [0.5828464812722811, 0.0, 0.0, 1.0], [0.4140420546445565, 0.0, 0.0, 1.0], [0.653989594567729, 0.0, 0.0, 1.0], [0.44822365645148404, 0.0, 0.0, 1.0], [0.5849883594406678, 0.0, 0.0, 1.0]], [[0.5044420441982322, 0.0, 0.0, 1.0], [0.4044509442909848, 0.0, 0.0, 1.0], [0.6612618118656863, 0.0, 0.0, 1.0], [0.6030224100700625, 0.0, 0.0, 1.0], [0.6409562024464543, 0.0, 0.0, 1.0], [0.6821295787502271, 0.0, 0.0, 1.0], [0.649853711737015, 0.0, 0.0, 1.0], [0.40943466191989614, 0.0, 0.0, 1.0]], [[0.5824318756171766, 0.0, 0.0, 1.0], [0.45480336399816, 0.0, 0.0, 1.0], [0.6705890730494588, 0.0, 0.0, 1.0], [0.5870177025283368, 0.0, 0.0, 1.0], [0.5351273370800678, 0.0, 0.0, 1.0], [0.5400256911433268, 0.0, 0.0, 1.0], [0.5720396434960796, 0.0, 0.0, 1.0], [0.4393757017617955, 0.0, 0.0, 1.0]]]}