{"Arena": [5.0, 25.0, 0.0, 50.0, 4.0], "Effectors": [[0.02393393883324318, 0.0, 0.02393393883324318, 0.0, 1.0, 0.002, 1.0, 0.0, 0.3333333333333333, 0.09, 0.05, 0.001], [0.045937813656280135, 0.0, 0.045937813656280135, 0.0, 0.0, 1.3333333333333333e-05, 1.0, 0.0005, 0.3333333333333333, 0.001, 0.07692307692307693, 0.001], [0.044285823518748726, 0.0, 0.044285823518748726, 0.0, 0.0, 1.6666666666666667e-06, 1.0, 4e-05, 0.3333333333333333, 0.0015, 0.5, 0.001], [0.030791382721007374, 0.0, 0.030791382721007374, 0.0, 0.0, 1.6666666666666667e-06, 1.0, 4e-05, 0.3333333333333333, 0.0015, 0.5, 0.001]], "Targets": [[0.08578514859567346, 0.0, 0.4920916981094877, 0.0], [0.08774210168270889, 0.0, 0.41048963713640235, 0.0], [0.05696059516197329, 0.0, 0.49840034849294784, 0.0], [0.07796001938462203, 0.0, 0.40028608494456963, 0.0], [0.05556257495815585, 0.0, 0.5722619347846851, 0.0], [0.08913158249427519, 0.0, 0.35553508101316406, 0.0], [0.09743448655311686, 0.0, 0.3809215822821816, 0.0], [0.07568316951264291, 0.0, 0.6194045580183931, 0.0]], "Opportunities": [[[0.6378788338384462, 0.0, 0.0, 1.0], [0.5642643357718627, 0.0, 0.0, 1.0], [0.6992223405605928, 0.0, 0.0, 1.0], [0.40631474659680294, 0.0, 0.0, 1.0], [0.41064736608124114, 0.0, 0.0, 1.0], [0.40839932630307396, 0.0, 0.0, 1.0], [0.47900740005601716, 0.0, 0.0, 1.0], [0.6084514982050442, 0.0, 0.0, 1.0]], [[0.559708329822158, 3.884733493939333e-05, 0.04046597389520138, 1.0], [0.6117447317611707, 4.0804288026428755e-05, 0.04250446669419662, 1.0], [0.4531042578224156, 1.0022781505693155e-05, 0.010440397401763704, 1.0], [0.46475191176616626, 3.1022205728341896e-05, 0.032314797633689475, 1.0], [0.4965781389798202, 8.624761301875714e-06, 0.008984126356120536, 1.0], [0.6933923617948597, 4.219376883799505e-05, 0.043951842539578186, 1.0], [0.6107981391590454, 5.049667289683673e-05, 0.05260070093420492, 1.0], [0.48916395532309714, 2.8745355856362772e-05, 0.029943079017044554, 1.0]], [[0.0, 0.0, 0.0, 0.0], [0.0, 0.0, 0.0, 0.0], [0.5311322247977608, 1.1174771643224566e-05, 0.09312309702687138, 1.0], [0.0, 0.0, 0.0, 0.0], [0.47015667188167415, 9.776751439407124e-06, 0.08147292866172604, 1.0], [0.0, 0.0, 0.0, 0.0], [0.0, 0.0, 0.0, 0.0], [0.0, 0.0, 0.0, 0.0]], [[0.0, 0.0, 0.0, 0.0], [0.0, 0.0, 0.0, 0.0], [0.0, 0.0, 0.0, 0.0], [0.0, 0.0, 0.0, 0.0], [0.0, 0.0, 0.0, 0.0], [0.0, 0.0, 0.0, 0.0], [0.0, 0.0, 0.0, 0.0], [0.0, 0.0, 0.0, 0.0]]]}