{"Arena": [5.0, 25.0, 0.0, 50.0, 4.0], "Effectors": [[0.03732208443091569, 0.0, 0.03732208443091569, 0.0, 0.0, 1.3333333333333333e-05, 1.0, 0.0005, 0.3333333333333333, 0.001, 0.07692307692307693, 0.001], [0.01572434745828517, 0.0, 0.01572434745828517, 0.0, 0.0, 1.3333333333333333e-05, 1.0, 0.0005, 0.3333333333333333, 0.001, 0.07692307692307693, 0.001], [0.01977327202746006, 0.0, 0.01977327202746006, 0.0, 0.0, 1.6666666666666667e-06, 1.0, 4e-05, 0.3333333333333333, 0.0015, 0.5, 0.001], [0.04875251077923152, 0.0, 0.04875251077923152, 0.0, 0.0, 1.6666666666666667e-06, 1.0, 4e-05, 0.3333333333333333, 0.0015, 0.5, 0.001]], "Targets": [[0.05589653164076411, 0.0, 0.5130133670103165, 0.0], [0.09085508968048359, 0.0, 0.5193663449363718, 0.0], [0.0510396365327275, 0.0, 0.4476577113022444, 0.0], [0.05122880151667583, 0.0, 0.40333792468818075, 0.0], [0.07115283737696686, 0.0, 0.5653230207400038, 0.0], [0.0865177191238033, 0.0, 0.5041276886945274, 0.0], [0.07864958107704781, 0.0, 0.5038980254265125, 0.0], [0.08088041103353728, 0.0, 0.47498790596361584, 0.0]], "Opportunities": [[[0.569948620277171, 1.7574447209848416e-05, 0.0183067158435921, 1.0], [0.6007556734903035, 5.25330052495679e-05, 0.05472188046829989, 1.0], [0.6475387135374999, 1.2717552101811809e-05, 0.013247450106053969, 1.0], [0.6358861997966283, 1.290671708576014e-05, 0.01344449696433348, 1.0], [0.6271360157763515, 3.2830752946051166e-05, 0.03419870098546997, 1.0], [0.4160790896659645, 4.8195634692887604e-05, 0.050203786138424585, 1.0], [0.5076527714624866, 4.032749664613212e-05, 0.04200780900638763, 1.0], [0.4117482975980011, 4.255832660262159e-05, 0.04433159021106416, 1.0]], [[0.4255113033315406, 3.917218418247894e-05, 0.04080435852341556, 1.0], [0.5213023678256141, 7.413074222219841e-05, 0.07721952314812335, 1.0], [0.43741382115325234, 3.431528907444233e-05, 0.035745092785877425, 1.0], [0.5384894581189646, 3.450445405839066e-05, 0.035942139644156934, 1.0], [0.45929864711490254, 5.442848991868168e-05, 0.05669634366529342, 1.0], [0.6691565717292438, 6.979337166551812e-05, 0.07270142881824804, 1.0], [0.6382350501741371, 6.192523361876264e-05, 0.06450545168621108, 1.0], [0.47908324791019835, 6.41560635752521e-05, 0.06682923289088762, 1.0]], [[0.0, 0.0, 0.0, 0.0], [0.0, 0.0, 0.0, 0.0], [0.0, 0.0, 0.0, 0.0], [0.0, 0.0, 0.0, 0.0], [0.0, 0.0, 0.0, 0.0], [0.0, 0.0, 0.0, 0.0], [0.0, 0.0, 0.0, 0.0], [0.0, 0.0, 0.0, 0.0]], [[0.4206871854673063, 5.64402086153259e-06, 0.04703350717943825, 1.0], [0.0, 0.0, 0.0, 0.0], [0.6350792825698598, 7.871257534959818e-07, 0.006559381279133182, 1.0], [0.6383702716003585, 9.76290737444313e-07, 0.008135756145369275, 1.0], [0.0, 0.0, 0.0, 0.0], [0.0, 0.0, 0.0, 0.0], [0.0, 0.0, 0.0, 0.0], [0.0, 0.0, 0.0, 0.0]]]}