{"Arena": [5.0, 25.0, 0.0, 50.0, 4.0], "Effectors": [[0.018202020905246526, 0.0, 0.018202020905246526, 0.0, 1.0, 0.002, 1.0, 0.0, 0.3333333333333333, 0.09, 0.05, 0.001], [0.04071308188395933, 0.0, 0.04071308188395933, 0.0, 1.0, 0.002, 1.0, 0.0, 0.3333333333333333, 0.09, 0.05, 0.001], [0.02569739829201602, 0.0, 0.02569739829201602, 0.0, 1.0, 0.002, 1.0, 0.0, 0.3333333333333333, 0.09, 0.05, 0.001], [0.03212633346919686, 0.0, 0.03212633346919686, 0.0, 0.0, 1.3333333333333333e-05, 1.0, 0.0005, 0.3333333333333333, 0.001, 0.07692307692307693, 0.001]], "Targets": [[0.06211649795960517, 0.0, 0.4592847127944316, 0.0], [0.08722006995198686, 0.0, 0.6453826860747283, 0.0], [0.07430062753273813, 0.0, 0.435813852736243, 0.0], [0.09555044846120286, 0.0, 0.6282757084052286, 0.0], [0.056322660809697264, 0.0, 0.4071998958675274, 0.0], [0.09898122131063476, 0.0, 0.5865284025801104, 0.0], [0.08932799552211312, 0.0, 0.5053945724280675, 0.0], [0.05352185184799206, 0.0, 0.571617128351152, 0.0]], "Opportunities": [[[0.43011115037259173, 0.0, 0.0, 1.0], [0.628824593473382, 0.0, 0.0, 1.0], [0.5274168667924133, 0.0, 0.0, 1.0], [0.4714402174448163, 0.0, 0.0, 1.0], [0.558265620004478, 0.0, 0.0, 1.0], [0.5612122942391069, 0.0, 0.0, 1.0], [0.5204361974074833, 0.0, 0.0, 1.0], [0.4131097697762468, 0.0, 0.0, 1.0]], [[0.6410787748978968, 0.0, 0.0, 1.0], [0.4539655653925353, 0.0, 0.0, 1.0], [0.5069928570682839, 0.0, 0.0, 1.0], [0.4190052344476658, 0.0, 0.0, 1.0], [0.5445048296645197, 0.0, 0.0, 1.0], [0.45992149227738016, 0.0, 0.0, 1.0], [0.40178597399722454, 0.0, 0.0, 1.0], [0.6257028373077375, 0.0, 0.0, 1.0]], [[0.5084799745191921, 0.0, 0.0, 1.0], [0.514326887609775, 0.0, 0.0, 1.0], [0.4821696917784893, 0.0, 0.0, 1.0], [0.4292029029898263, 0.0, 0.0, 1.0], [0.590736094738075, 0.0, 0.0, 1.0], [0.5434363624701986, 0.0, 0.0, 1.0], [0.6382344251263629, 0.0, 0.0, 1.0], [0.6525184734078479, 0.0, 0.0, 1.0]], [[0.40453329958423895, 2.899016449040831e-05, 0.030198088010841992, 1.0], [0.4776272252081353, 5.409373648279e-05, 0.056347642169572915, 1.0], [0.42412614963361506, 4.117429406354126e-05, 0.04288988964952215, 1.0], [0.438231884516556, 6.242411499200601e-05, 0.0650251197833396, 1.0], [0.5316793635209729, 2.31963273405004e-05, 0.02416284097968792, 1.0], [0.41300157132557935, 6.58548878414379e-05, 0.06859884150149781, 1.0], [0.6974222174815317, 5.620166205291626e-05, 0.05854339797178777, 1.0], [0.5949393917562644, 2.0395518378795198e-05, 0.02124533164457833, 1.0]]]}