{"Arena": [5.0, 25.0, 0.0, 50.0, 4.0], "Effectors": [[0.024387765180620156, 0.0, 0.024387765180620156, 0.0, 1.0, 0.002, 1.0, 0.0, 0.3333333333333333, 0.09, 0.05, 0.001], [0.027579237537909935, 0.0, 0.027579237537909935, 0.0, 0.0, 1.6666666666666667e-06, 1.0, 4e-05, 0.3333333333333333, 0.0015, 0.5, 0.001], [0.011574820014616521, 0.0, 0.011574820014616521, 0.0, 0.0, 1.6666666666666667e-06, 1.0, 4e-05, 0.3333333333333333, 0.0015, 0.5, 0.001], [0.038499307927381786, 0.0, 0.038499307927381786, 0.0, 0.0, 1.6666666666666667e-06, 1.0, 4e-05, 0.3333333333333333, 0.0015, 0.5, 0.001]], "Targets": [[0.08166556305502815, 0.0, 0.4291088843816102, 0.0], [0.06024875351392812, 0.0, 0.38271179714290465, 0.0], [0.07010999655982604, 0.0, 0.45865525016656006, 0.0], [0.06674929548802186, 0.0, 0.6466469031909897, 0.0], [0.07738885112510602, 0.0, 0.4516801987110747, 0.0], [0.07518344505302575, 0.0, 0.6277997187169382, 0.0], [0.0682149394921647, 0.0, 0.5394248656227459, 0.0], [0.07402234981100497, 0.0, 0.40468918325844405, 0.0]], "Opportunities": [[[0.4756914605678108, 0.0, 0.0, 1.0], [0.5469187290413616, 0.0, 0.0, 1.0], [0.6980941381946915, 0.0, 0.0, 1.0], [0.5648777044095442, 0.0, 0.0, 1.0], [0.5223213782298903, 0.0, 0.0, 1.0], [0.46005178954741316, 0.0, 0.0, 1.0], [0.47491400976108816, 0.0, 0.0, 1.0], [0.4650179722473246, 0.0, 0.0, 1.0]], [[0.0, 0.0, 0.0, 0.0], [0.0, 0.0, 0.0, 0.0], [0.0, 0.0, 0.0, 0.0], [0.0, 0.0, 0.0, 0.0], [0.0, 0.0, 0.0, 0.0], [0.0, 0.0, 0.0, 0.0], [0.0, 0.0, 0.0, 0.0], [0.0, 0.0, 0.0, 0.0]], [[0.0, 0.0, 0.0, 0.0], [0.0, 0.0, 0.0, 0.0], [0.0, 0.0, 0.0, 0.0], [0.0, 0.0, 0.0, 0.0], [0.0, 0.0, 0.0, 0.0], [0.0, 0.0, 0.0, 0.0], [0.0, 0.0, 0.0, 0.0], [0.0, 0.0, 0.0, 0.0]], [[0.0, 0.0, 0.0, 0.0], [0.0, 0.0, 0.0, 0.0], [0.0, 0.0, 0.0, 0.0], [0.0, 0.0, 0.0, 0.0], [0.0, 0.0, 0.0, 0.0], [0.0, 0.0, 0.0, 0.0], [0.0, 0.0, 0.0, 0.0], [0.0, 0.0, 0.0, 0.0]]]}