{"Arena": [5.0, 25.0, 0.0, 50.0, 4.0], "Effectors": [[0.012484904639006466, 0.0, 0.012484904639006466, 0.0, 1.0, 0.002, 1.0, 0.0, 0.3333333333333333, 0.09, 0.05, 0.001], [0.04410792572278823, 0.0, 0.04410792572278823, 0.0, 1.0, 0.002, 1.0, 0.0, 0.3333333333333333, 0.09, 0.05, 0.001], [0.04623508267335592, 0.0, 0.04623508267335592, 0.0, 1.0, 0.002, 1.0, 0.0, 0.3333333333333333, 0.09, 0.05, 0.001], [0.045886432341990115, 0.0, 0.045886432341990115, 0.0, 0.0, 1.3333333333333333e-05, 1.0, 0.0005, 0.3333333333333333, 0.001, 0.07692307692307693, 0.001]], "Targets": [[0.07311801038454917, 0.0, 0.5441477086864496, 0.0], [0.08410690293595212, 0.0, 0.5292073912475503, 0.0], [0.09791682860885585, 0.0, 0.4087724494136479, 0.0], [0.055746263984359584, 0.0, 0.4420666208078614, 0.0], [0.06100354602435905, 0.0, 0.39300220809583125, 0.0], [0.09816385859031931, 0.0, 0.3800171199256124, 0.0], [0.07829112345212721, 0.0, 0.536970123672221, 0.0], [0.0712072472265848, 0.0, 0.5439446250069955, 0.0]], "Opportunities": [[[0.6067060986451238, 0.0, 0.0, 1.0], [0.45467396460491416, 0.0, 0.0, 1.0], [0.4267815706214745, 0.0, 0.0, 1.0], [0.4163843025396842, 0.0, 0.0, 1.0], [0.4612881767730771, 0.0, 0.0, 1.0], [0.6212509689992585, 0.0, 0.0, 1.0], [0.44692892595059575, 0.0, 0.0, 1.0], [0.5759098830788899, 0.0, 0.0, 1.0]], [[0.5369217580375166, 0.0, 0.0, 1.0], [0.44634971309370597, 0.0, 0.0, 1.0], [0.46990880220476666, 0.0, 0.0, 1.0], [0.4230457705169252, 0.0, 0.0, 1.0], [0.6742119141885621, 0.0, 0.0, 1.0], [0.41513416307952833, 0.0, 0.0, 1.0], [0.6903193229714528, 0.0, 0.0, 1.0], [0.551586945021115, 0.0, 0.0, 1.0]], [[0.4129409856166112, 0.0, 0.0, 1.0], [0.5601863776405189, 0.0, 0.0, 1.0], [0.6351946782625895, 0.0, 0.0, 1.0], [0.6542738408035003, 0.0, 0.0, 1.0], [0.61327013043297, 0.0, 0.0, 1.0], [0.42926222273023307, 0.0, 0.0, 1.0], [0.6228908683276144, 0.0, 0.0, 1.0], [0.6438875756182698, 0.0, 0.0, 1.0]], [[0.6304907423893562, 2.6231578042559053e-05, 0.027324560460999014, 1.0], [0.6241564389058769, 3.7220470593962005e-05, 0.038771323535377086, 1.0], [0.4933246978671867, 5.103039626686574e-05, 0.05315666277798514, 1.0], [0.4158109068418616, 8.85983164236947e-06, 0.009228991294134863, 1.0], [0.4407346043829535, 1.4117113682368934e-05, 0.014705326752467638, 1.0], [0.5024525859257797, 5.12774262483292e-05, 0.05341398567534292, 1.0], [0.6242264132570419, 3.14046911101371e-05, 0.03271321990639281, 1.0], [0.4926555201425444, 2.432081488459468e-05, 0.02533418217145279, 1.0]]]}