{"Arena": [5.0, 25.0, 0.0, 50.0, 4.0], "Effectors": [[0.010910495841928295, 0.0, 0.010910495841928295, 0.0, 1.0, 0.002, 1.0, 0.0, 0.3333333333333333, 0.09, 0.05, 0.001], [0.04873194572583983, 0.0, 0.04873194572583983, 0.0, 1.0, 0.002, 1.0, 0.0, 0.3333333333333333, 0.09, 0.05, 0.001], [0.024347831084147443, 0.0, 0.024347831084147443, 0.0, 1.0, 0.002, 1.0, 0.0, 0.3333333333333333, 0.09, 0.05, 0.001], [0.017853247827826612, 0.0, 0.017853247827826612, 0.0, 0.0, 1.3333333333333333e-05, 1.0, 0.0005, 0.3333333333333333, 0.001, 0.07692307692307693, 0.001]], "Targets": [[0.0635943366382261, 0.0, 0.44169534456821286, 0.0], [0.05361589618789958, 0.0, 0.4129563910813796, 0.0], [0.08096540633869594, 0.0, 0.4580491334330881, 0.0], [0.09490205625215603, 0.0, 0.3804689441916207, 0.0], [0.05526341970084893, 0.0, 0.5752228515543392, 0.0], [0.07250135538125846, 0.0, 0.5975329927851737, 0.0], [0.0791478178168534, 0.0, 0.5585453976104664, 0.0], [0.05284167176913014, 0.0, 0.5158674990007117, 0.0]], "Opportunities": [[[0.49448838437120357, 0.0, 0.0, 1.0], [0.4860604190342734, 0.0, 0.0, 1.0], [0.4431907968038212, 0.0, 0.0, 1.0], [0.6416417606464154, 0.0, 0.0, 1.0], [0.5347591457011822, 0.0, 0.0, 1.0], [0.6552590914782235, 0.0, 0.0, 1.0], [0.6798875902988479, 0.0, 0.0, 1.0], [0.4359884742613278, 0.0, 0.0, 1.0]], [[0.6839442301578309, 0.0, 0.0, 1.0], [0.5201239665888816, 0.0, 0.0, 1.0], [0.4925098611671289, 0.0, 0.0, 1.0], [0.6672460519406691, 0.0, 0.0, 1.0], [0.6103197217069971, 0.0, 0.0, 1.0], [0.47658745635333105, 0.0, 0.0, 1.0], [0.5130385260202848, 0.0, 0.0, 1.0], [0.4372102433204434, 0.0, 0.0, 1.0]], [[0.6282211579959005, 0.0, 0.0, 1.0], [0.41870332967673785, 0.0, 0.0, 1.0], [0.46702874342927087, 0.0, 0.0, 1.0], [0.4137316190982979, 0.0, 0.0, 1.0], [0.4648685605379805, 0.0, 0.0, 1.0], [0.6751609050432514, 0.0, 0.0, 1.0], [0.6656687183850216, 0.0, 0.0, 1.0], [0.5333467488840693, 0.0, 0.0, 1.0]], [[0.6356470903178633, 4.474108881039948e-05, 0.04660530084416613, 1.0], [0.5968247927254064, 3.476264836007296e-05, 0.03621109204174267, 1.0], [0.6838508526251557, 6.211215851086932e-05, 0.06470016511548887, 1.0], [0.4152242051448995, 7.604880842432942e-05, 0.07921750877534314, 1.0], [0.6218810666307719, 3.641017187302231e-05, 0.03792726236773158, 1.0], [0.4831430341617552, 5.3648107553431844e-05, 0.055883445368158174, 1.0], [0.6963801455085614, 6.0294569989026785e-05, 0.06280684373856957, 1.0], [0.4210805971432044, 3.3988423941303524e-05, 0.035404608272191176, 1.0]]]}