{"Arena": [5.0, 25.0, 0.0, 50.0, 4.0], "Effectors": [[0.01250233851200413, 0.0, 0.01250233851200413, 0.0, 1.0, 0.002, 1.0, 0.0, 0.3333333333333333, 0.09, 0.05, 0.001], [0.04530205389002121, 0.0, 0.04530205389002121, 0.0, 0.0, 1.3333333333333333e-05, 1.0, 0.0005, 0.3333333333333333, 0.001, 0.07692307692307693, 0.001], [0.045996245810308964, 0.0, 0.045996245810308964, 0.0, 0.0, 1.3333333333333333e-05, 1.0, 0.0005, 0.3333333333333333, 0.001, 0.07692307692307693, 0.001], [0.017651047031623866, 0.0, 0.017651047031623866, 0.0, 0.0, 1.3333333333333333e-05, 1.0, 0.0005, 0.3333333333333333, 0.001, 0.07692307692307693, 0.001]], "Targets": [[0.05865251756904688, 0.0, 0.6038358903167913, 0.0], [0.09651560443154372, 0.0, 0.4779057261262497, 0.0], [0.05064290428189581, 0.0, 0.47600773395998963, 0.0], [0.07630636982326879, 0.0, 0.5532427106206816, 0.0], [0.0538303258608149, 0.0, 0.5109661207814808, 0.0], [0.09493323143214236, 0.0, 0.6147386719505155, 0.0], [0.0773259847805632, 0.0, 0.5977561365130368, 0.0], [0.09929802130147874, 0.0, 0.5142357490412494, 0.0]], "Opportunities": [[[0.585883980428322, 0.0, 0.0, 1.0], [0.5816892371491857, 0.0, 0.0, 1.0], [0.49975241886927535, 0.0, 0.0, 1.0], [0.6886266743415103, 0.0, 0.0, 1.0], [0.5281844739911232, 0.0, 0.0, 1.0], [0.4186058789400957, 0.0, 0.0, 1.0], [0.5479934982807717, 0.0, 0.0, 1.0], [0.44867789127290486, 0.0, 0.0, 1.0]], [[0.6556887525041264, 1.2350463679025668e-05, 0.012865066332318405, 1.0], [0.6265589031582888, 5.021355054152251e-05, 0.05230578181408595, 1.0], [0.530964751600412, 4.340850391874597e-06, 0.004521719158202705, 1.0], [0.622428950259923, 3.0004315933247573e-05, 0.03125449576379956, 1.0], [0.6813980634808652, 7.528271970793685e-06, 0.007841949969576757, 1.0], [0.5958866678505557, 4.8631177542121144e-05, 0.05065747660637619, 1.0], [0.4939749131778033, 3.102393089054199e-05, 0.0323165946776479, 1.0], [0.579300071946677, 5.299596741145753e-05, 0.055204132720268265, 1.0]], [[0.6588093070500229, 1.1656271758737916e-05, 0.01214194974868533, 1.0], [0.5350627631928728, 4.951935862123476e-05, 0.05158266523045287, 1.0], [0.5517570544764498, 3.646658471586844e-06, 0.003798602574569629, 1.0], [0.6979872071638142, 2.9310124012959822e-05, 0.03053137918016648, 1.0], [0.4798520911415687, 6.834080050505933e-06, 0.00711883338594368, 1.0], [0.6425044708830961, 4.793698562183339e-05, 0.04993436002274312, 1.0], [0.42126936845082635, 3.0329738970254234e-05, 0.031593478094014825, 1.0], [0.6718383408904514, 5.230177549116978e-05, 0.05448101613663519, 1.0]], [[0.5243123036412118, 4.0001470537423016e-05, 0.04166819847648231, 1.0], [0.4598137379452816, 7.786455739991985e-05, 0.08110891395824985, 1.0], [0.5865085076093884, 3.199185725027194e-05, 0.03332485130236661, 1.0], [0.46393435133208133, 5.765532279164492e-05, 0.06005762790796346, 1.0], [0.5134148352435984, 3.517927882919103e-05, 0.03664508211374066, 1.0], [0.5445987163898682, 7.628218440051848e-05, 0.07946060875054009, 1.0], [0.6026517407483651, 5.867493774893933e-05, 0.061119726821811805, 1.0], [0.6243586523424416, 8.064697426985487e-05, 0.08400726486443216, 1.0]]]}