{"Arena": [5.0, 25.0, 0.0, 50.0, 4.0], "Effectors": [[0.010384390619947448, 0.0, 0.010384390619947448, 0.0, 1.0, 0.002, 1.0, 0.0, 0.3333333333333333, 0.09, 0.05, 0.001], [0.04266546359248945, 0.0, 0.04266546359248945, 0.0, 1.0, 0.002, 1.0, 0.0, 0.3333333333333333, 0.09, 0.05, 0.001], [0.02288246632748518, 0.0, 0.02288246632748518, 0.0, 1.0, 0.002, 1.0, 0.0, 0.3333333333333333, 0.09, 0.05, 0.001], [0.012546326786041258, 0.0, 0.012546326786041258, 0.0, 0.0, 1.6666666666666667e-06, 1.0, 4e-05, 0.3333333333333333, 0.0015, 0.5, 0.001]], "Targets": [[0.09035515200585158, 0.0, 0.5311697473581036, 0.0], [0.06068746287534679, 0.0, 0.37164759475845677, 0.0], [0.08752988565642394, 0.0, 0.5403769673172696, 0.0], [0.054257963065612334, 0.0, 0.4601689756757894, 0.0], [0.05261558315031001, 0.0, 0.5372975646490045, 0.0], [0.0706436239139333, 0.0, 0.43238802686563166, 0.0], [0.070765653530084, 0.0, 0.43283339350133304, 0.0], [0.0911029207231527, 0.0, 0.3971347490277352, 0.0]], "Opportunities": [[[0.6939290056763214, 0.0, 0.0, 1.0], [0.437324366743995, 0.0, 0.0, 1.0], [0.5334726065551724, 0.0, 0.0, 1.0], [0.5807881081549977, 0.0, 0.0, 1.0], [0.5380458228321076, 0.0, 0.0, 1.0], [0.45076385099212035, 0.0, 0.0, 1.0], [0.4674681896949864, 0.0, 0.0, 1.0], [0.6867284053286431, 0.0, 0.0, 1.0]], [[0.489704993751771, 0.0, 0.0, 1.0], [0.4916917082315905, 0.0, 0.0, 1.0], [0.6646402648549167, 0.0, 0.0, 1.0], [0.5331516583737697, 0.0, 0.0, 1.0], [0.6648131549394155, 0.0, 0.0, 1.0], [0.4069174911082845, 0.0, 0.0, 1.0], [0.494371767579555, 0.0, 0.0, 1.0], [0.4452600922388406, 0.0, 0.0, 1.0]], [[0.4568450128193426, 0.0, 0.0, 1.0], [0.41821300003755113, 0.0, 0.0, 1.0], [0.5375537800953056, 0.0, 0.0, 1.0], [0.5791529668998526, 0.0, 0.0, 1.0], [0.5164726753774331, 0.0, 0.0, 1.0], [0.6922724429328492, 0.0, 0.0, 1.0], [0.5528357468480263, 0.0, 0.0, 1.0], [0.4474797169883847, 0.0, 0.0, 1.0]], [[0.0, 0.0, 0.0, 0.0], [0.0, 0.0, 0.0, 0.0], [0.0, 0.0, 0.0, 0.0], [0.0, 0.0, 0.0, 0.0], [0.0, 0.0, 0.0, 0.0], [0.0, 0.0, 0.0, 0.0], [0.0, 0.0, 0.0, 0.0], [0.0, 0.0, 0.0, 0.0]]]}