{"Arena": [5.0, 25.0, 0.0, 50.0, 4.0], "Effectors": [[0.03821569795898432, 0.0, 0.03821569795898432, 0.0, 1.0, 0.002, 1.0, 0.0, 0.3333333333333333, 0.09, 0.05, 0.001], [0.019573919536200562, 0.0, 0.019573919536200562, 0.0, 1.0, 0.002, 1.0, 0.0, 0.3333333333333333, 0.09, 0.05, 0.001], [0.032955879018915085, 0.0, 0.032955879018915085, 0.0, 1.0, 0.002, 1.0, 0.0, 0.3333333333333333, 0.09, 0.05, 0.001], [0.01121218797755279, 0.0, 0.01121218797755279, 0.0, 0.0, 1.3333333333333333e-05, 1.0, 0.0005, 0.3333333333333333, 0.001, 0.07692307692307693, 0.001]], "Targets": [[0.052143156587064116, 0.0, 0.40670356445005906, 0.0], [0.0666337363145521, 0.0, 0.5723846884339949, 0.0], [0.06649729197666175, 0.0, 0.42528660058821, 0.0], [0.09846756914092925, 0.0, 0.4381690988991893, 0.0], [0.09583385951842324, 0.0, 0.5593241043339233, 0.0], [0.08162760592495821, 0.0, 0.5187364508126724, 0.0], [0.08480166909172553, 0.0, 0.5428034414889551, 0.0], [0.08219808256518372, 0.0, 0.36721847016569603, 0.0]], "Opportunities": [[[0.4367240207901928, 0.0, 0.0, 1.0], [0.4697297985831619, 0.0, 0.0, 1.0], [0.6811632314262166, 0.0, 0.0, 1.0], [0.675733162868593, 0.0, 0.0, 1.0], [0.533932124473305, 0.0, 0.0, 1.0], [0.6867851829401883, 0.0, 0.0, 1.0], [0.6314037039518335, 0.0, 0.0, 1.0], [0.6251514464009191, 0.0, 0.0, 1.0]], [[0.5382533064575197, 0.0, 0.0, 1.0], [0.451520371831279, 0.0, 0.0, 1.0], [0.40351379915272234, 0.0, 0.0, 1.0], [0.5572791782246062, 0.0, 0.0, 1.0], [0.5199380527888453, 0.0, 0.0, 1.0], [0.5680725454957282, 0.0, 0.0, 1.0], [0.6817650945580231, 0.0, 0.0, 1.0], [0.40693347270404123, 0.0, 0.0, 1.0]], [[0.5741474354017692, 0.0, 0.0, 1.0], [0.450279353541338, 0.0, 0.0, 1.0], [0.6718574781458635, 0.0, 0.0, 1.0], [0.6631484521576128, 0.0, 0.0, 1.0], [0.401639953447899, 0.0, 0.0, 1.0], [0.4103121475584083, 0.0, 0.0, 1.0], [0.641918485740763, 0.0, 0.0, 1.0], [0.6681154833161365, 0.0, 0.0, 1.0]], [[0.554154330545696, 3.993096860951133e-05, 0.04159475896824097, 1.0], [0.5622580497264229, 5.442154833699932e-05, 0.05668911285104096, 1.0], [0.5972321021509702, 5.4285103999108966e-05, 0.056546983332405175, 1.0], [0.4458751413211499, 8.625538116337646e-05, 0.08984935537851714, 1.0], [0.42677006728392824, 8.362167154087046e-05, 0.0871059078550734, 1.0], [0.40339699614796926, 6.941541794740543e-05, 0.07230772702854732, 1.0], [0.4731681108794028, 7.258948111417274e-05, 0.07561404282726328, 1.0], [0.634051739004669, 6.998589458763094e-05, 0.07290197352878224, 1.0]]]}