{"Arena": [5.0, 25.0, 0.0, 50.0, 4.0], "Effectors": [[0.0367290292825418, 0.0, 0.0367290292825418, 0.0, 0.0, 1.3333333333333333e-05, 1.0, 0.0005, 0.3333333333333333, 0.001, 0.07692307692307693, 0.001], [0.03741752234420583, 0.0, 0.03741752234420583, 0.0, 0.0, 1.3333333333333333e-05, 1.0, 0.0005, 0.3333333333333333, 0.001, 0.07692307692307693, 0.001], [0.04080429904053633, 0.0, 0.04080429904053633, 0.0, 0.0, 1.3333333333333333e-05, 1.0, 0.0005, 0.3333333333333333, 0.001, 0.07692307692307693, 0.001], [0.02185767619418342, 0.0, 0.02185767619418342, 0.0, 0.0, 1.3333333333333333e-05, 1.0, 0.0005, 0.3333333333333333, 0.001, 0.07692307692307693, 0.001]], "Targets": [[0.08999544705400048, 0.0, 0.4333925984724897, 0.0], [0.06362934306242156, 0.0, 0.4859306876846559, 0.0], [0.08268373219726448, 0.0, 0.5582892884281994, 0.0], [0.09597130807472115, 0.0, 0.47333872653068615, 0.0], [0.07206287959377801, 0.0, 0.43960433497600426, 0.0], [0.06140767004637729, 0.0, 0.4544949335583384, 0.0], [0.055873810607944385, 0.0, 0.5467606364839861, 0.0], [0.08769350029621409, 0.0, 0.48890995691538675, 0.0]], "Opportunities": [[[0.6324451010396193, 5.226641777145868e-05, 0.05444418517860279, 1.0], [0.647043357047218, 2.590031377987976e-05, 0.026979493520708085, 1.0], [0.42941650516777996, 4.495470291472268e-05, 0.04682781553616946, 1.0], [0.5446351401086249, 5.8242278792179354e-05, 0.06066904040852016, 1.0], [0.6661523286324703, 3.433385031123621e-05, 0.03576442740753772, 1.0], [0.40083199621260773, 2.367864076383549e-05, 0.02466525079566197, 1.0], [0.5651892156128505, 1.8144781325402585e-05, 0.018900813880627695, 1.0], [0.46905584779264453, 4.996447101367229e-05, 0.052046323972575304, 1.0]], [[0.5774310787341436, 5.157792470979464e-05, 0.05372700490603609, 1.0], [0.6915551453636473, 2.5211820718215725e-05, 0.02626231324814138, 1.0], [0.48597101703717144, 4.426620985305865e-05, 0.046110635263602755, 1.0], [0.5745148684776346, 5.755378573051532e-05, 0.05995186013595346, 1.0], [0.6187606177572857, 3.364535724957218e-05, 0.03504724713497102, 1.0], [0.5743668087185888, 2.2990147702171456e-05, 0.023948070523095267, 1.0], [0.6625294629227948, 1.7456288263738553e-05, 0.01818363360806099, 1.0], [0.5219187561117181, 4.927597795200826e-05, 0.0513291437000086, 1.0]], [[0.6142374598296966, 4.819114801346414e-05, 0.05019911251402515, 1.0], [0.6825191373454083, 2.1825044021885226e-05, 0.022734420856130443, 1.0], [0.6542333082726551, 4.087943315672814e-05, 0.04258274287159182, 1.0], [0.5517018695872358, 5.4167009034184816e-05, 0.05642396774394252, 1.0], [0.6844815562457223, 3.0258580553241674e-05, 0.03151935474296008, 1.0], [0.5773421679223173, 1.9603371005840953e-05, 0.020420178131084328, 1.0], [0.43777831052871485, 1.4069511567408052e-05, 0.014655741216050053, 1.0], [0.6823479881934253, 4.588920125567775e-05, 0.047801251307997665, 1.0]], [[0.48638184875962176, 6.713777085981706e-05, 0.06993517797897611, 1.0], [0.4224997217144577, 4.077166686823814e-05, 0.0424704863210814, 1.0], [0.685349606857528, 5.982605600308106e-05, 0.06231880833654277, 1.0], [0.6271495917143489, 7.311363188053774e-05, 0.07616003320889347, 1.0], [0.4342041085727034, 4.920520339959459e-05, 0.05125542020791103, 1.0], [0.5444019038088729, 3.854999385219387e-05, 0.040156243596035285, 1.0], [0.571101154387186, 3.301613441376097e-05, 0.03439180668100101, 1.0], [0.566651197431838, 6.483582410203067e-05, 0.06753731677294862, 1.0]]]}