{"Arena": [5.0, 25.0, 0.0, 50.0, 4.0], "Effectors": [[0.01359545763997787, 0.0, 0.01359545763997787, 0.0, 0.0, 1.3333333333333333e-05, 1.0, 0.0005, 0.3333333333333333, 0.001, 0.07692307692307693, 0.001], [0.01395569527258255, 0.0, 0.01395569527258255, 0.0, 0.0, 1.3333333333333333e-05, 1.0, 0.0005, 0.3333333333333333, 0.001, 0.07692307692307693, 0.001], [0.02021340207512383, 0.0, 0.02021340207512383, 0.0, 0.0, 1.3333333333333333e-05, 1.0, 0.0005, 0.3333333333333333, 0.001, 0.07692307692307693, 0.001], [0.019668163152426674, 0.0, 0.019668163152426674, 0.0, 0.0, 1.6666666666666667e-06, 1.0, 4e-05, 0.3333333333333333, 0.0015, 0.5, 0.001]], "Targets": [[0.07999194475726334, 0.0, 0.5993912421590117, 0.0], [0.05063756433616352, 0.0, 0.6208884451264771, 0.0], [0.08224417826625668, 0.0, 0.46058758893842927, 0.0], [0.08429289964491612, 0.0, 0.5745918008913153, 0.0], [0.052451354949492004, 0.0, 0.40557679746179764, 0.0], [0.0667953183609802, 0.0, 0.6050686519635238, 0.0], [0.07533536953336911, 0.0, 0.4208200079144596, 0.0], [0.06887774461139282, 0.0, 0.45388737010879315, 0.0]], "Opportunities": [[[0.5899289796643006, 6.539648711728548e-05, 0.06812134074717237, 1.0], [0.6129965354845882, 3.604210669618565e-05, 0.03754386114186005, 1.0], [0.4268436667000459, 6.764872062627882e-05, 0.07046741731904044, 1.0], [0.5496371827677493, 6.969744200493826e-05, 0.07260150208847735, 1.0], [0.526223079859108, 3.7855897309514136e-05, 0.03943322636407723, 1.0], [0.6544998709988492, 5.219986072100233e-05, 0.05437485491771076, 1.0], [0.40980961588036124, 6.0739911893391245e-05, 0.06327074155561588, 1.0], [0.44927513656300805, 5.428228697141495e-05, 0.05654404892855724, 1.0]], [[0.5627984737419524, 6.50362494846808e-05, 0.06774609321320917, 1.0], [0.6901282618150713, 3.5681869063580966e-05, 0.03716861360789684, 1.0], [0.5733787475125086, 6.728848299367415e-05, 0.07009216978507724, 1.0], [0.47810064331837554, 6.933720437233358e-05, 0.07222625455451415, 1.0], [0.4487713174987705, 3.749565967690945e-05, 0.03905797883011401, 1.0], [0.4889929965162448, 5.1839623088397646e-05, 0.053999607383747546, 1.0], [0.6815099195424742, 6.037967426078656e-05, 0.06289549402165268, 1.0], [0.6076568191393048, 5.392204933881026e-05, 0.05616880139459403, 1.0]], [[0.5067422517911577, 5.877854268213951e-05, 0.06122764862722866, 1.0], [0.5212190587730741, 2.9424162261039686e-05, 0.03065016902191634, 1.0], [0.5765030561188059, 6.1030776191132855e-05, 0.06357372519909672, 1.0], [0.6132725979911263, 6.307949756979229e-05, 0.06570780996853365, 1.0], [0.5747846686108036, 3.1237952874368174e-05, 0.032539534244133514, 1.0], [0.6322280947440234, 4.558191628585637e-05, 0.04748116279776705, 1.0], [0.6316172379635805, 5.412196745824528e-05, 0.05637704943567217, 1.0], [0.5108197758863456, 4.7664342536268985e-05, 0.04965035680861353, 1.0]], [[0.0, 0.0, 0.0, 0.0], [0.0, 0.0, 0.0, 0.0], [0.0, 0.0, 0.0, 0.0], [0.0, 0.0, 0.0, 0.0], [0.0, 0.0, 0.0, 0.0], [0.0, 0.0, 0.0, 0.0], [0.0, 0.0, 0.0, 0.0], [0.0, 0.0, 0.0, 0.0]]]}