{"Arena": [5.0, 25.0, 0.0, 50.0, 4.0], "Effectors": [[0.016567923773688535, 0.0, 0.016567923773688535, 0.0, 1.0, 0.002, 1.0, 0.0, 0.3333333333333333, 0.09, 0.05, 0.001], [0.04262710926825855, 0.0, 0.04262710926825855, 0.0, 1.0, 0.002, 1.0, 0.0, 0.3333333333333333, 0.09, 0.05, 0.001], [0.03142586286495114, 0.0, 0.03142586286495114, 0.0, 1.0, 0.002, 1.0, 0.0, 0.3333333333333333, 0.09, 0.05, 0.001], [0.04862177766934297, 0.0, 0.04862177766934297, 0.0, 1.0, 0.002, 1.0, 0.0, 0.3333333333333333, 0.09, 0.05, 0.001]], "Targets": [[0.09223365560013567, 0.0, 0.4759141927870342, 0.0], [0.08133364872241765, 0.0, 0.5816796644619817, 0.0], [0.08582524662265005, 0.0, 0.4274708601569479, 0.0], [0.05702713928579784, 0.0, 0.37780907978645006, 0.0], [0.05024046000783254, 0.0, 0.47298978015491167, 0.0], [0.08995926052071417, 0.0, 0.5612395193307705, 0.0], [0.06832725113843027, 0.0, 0.5860770590522634, 0.0], [0.05726067674121325, 0.0, 0.5358305293138987, 0.0]], "Opportunities": [[[0.4958252222013653, 0.0, 0.0, 1.0], [0.40569744346391423, 0.0, 0.0, 1.0], [0.40207336800965393, 0.0, 0.0, 1.0], [0.5796066769134339, 0.0, 0.0, 1.0], [0.6672970972799745, 0.0, 0.0, 1.0], [0.4496917785281832, 0.0, 0.0, 1.0], [0.4821535810198324, 0.0, 0.0, 1.0], [0.6650880672528834, 0.0, 0.0, 1.0]], [[0.5804534008579566, 0.0, 0.0, 1.0], [0.49926833463084674, 0.0, 0.0, 1.0], [0.41509553461153176, 0.0, 0.0, 1.0], [0.4202402959777198, 0.0, 0.0, 1.0], [0.5879732745979175, 0.0, 0.0, 1.0], [0.5757222450685188, 0.0, 0.0, 1.0], [0.5408016799529247, 0.0, 0.0, 1.0], [0.6677388909217455, 0.0, 0.0, 1.0]], [[0.4094672525517293, 0.0, 0.0, 1.0], [0.658121757095919, 0.0, 0.0, 1.0], [0.530290224812123, 0.0, 0.0, 1.0], [0.605874826900956, 0.0, 0.0, 1.0], [0.5492683980301485, 0.0, 0.0, 1.0], [0.4445517177794298, 0.0, 0.0, 1.0], [0.48931066695235365, 0.0, 0.0, 1.0], [0.5486156027477636, 0.0, 0.0, 1.0]], [[0.568480360492945, 0.0, 0.0, 1.0], [0.6849708505292241, 0.0, 0.0, 1.0], [0.5061260338002445, 0.0, 0.0, 1.0], [0.4037674354587302, 0.0, 0.0, 1.0], [0.6225352318458365, 0.0, 0.0, 1.0], [0.4165918832261661, 0.0, 0.0, 1.0], [0.46044875244107725, 0.0, 0.0, 1.0], [0.46940213207198556, 0.0, 0.0, 1.0]]]}