{"Arena": [5.0, 25.0, 0.0, 50.0, 4.0], "Effectors": [[0.02928183149088875, 0.0, 0.02928183149088875, 0.0, 0.0, 1.3333333333333333e-05, 1.0, 0.0005, 0.3333333333333333, 0.001, 0.07692307692307693, 0.001], [0.02599822136433562, 0.0, 0.02599822136433562, 0.0, 0.0, 1.3333333333333333e-05, 1.0, 0.0005, 0.3333333333333333, 0.001, 0.07692307692307693, 0.001], [0.035752920957604004, 0.0, 0.035752920957604004, 0.0, 0.0, 1.3333333333333333e-05, 1.0, 0.0005, 0.3333333333333333, 0.001, 0.07692307692307693, 0.001], [0.02044397286557638, 0.0, 0.02044397286557638, 0.0, 0.0, 1.6666666666666667e-06, 1.0, 4e-05, 0.3333333333333333, 0.0015, 0.5, 0.001]], "Targets": [[0.08338560967789713, 0.0, 0.38577887168044234, 0.0], [0.08605555881692505, 0.0, 0.6369303062122249, 0.0], [0.057444058577838276, 0.0, 0.6306645057965259, 0.0], [0.09761799706912913, 0.0, 0.5008633241144524, 0.0], [0.060167132613575994, 0.0, 0.38287826559225635, 0.0], [0.09022882301420312, 0.0, 0.434239436773052, 0.0], [0.06499031413394367, 0.0, 0.6455868225262029, 0.0], [0.0723377664254604, 0.0, 0.5916946227731098, 0.0]], "Opportunities": [[[0.4972698600908869, 5.310377818700837e-05, 0.055316435611467055, 1.0], [0.5427810522404845, 5.577372732603629e-05, 0.0580976326312878, 1.0], [0.5385129008506945, 2.7162227086949524e-05, 0.028293986548905754, 1.0], [0.5343034281099535, 6.733616557824038e-05, 0.07014183914400039, 1.0], [0.5989513704335934, 2.9885301122687243e-05, 0.031130522002799213, 1.0], [0.6776621919858397, 5.994699152331437e-05, 0.062444782836785805, 1.0], [0.45015366113635336, 3.470848264305492e-05, 0.03615466941984887, 1.0], [0.45973402308664857, 4.2055934934571645e-05, 0.043808265556845465, 1.0]], [[0.5862692587348275, 5.638738831356151e-05, 0.058736862826626574, 1.0], [0.5272131025186186, 5.9057337452589425e-05, 0.06151805984644732, 1.0], [0.451458039588169, 3.0445837213502657e-05, 0.031714413764065266, 1.0], [0.6886737367979947, 7.061977570479351e-05, 0.07356226635915991, 1.0], [0.5169333558727893, 3.316891124924038e-05, 0.034550949217958725, 1.0], [0.5020355440994637, 6.32306016498675e-05, 0.06586521005194532, 1.0], [0.6308099009009844, 3.799209276960805e-05, 0.03957509663500838, 1.0], [0.6854315733408971, 4.533954506112478e-05, 0.04722869277200498, 1.0]], [[0.659775887757803, 4.663268872029312e-05, 0.048575717416972, 1.0], [0.5312476433862623, 4.930263785932104e-05, 0.05135691443679275, 1.0], [0.6150119045884197, 2.0691137620234272e-05, 0.0215532683544107, 1.0], [0.4431191953700208, 6.086507611152513e-05, 0.06340112094950534, 1.0], [0.5708930546677329, 2.341421165597199e-05, 0.024389803808304158, 1.0], [0.607468383169744, 5.347590205659912e-05, 0.05570406464229075, 1.0], [0.4878724109736292, 2.8237393176339665e-05, 0.02941395122535382, 1.0], [0.6308071399403284, 3.55848454678564e-05, 0.03706754736235041, 1.0]], [[0.0, 0.0, 0.0, 0.0], [0.0, 0.0, 0.0, 0.0], [0.0, 0.0, 0.0, 0.0], [0.0, 0.0, 0.0, 0.0], [0.0, 0.0, 0.0, 0.0], [0.0, 0.0, 0.0, 0.0], [0.0, 0.0, 0.0, 0.0], [0.0, 0.0, 0.0, 0.0]]]}