{"Arena": [5.0, 25.0, 0.0, 50.0, 4.0], "Effectors": [[0.038369693914986756, 0.0, 0.038369693914986756, 0.0, 1.0, 0.002, 1.0, 0.0, 0.3333333333333333, 0.09, 0.05, 0.001], [0.018892895140053736, 0.0, 0.018892895140053736, 0.0, 0.0, 1.3333333333333333e-05, 1.0, 0.0005, 0.3333333333333333, 0.001, 0.07692307692307693, 0.001], [0.01726881774775254, 0.0, 0.01726881774775254, 0.0, 0.0, 1.3333333333333333e-05, 1.0, 0.0005, 0.3333333333333333, 0.001, 0.07692307692307693, 0.001], [0.03910373923854204, 0.0, 0.03910373923854204, 0.0, 0.0, 1.6666666666666667e-06, 1.0, 4e-05, 0.3333333333333333, 0.0015, 0.5, 0.001]], "Targets": [[0.09988658001764213, 0.0, 0.6288971161479104, 0.0], [0.07547860522722377, 0.0, 0.48227268061160683, 0.0], [0.06014721082897294, 0.0, 0.6072349874044805, 0.0], [0.05781138947962621, 0.0, 0.6176100905034467, 0.0], [0.08132188757247029, 0.0, 0.5186096642336253, 0.0], [0.06944685331345478, 0.0, 0.45065254761230705, 0.0], [0.08532444121035136, 0.0, 0.5585064224084257, 0.0], [0.06420157704875329, 0.0, 0.37805808001532565, 0.0]], "Opportunities": [[[0.5030201779805489, 0.0, 0.0, 1.0], [0.5336266888476785, 0.0, 0.0, 1.0], [0.5161260354903437, 0.0, 0.0, 1.0], [0.48476535072795296, 0.0, 0.0, 1.0], [0.5658581318738458, 0.0, 0.0, 1.0], [0.6802707281747318, 0.0, 0.0, 1.0], [0.5041821690630305, 0.0, 0.0, 1.0], [0.6537470742929354, 0.0, 0.0, 1.0]], [[0.5975589249028455, 7.999368487758839e-05, 0.08332675508082124, 1.0], [0.40001248810994344, 5.558571008717003e-05, 0.057901781340802115, 1.0], [0.4613793311581364, 4.02543156889192e-05, 0.04193157884262417, 1.0], [0.6236422766456732, 3.7918494339572476e-05, 0.03949843160372133, 1.0], [0.474080365400702, 6.142899243241656e-05, 0.06398853378376725, 1.0], [0.6647403897187005, 4.955395817340104e-05, 0.051618706430626084, 1.0], [0.5410774443807342, 6.543154607029763e-05, 0.06815786048989336, 1.0], [0.6852661451402211, 4.430868190869955e-05, 0.0461548769882287, 1.0]], [[0.46195637027833447, 8.16177622698896e-05, 0.08501850236446833, 1.0], [0.5871540916858365, 5.720978747947123e-05, 0.0595935286244492, 1.0], [0.46587822800828393, 4.18783930812204e-05, 0.04362332612627125, 1.0], [0.41436065198805816, 3.954257173187367e-05, 0.04119017888736841, 1.0], [0.6015051191369817, 6.305306982471775e-05, 0.06568028106741433, 1.0], [0.5851049181803464, 5.117803556570224e-05, 0.05331045371427317, 1.0], [0.6059131213353608, 6.705562346259884e-05, 0.06984960777354045, 1.0], [0.6010712736513655, 4.593275930100075e-05, 0.04784662427187578, 1.0]], [[0.0, 0.0, 0.0, 0.0], [0.0, 0.0, 0.0, 0.0], [0.47161081811889666, 1.95434715904309e-05, 0.16286226325359082, 1.0], [0.5536496888778106, 1.7207650241084172e-05, 0.1433970853423681, 1.0], [0.0, 0.0, 0.0, 0.0], [0.0, 0.0, 0.0, 0.0], [0.0, 0.0, 0.0, 0.0], [0.0, 0.0, 0.0, 0.0]]]}