{"Arena": [5.0, 25.0, 0.0, 50.0, 4.0], "Effectors": [[0.03286078157458269, 0.0, 0.03286078157458269, 0.0, 0.0, 1.3333333333333333e-05, 1.0, 0.0005, 0.3333333333333333, 0.001, 0.07692307692307693, 0.001], [0.013030822820230558, 0.0, 0.013030822820230558, 0.0, 0.0, 1.3333333333333333e-05, 1.0, 0.0005, 0.3333333333333333, 0.001, 0.07692307692307693, 0.001], [0.03621089949366023, 0.0, 0.03621089949366023, 0.0, 0.0, 1.3333333333333333e-05, 1.0, 0.0005, 0.3333333333333333, 0.001, 0.07692307692307693, 0.001], [0.045471786689215095, 0.0, 0.045471786689215095, 0.0, 0.0, 1.3333333333333333e-05, 1.0, 0.0005, 0.3333333333333333, 0.001, 0.07692307692307693, 0.001]], "Targets": [[0.0566370687169265, 0.0, 0.4627761314069835, 0.0], [0.09198426035817048, 0.0, 0.4929903051603419, 0.0], [0.07133495112925917, 0.0, 0.5309945090917435, 0.0], [0.09896102827776102, 0.0, 0.41764238572110046, 0.0], [0.060713221715732416, 0.0, 0.5039167746611534, 0.0], [0.07298528171158632, 0.0, 0.4961829143836433, 0.0], [0.08949917308173483, 0.0, 0.46093991370697307, 0.0], [0.0716416525621522, 0.0, 0.3694604397480564, 0.0]], "Opportunities": [[[0.686777797211412, 2.277628714234381e-05, 0.023725299106608137, 1.0], [0.653468724501754, 5.812347878358779e-05, 0.06054529039957061, 1.0], [0.6966003928919752, 3.747416955467647e-05, 0.03903559328612133, 1.0], [0.4489653677065531, 6.510024670317832e-05, 0.06781275698247742, 1.0], [0.5424611958442982, 2.6852440141149723e-05, 0.02797129181369763, 1.0], [0.5310429377792087, 3.912450013700362e-05, 0.04075468764271211, 1.0], [0.5146627385953833, 5.5638391507152135e-05, 0.057956657819950144, 1.0], [0.5616412935866193, 3.778087098756951e-05, 0.03935507394538491, 1.0]], [[0.6667631933413418, 4.260624589669594e-05, 0.04438150614239161, 1.0], [0.5444235431791375, 7.795343753793991e-05, 0.08120149743535408, 1.0], [0.6084921811568355, 5.73041283090286e-05, 0.0596918003219048, 1.0], [0.491767562995273, 8.493020545753045e-05, 0.08846896401826089, 1.0], [0.48057193707765444, 4.668239889550185e-05, 0.0486274988494811, 1.0], [0.5043932539842741, 5.895445889135575e-05, 0.06141089467849558, 1.0], [0.5225681454998303, 7.546835026150427e-05, 0.07861286485573361, 1.0], [0.5727760880020347, 5.761082974192164e-05, 0.060011280981168376, 1.0]], [[0.46947572632711215, 1.9426169223266273e-05, 0.02023559294090237, 1.0], [0.5172801039688623, 5.477336086451025e-05, 0.057055584233864844, 1.0], [0.533134239129118, 3.4124051635598934e-05, 0.03554588712041556, 1.0], [0.4727700711046871, 6.175012878410078e-05, 0.06432305081677166, 1.0], [0.6358794328294776, 2.3502322222072188e-05, 0.02448158564799186, 1.0], [0.5929827466087223, 3.5774382217926085e-05, 0.03726498147700634, 1.0], [0.4556880110706291, 5.22882735880746e-05, 0.054466951654244374, 1.0], [0.5016880982083844, 3.443075306849197e-05, 0.035865367779679136, 1.0]], [[0.46956799299430174, 1.0165282027711408e-05, 0.010588835445532716, 1.0], [0.5053579518630925, 4.5512473668955384e-05, 0.04740882673849519, 1.0], [0.6315974887915042, 2.4863164440044073e-05, 0.025899129625045907, 1.0], [0.5457947648628783, 5.248924158854592e-05, 0.054676293321402, 1.0], [0.43705287721580977, 1.424143502651732e-05, 0.014834828152622208, 1.0], [0.5613092044048332, 2.651349502237122e-05, 0.02761822398163669, 1.0], [0.6809943690076874, 4.302738639251973e-05, 0.04482019415887473, 1.0], [0.6419330125736077, 2.5169865872937104e-05, 0.026218610284309486, 1.0]]]}