{"Arena": [5.0, 25.0, 0.0, 50.0, 4.0], "Effectors": [[0.04483025296236441, 0.0, 0.04483025296236441, 0.0, 1.0, 0.002, 1.0, 0.0, 0.3333333333333333, 0.09, 0.05, 0.001], [0.011005000315522161, 0.0, 0.011005000315522161, 0.0, 1.0, 0.002, 1.0, 0.0, 0.3333333333333333, 0.09, 0.05, 0.001], [0.01873221472336545, 0.0, 0.01873221472336545, 0.0, 1.0, 0.002, 1.0, 0.0, 0.3333333333333333, 0.09, 0.05, 0.001], [0.029464276967435074, 0.0, 0.029464276967435074, 0.0, 0.0, 1.6666666666666667e-06, 1.0, 4e-05, 0.3333333333333333, 0.0015, 0.5, 0.001]], "Targets": [[0.09782432287243312, 0.0, 0.46266955282994066, 0.0], [0.06894519237520286, 0.0, 0.3827193850441964, 0.0], [0.09685421498712819, 0.0, 0.43788304991107374, 0.0], [0.06121328250918632, 0.0, 0.524019744909582, 0.0], [0.05546238400810023, 0.0, 0.4970171637930991, 0.0], [0.09719587975737808, 0.0, 0.429907866258973, 0.0], [0.09524756263132021, 0.0, 0.5063749697830598, 0.0], [0.07224233194721273, 0.0, 0.60565744563046, 0.0]], "Opportunities": [[[0.5759271125184516, 0.0, 0.0, 1.0], [0.6702314428801173, 0.0, 0.0, 1.0], [0.4561800024241149, 0.0, 0.0, 1.0], [0.4089878474829859, 0.0, 0.0, 1.0], [0.5268884298377916, 0.0, 0.0, 1.0], [0.6011573201916295, 0.0, 0.0, 1.0], [0.4599840910209655, 0.0, 0.0, 1.0], [0.48102531054966524, 0.0, 0.0, 1.0]], [[0.56082348993826, 0.0, 0.0, 1.0], [0.6526132793860587, 0.0, 0.0, 1.0], [0.4889294677434317, 0.0, 0.0, 1.0], [0.6215603774004707, 0.0, 0.0, 1.0], [0.6812348915989814, 0.0, 0.0, 1.0], [0.5949086519192784, 0.0, 0.0, 1.0], [0.6080678516866578, 0.0, 0.0, 1.0], [0.6503768215592489, 0.0, 0.0, 1.0]], [[0.5501047983907635, 0.0, 0.0, 1.0], [0.4424241152210068, 0.0, 0.0, 1.0], [0.4507191709496985, 0.0, 0.0, 1.0], [0.4827641873299071, 0.0, 0.0, 1.0], [0.6654206914311889, 0.0, 0.0, 1.0], [0.5566477975441836, 0.0, 0.0, 1.0], [0.49202921664239707, 0.0, 0.0, 1.0], [0.43844269790423995, 0.0, 0.0, 1.0]], [[0.0, 0.0, 0.0, 0.0], [0.0, 0.0, 0.0, 0.0], [0.0, 0.0, 0.0, 0.0], [0.0, 0.0, 0.0, 0.0], [0.0, 0.0, 0.0, 0.0], [0.0, 0.0, 0.0, 0.0], [0.0, 0.0, 0.0, 0.0], [0.0, 0.0, 0.0, 0.0]]]}