{"Arena": [5.0, 25.0, 0.0, 50.0, 4.0], "Effectors": [[0.020485468734670075, 0.0, 0.020485468734670075, 0.0, 0.0, 1.3333333333333333e-05, 1.0, 0.0005, 0.3333333333333333, 0.001, 0.07692307692307693, 0.001], [0.028307439594532552, 0.0, 0.028307439594532552, 0.0, 0.0, 1.6666666666666667e-06, 1.0, 4e-05, 0.3333333333333333, 0.0015, 0.5, 0.001], [0.028840645242207478, 0.0, 0.028840645242207478, 0.0, 0.0, 1.6666666666666667e-06, 1.0, 4e-05, 0.3333333333333333, 0.0015, 0.5, 0.001], [0.02623129087610243, 0.0, 0.02623129087610243, 0.0, 0.0, 1.6666666666666667e-06, 1.0, 4e-05, 0.3333333333333333, 0.0015, 0.5, 0.001]], "Targets": [[0.05316212378934106, 0.0, 0.424910996442958, 0.0], [0.07441735341038946, 0.0, 0.4555596640680645, 0.0], [0.05257544813643941, 0.0, 0.5425974022939932, 0.0], [0.09210839417351681, 0.0, 0.6014202547140208, 0.0], [0.05874523055142069, 0.0, 0.591725627133268, 0.0], [0.05958426324600879, 0.0, 0.3512956450943148, 0.0], [0.08599451094068522, 0.0, 0.6282033520529604, 0.0], [0.05509626762177868, 0.0, 0.5858904172012888, 0.0]], "Opportunities": [[[0.43130119361686886, 3.167665505467099e-05, 0.032996515681948946, 1.0], [0.6357166318008688, 5.293188467571939e-05, 0.055137379870541035, 1.0], [0.4044863483940791, 3.1089979401769334e-05, 0.032385395210176394, 1.0], [0.5218670621789309, 7.062292543884675e-05, 0.07356554733213203, 1.0], [0.40645819112474163, 3.725976181675062e-05, 0.03881225189244856, 1.0], [0.5124497919238122, 3.809879451133871e-05, 0.039686244282644494, 1.0], [0.5183066140436897, 6.450904220601513e-05, 0.0671969189645991, 1.0], [0.6847292299817755, 3.3610798887108605e-05, 0.035011248840738134, 1.0]], [[0.0, 0.0, 0.0, 0.0], [0.0, 0.0, 0.0, 0.0], [0.0, 0.0, 0.0, 0.0], [0.0, 0.0, 0.0, 0.0], [0.0, 0.0, 0.0, 0.0], [0.0, 0.0, 0.0, 0.0], [0.0, 0.0, 0.0, 0.0], [0.0, 0.0, 0.0, 0.0]], [[0.0, 0.0, 0.0, 0.0], [0.0, 0.0, 0.0, 0.0], [0.0, 0.0, 0.0, 0.0], [0.0, 0.0, 0.0, 0.0], [0.0, 0.0, 0.0, 0.0], [0.0, 0.0, 0.0, 0.0], [0.0, 0.0, 0.0, 0.0], [0.0, 0.0, 0.0, 0.0]], [[0.0, 0.0, 0.0, 0.0], [0.0, 0.0, 0.0, 0.0], [0.0, 0.0, 0.0, 0.0], [0.0, 0.0, 0.0, 0.0], [0.0, 0.0, 0.0, 0.0], [0.0, 0.0, 0.0, 0.0], [0.0, 0.0, 0.0, 0.0], [0.0, 0.0, 0.0, 0.0]]]}