{"Arena": [5.0, 25.0, 0.0, 50.0, 4.0], "Effectors": [[0.0426295789461091, 0.0, 0.0426295789461091, 0.0, 1.0, 0.002, 1.0, 0.0, 0.3333333333333333, 0.09, 0.05, 0.001], [0.0391297582049928, 0.0, 0.0391297582049928, 0.0, 0.0, 1.3333333333333333e-05, 1.0, 0.0005, 0.3333333333333333, 0.001, 0.07692307692307693, 0.001], [0.0372851689032954, 0.0, 0.0372851689032954, 0.0, 0.0, 1.3333333333333333e-05, 1.0, 0.0005, 0.3333333333333333, 0.001, 0.07692307692307693, 0.001], [0.01260874877608886, 0.0, 0.01260874877608886, 0.0, 0.0, 1.6666666666666667e-06, 1.0, 4e-05, 0.3333333333333333, 0.0015, 0.5, 0.001]], "Targets": [[0.056690585577155846, 0.0, 0.5169984387993743, 0.0], [0.08703669175520284, 0.0, 0.3763763785053003, 0.0], [0.09278674482390567, 0.0, 0.5478840986016401, 0.0], [0.09886289800294165, 0.0, 0.6361611856421052, 0.0], [0.05354928999666591, 0.0, 0.46668279820688763, 0.0], [0.09130043259078724, 0.0, 0.43641554238341795, 0.0], [0.07217256033945477, 0.0, 0.48359543047967235, 0.0], [0.060181933378332574, 0.0, 0.5224811629247557, 0.0]], "Opportunities": [[[0.6168287930963051, 0.0, 0.0, 1.0], [0.6776305210139377, 0.0, 0.0, 1.0], [0.5037714317637626, 0.0, 0.0, 1.0], [0.4618816675813796, 0.0, 0.0, 1.0], [0.48599820680207423, 0.0, 0.0, 1.0], [0.5768062437507232, 0.0, 0.0, 1.0], [0.5767410742075305, 0.0, 0.0, 1.0], [0.6594675476497585, 0.0, 0.0, 1.0]], [[0.6476607450681809, 1.6560827372163044e-05, 0.01725086184600317, 1.0], [0.423667054850249, 4.6906933550210044e-05, 0.04886138911480213, 1.0], [0.5477008017620408, 5.265698661891287e-05, 0.05485102772803424, 1.0], [0.47599656665922985, 5.8733139797948853e-05, 0.06118035395619672, 1.0], [0.5056907923408213, 1.3419531791673107e-05, 0.013978678949659488, 1.0], [0.4511404718112964, 5.117067438579444e-05, 0.053302785818535876, 1.0], [0.4432071442227906, 3.2042802134461964e-05, 0.03337791889006455, 1.0], [0.5556163014050712, 2.0052175173339773e-05, 0.02088768247222893, 1.0]], [[0.5456867182497556, 1.8405416673860448e-05, 0.0191723090352713, 1.0], [0.47237727180844846, 4.875152285190745e-05, 0.05078283630407026, 1.0], [0.5058221139886913, 5.450157592061027e-05, 0.05677247491730237, 1.0], [0.4661198106321669, 6.057772909964626e-05, 0.06310180114546485, 1.0], [0.5512586369893392, 1.526412109337051e-05, 0.015900126138927616, 1.0], [0.648754891154715, 5.3015263687491845e-05, 0.055224233007804005, 1.0], [0.6257121381828172, 3.388739143615937e-05, 0.03529936607933268, 1.0], [0.5607040602736406, 2.1896764475037176e-05, 0.02280912966149706, 1.0]], [[0.0, 0.0, 0.0, 0.0], [0.0, 0.0, 0.0, 0.0], [0.0, 0.0, 0.0, 0.0], [0.0, 0.0, 0.0, 0.0], [0.0, 0.0, 0.0, 0.0], [0.0, 0.0, 0.0, 0.0], [0.0, 0.0, 0.0, 0.0], [0.0, 0.0, 0.0, 0.0]]]}