{"Arena": [5.0, 25.0, 0.0, 50.0, 4.0], "Effectors": [[0.04591553098551214, 0.0, 0.04591553098551214, 0.0, 1.0, 0.002, 1.0, 0.0, 0.3333333333333333, 0.09, 0.05, 0.001], [0.04491360790059454, 0.0, 0.04491360790059454, 0.0, 0.0, 1.6666666666666667e-06, 1.0, 4e-05, 0.3333333333333333, 0.0015, 0.5, 0.001], [0.021356681827728395, 0.0, 0.021356681827728395, 0.0, 0.0, 1.6666666666666667e-06, 1.0, 4e-05, 0.3333333333333333, 0.0015, 0.5, 0.001], [0.03943205747447612, 0.0, 0.03943205747447612, 0.0, 0.0, 1.6666666666666667e-06, 1.0, 4e-05, 0.3333333333333333, 0.0015, 0.5, 0.001]], "Targets": [[0.05774991446063206, 0.0, 0.4137641446905431, 0.0], [0.08110546139231246, 0.0, 0.4541200636238757, 0.0], [0.09856809383483467, 0.0, 0.4808255740613275, 0.0], [0.08224936652763616, 0.0, 0.3525065068857921, 0.0], [0.07051801728167338, 0.0, 0.38915610149398, 0.0], [0.08704437449027133, 0.0, 0.4354728545659947, 0.0], [0.06385852594491295, 0.0, 0.6290299996403951, 0.0], [0.09387718943391715, 0.0, 0.36161046887032455, 0.0]], "Opportunities": [[[0.6072127177181931, 0.0, 0.0, 1.0], [0.6397041967590347, 0.0, 0.0, 1.0], [0.42266585457547645, 0.0, 0.0, 1.0], [0.6632966266342553, 0.0, 0.0, 1.0], [0.49081682586559044, 0.0, 0.0, 1.0], [0.6995452343925594, 0.0, 0.0, 1.0], [0.44646434648233624, 0.0, 0.0, 1.0], [0.5694655661619714, 0.0, 0.0, 1.0]], [[0.5410621005050271, 1.1336306560037522e-05, 0.09446922133364602, 1.0], [0.0, 0.0, 0.0, 0.0], [0.0, 0.0, 0.0, 0.0], [0.0, 0.0, 0.0, 0.0], [0.0, 0.0, 0.0, 0.0], [0.0, 0.0, 0.0, 0.0], [0.5590577002330789, 1.7444918044318413e-05, 0.1453743170359868, 1.0], [0.0, 0.0, 0.0, 0.0]], [[0.0, 0.0, 0.0, 0.0], [0.0, 0.0, 0.0, 0.0], [0.0, 0.0, 0.0, 0.0], [0.0, 0.0, 0.0, 0.0], [0.0, 0.0, 0.0, 0.0], [0.0, 0.0, 0.0, 0.0], [0.0, 0.0, 0.0, 0.0], [0.0, 0.0, 0.0, 0.0]], [[0.6403892675149185, 1.681785698615594e-05, 0.1401488082179662, 1.0], [0.0, 0.0, 0.0, 0.0], [0.0, 0.0, 0.0, 0.0], [0.0, 0.0, 0.0, 0.0], [0.0, 0.0, 0.0, 0.0], [0.0, 0.0, 0.0, 0.0], [0.0, 0.0, 0.0, 0.0], [0.0, 0.0, 0.0, 0.0]]]}