{"Arena": [5.0, 25.0, 0.0, 50.0, 4.0], "Effectors": [[0.0489487151484756, 0.0, 0.0489487151484756, 0.0, 1.0, 0.002, 1.0, 0.0, 0.3333333333333333, 0.09, 0.05, 0.001], [0.048273908822130174, 0.0, 0.048273908822130174, 0.0, 1.0, 0.002, 1.0, 0.0, 0.3333333333333333, 0.09, 0.05, 0.001], [0.0300484426366261, 0.0, 0.0300484426366261, 0.0, 0.0, 1.3333333333333333e-05, 1.0, 0.0005, 0.3333333333333333, 0.001, 0.07692307692307693, 0.001], [0.023115322188810284, 0.0, 0.023115322188810284, 0.0, 0.0, 1.3333333333333333e-05, 1.0, 0.0005, 0.3333333333333333, 0.001, 0.07692307692307693, 0.001]], "Targets": [[0.08996177066620048, 0.0, 0.5268148003305478, 0.0], [0.06406663111506296, 0.0, 0.42705603886085647, 0.0], [0.06510813413753734, 0.0, 0.53335903780705, 0.0], [0.08206037115802596, 0.0, 0.46152012765933326, 0.0], [0.07143964123927957, 0.0, 0.5883853520701869, 0.0], [0.09587108062889024, 0.0, 0.3994642755821646, 0.0], [0.06320275635105387, 0.0, 0.4500170792315944, 0.0], [0.08666196305456066, 0.0, 0.5805027432902222, 0.0]], "Opportunities": [[[0.41000861771112557, 0.0, 0.0, 1.0], [0.5203508108758886, 0.0, 0.0, 1.0], [0.5393590695323274, 0.0, 0.0, 1.0], [0.4333612259564946, 0.0, 0.0, 1.0], [0.46357637839905136, 0.0, 0.0, 1.0], [0.47255799574686896, 0.0, 0.0, 1.0], [0.4772190621571357, 0.0, 0.0, 1.0], [0.5527175163536007, 0.0, 0.0, 1.0]], [[0.4663068469342807, 0.0, 0.0, 1.0], [0.47142508828176327, 0.0, 0.0, 1.0], [0.5741103209806846, 0.0, 0.0, 1.0], [0.616230616003537, 0.0, 0.0, 1.0], [0.41787417997706316, 0.0, 0.0, 1.0], [0.6023134667736566, 0.0, 0.0, 1.0], [0.4267392641022696, 0.0, 0.0, 1.0], [0.4546695772247965, 0.0, 0.0, 1.0]], [[0.5647303035990988, 5.891332802957438e-05, 0.06136805003080665, 1.0], [0.49173830942433316, 3.301818847843686e-05, 0.03439394633170506, 1.0], [0.6450939799805231, 3.405969150091124e-05, 0.035478845313449206, 1.0], [0.570809978488197, 5.101192852139986e-05, 0.05313742554312485, 1.0], [0.5592575157399624, 4.039119860265347e-05, 0.04207416521109736, 1.0], [0.41753228963537126, 6.482263799226415e-05, 0.06752358124194183, 1.0], [0.5925895566692961, 3.2154313714427765e-05, 0.033494076785862255, 1.0], [0.598050790347699, 5.5613520417934554e-05, 0.057930750435348496, 1.0]], [[0.6568210318542996, 6.58464484773902e-05, 0.06859005049728147, 1.0], [0.6004022512986299, 3.995130892625268e-05, 0.04161594679817987, 1.0], [0.5059173588504221, 4.099281194872706e-05, 0.04270084577992402, 1.0], [0.5251524424606333, 5.794504896921568e-05, 0.06035942600959967, 1.0], [0.5189509775389984, 4.732431905046929e-05, 0.049296165677572175, 1.0], [0.52822934583637, 7.175575844007997e-05, 0.07474558170841662, 1.0], [0.4654338134702039, 3.9087434162243585e-05, 0.04071607725233707, 1.0], [0.49011159872445814, 6.254664086575038e-05, 0.0651527509018233, 1.0]]]}