{"Arena": [5.0, 25.0, 0.0, 50.0, 4.0], "Effectors": [[0.014482255788013676, 0.0, 0.014482255788013676, 0.0, 1.0, 0.002, 1.0, 0.0, 0.3333333333333333, 0.09, 0.05, 0.001], [0.027732019012761306, 0.0, 0.027732019012761306, 0.0, 1.0, 0.002, 1.0, 0.0, 0.3333333333333333, 0.09, 0.05, 0.001], [0.03543384852834813, 0.0, 0.03543384852834813, 0.0, 0.0, 1.3333333333333333e-05, 1.0, 0.0005, 0.3333333333333333, 0.001, 0.07692307692307693, 0.001], [0.04975924016133345, 0.0, 0.04975924016133345, 0.0, 0.0, 1.6666666666666667e-06, 1.0, 4e-05, 0.3333333333333333, 0.0015, 0.5, 0.001]], "Targets": [[0.06811249282061446, 0.0, 0.4041249514228219, 0.0], [0.05321126156206722, 0.0, 0.35058707116375815, 0.0], [0.07884824544702795, 0.0, 0.45772340511353354, 0.0], [0.055090594444743846, 0.0, 0.46327713844008134, 0.0], [0.053625254519604634, 0.0, 0.39761623705416255, 0.0], [0.07597281182802097, 0.0, 0.39851752084561926, 0.0], [0.08146732279517276, 0.0, 0.39040049479058314, 0.0], [0.08012201111089995, 0.0, 0.3902427760237662, 0.0]], "Opportunities": [[[0.5145926138627842, 0.0, 0.0, 1.0], [0.686993200311711, 0.0, 0.0, 1.0], [0.6745614924621648, 0.0, 0.0, 1.0], [0.6668962451451035, 0.0, 0.0, 1.0], [0.622457313716738, 0.0, 0.0, 1.0], [0.5576218121955088, 0.0, 0.0, 1.0], [0.42290022977045344, 0.0, 0.0, 1.0], [0.5149203050976018, 0.0, 0.0, 1.0]], [[0.6502523574169399, 0.0, 0.0, 1.0], [0.43695827223553513, 0.0, 0.0, 1.0], [0.6344164068044161, 0.0, 0.0, 1.0], [0.6501144104775314, 0.0, 0.0, 1.0], [0.41260117864258317, 0.0, 0.0, 1.0], [0.6074199661783867, 0.0, 0.0, 1.0], [0.6189890088419857, 0.0, 0.0, 1.0], [0.681358543746553, 0.0, 0.0, 1.0]], [[0.40879600148214074, 3.1678644292266325e-05, 0.03299858780444409, 1.0], [0.60546575034017, 1.677741303371909e-05, 0.01747647191012405, 1.0], [0.4030402838950055, 4.241439691867982e-05, 0.04418166345695815, 1.0], [0.4863333563839442, 1.8656745916395713e-05, 0.01943411032957887, 1.0], [0.556088459832488, 1.71914059912565e-05, 0.017907714574225523, 1.0], [0.5781197324461607, 3.953896329967284e-05, 0.04118642010382587, 1.0], [0.620080502622335, 4.5033474266824625e-05, 0.046909869027942315, 1.0], [0.6940657573017646, 4.368816258255182e-05, 0.045508502690158145, 1.0]], [[0.6655967239131979, 1.6853252659281012e-05, 0.1404437721606751, 1.0], [0.45271977647172806, 1.952021400733772e-06, 0.016266845006114767, 1.0], [0.0, 0.0, 0.0, 0.0], [0.43199733239925364, 3.831354283410396e-06, 0.031927952361753296, 1.0], [0.6623190649876307, 2.3660143582711845e-06, 0.019716786318926538, 1.0], [0.0, 0.0, 0.0, 0.0], [0.0, 0.0, 0.0, 0.0], [0.0, 0.0, 0.0, 0.0]]]}