{"Arena": [5.0, 25.0, 0.0, 50.0, 4.0], "Effectors": [[0.01629229870559322, 0.0, 0.01629229870559322, 0.0, 1.0, 0.002, 1.0, 0.0, 0.3333333333333333, 0.09, 0.05, 0.001], [0.031997774323352456, 0.0, 0.031997774323352456, 0.0, 1.0, 0.002, 1.0, 0.0, 0.3333333333333333, 0.09, 0.05, 0.001], [0.026039722437745404, 0.0, 0.026039722437745404, 0.0, 0.0, 1.3333333333333333e-05, 1.0, 0.0005, 0.3333333333333333, 0.001, 0.07692307692307693, 0.001], [0.024494672819282196, 0.0, 0.024494672819282196, 0.0, 0.0, 1.3333333333333333e-05, 1.0, 0.0005, 0.3333333333333333, 0.001, 0.07692307692307693, 0.001]], "Targets": [[0.07014199434472151, 0.0, 0.6316323253491303, 0.0], [0.08595217828901883, 0.0, 0.5945981770339912, 0.0], [0.09678610829398243, 0.0, 0.3996242796051922, 0.0], [0.06220048481398173, 0.0, 0.5576137338260189, 0.0], [0.08213692242034139, 0.0, 0.49747046874248996, 0.0], [0.08168055089369841, 0.0, 0.58338582324505, 0.0], [0.06136052263431061, 0.0, 0.6017996058681393, 0.0], [0.06145458964111574, 0.0, 0.4213357389468497, 0.0]], "Opportunities": [[[0.4213117332604355, 0.0, 0.0, 1.0], [0.6610779576824166, 0.0, 0.0, 1.0], [0.4435571588089038, 0.0, 0.0, 1.0], [0.6822654219979112, 0.0, 0.0, 1.0], [0.5902456410561022, 0.0, 0.0, 1.0], [0.4567511126247385, 0.0, 0.0, 1.0], [0.5670255780153046, 0.0, 0.0, 1.0], [0.5259704799248592, 0.0, 0.0, 1.0]], [[0.5622318823069169, 0.0, 0.0, 1.0], [0.5355140694074252, 0.0, 0.0, 1.0], [0.6170506469429551, 0.0, 0.0, 1.0], [0.5183989506691878, 0.0, 0.0, 1.0], [0.4018413524789949, 0.0, 0.0, 1.0], [0.4989176014429755, 0.0, 0.0, 1.0], [0.5233606548496627, 0.0, 0.0, 1.0], [0.6203184167991538, 0.0, 0.0, 1.0]], [[0.6861829642772401, 4.310227190697611e-05, 0.044898199903100115, 1.0], [0.6774882856512361, 5.8912455851273424e-05, 0.06136714151174315, 1.0], [0.5415250352203327, 6.974638585623702e-05, 0.07265248526691356, 1.0], [0.5860329715366003, 3.516076237623633e-05, 0.03662579414191284, 1.0], [0.5407920756686683, 5.5097199982595985e-05, 0.05739291664853748, 1.0], [0.5708619269404234, 5.464082845595301e-05, 0.05691752964161772, 1.0], [0.45842304571311854, 3.432080019656521e-05, 0.03575083353808876, 1.0], [0.6634456693466895, 3.441486720337034e-05, 0.03584882000351077, 1.0]], [[0.48672710896239024, 4.4647321525439324e-05, 0.0465076265889993, 1.0], [0.5062979122068624, 6.045750546973664e-05, 0.06297656819764233, 1.0], [0.4486313377337037, 7.129143547470024e-05, 0.07426191195281275, 1.0], [0.6018495279549948, 3.6705811994699535e-05, 0.03823522082781202, 1.0], [0.4384531194300302, 5.664224960105919e-05, 0.059002343334436665, 1.0], [0.40837763942955224, 5.618587807441622e-05, 0.058526956327516894, 1.0], [0.6280734280033646, 3.586584981502841e-05, 0.03736026022398793, 1.0], [0.5070037391608265, 3.595991682183354e-05, 0.03745824668940994, 1.0]]]}