{"Arena": [5.0, 25.0, 0.0, 50.0, 4.0], "Effectors": [[0.046843403407399, 0.0, 0.046843403407399, 0.0, 1.0, 0.002, 1.0, 0.0, 0.3333333333333333, 0.09, 0.05, 0.001], [0.03271027072555922, 0.0, 0.03271027072555922, 0.0, 1.0, 0.002, 1.0, 0.0, 0.3333333333333333, 0.09, 0.05, 0.001], [0.01792432264482072, 0.0, 0.01792432264482072, 0.0, 0.0, 1.3333333333333333e-05, 1.0, 0.0005, 0.3333333333333333, 0.001, 0.07692307692307693, 0.001], [0.02003593310935271, 0.0, 0.02003593310935271, 0.0, 0.0, 1.3333333333333333e-05, 1.0, 0.0005, 0.3333333333333333, 0.001, 0.07692307692307693, 0.001]], "Targets": [[0.06596560361612211, 0.0, 0.5463140935254504, 0.0], [0.07711734594401794, 0.0, 0.4374199895498479, 0.0], [0.09736112376676714, 0.0, 0.45504050776759264, 0.0], [0.0806961418327647, 0.0, 0.5292575563527393, 0.0], [0.05964340682343595, 0.0, 0.6403310038416394, 0.0], [0.08999198034809236, 0.0, 0.5928363086625597, 0.0], [0.07838805573899668, 0.0, 0.5732832517831923, 0.0], [0.09175386048487984, 0.0, 0.517758163289568, 0.0]], "Opportunities": [[[0.6395019510635462, 0.0, 0.0, 1.0], [0.4727657820473005, 0.0, 0.0, 1.0], [0.44208884845107216, 0.0, 0.0, 1.0], [0.4175501567325985, 0.0, 0.0, 1.0], [0.4301220916945411, 0.0, 0.0, 1.0], [0.599886299201456, 0.0, 0.0, 1.0], [0.45096067322046357, 0.0, 0.0, 1.0], [0.571581869111218, 0.0, 0.0, 1.0]], [[0.42505833698208784, 0.0, 0.0, 1.0], [0.5392286062022528, 0.0, 0.0, 1.0], [0.6831750354803645, 0.0, 0.0, 1.0], [0.41323631104446323, 0.0, 0.0, 1.0], [0.5835113233923125, 0.0, 0.0, 1.0], [0.40662814150600585, 0.0, 0.0, 1.0], [0.5554912674317615, 0.0, 0.0, 1.0], [0.5463997605532607, 0.0, 0.0, 1.0]], [[0.44440780465335356, 4.704128097130139e-05, 0.04900133434510562, 1.0], [0.5891602590063607, 5.819302329919722e-05, 0.06061773260333044, 1.0], [0.6539837541434655, 7.843680112194643e-05, 0.0817050011686942, 1.0], [0.5013845436521548, 6.177181918794399e-05, 0.06434564498744165, 1.0], [0.6066402036067713, 4.0719084178615224e-05, 0.042415712686057525, 1.0], [0.5189696951552275, 7.106765770327165e-05, 0.07402881010757463, 1.0], [0.6553385094767303, 5.9463733094175964e-05, 0.06194138863976663, 1.0], [0.4493831554936816, 7.282953784005911e-05, 0.07586410191672825, 1.0]], [[0.6863772128212084, 4.492967050676939e-05, 0.04680174011121812, 1.0], [0.5328001365479006, 5.6081412834665224e-05, 0.05841813836944294, 1.0], [0.44121802213922734, 7.632519065741443e-05, 0.0795054069348067, 1.0], [0.5254415890433297, 5.966020872341199e-05, 0.06214605075355416, 1.0], [0.5486988695170522, 3.8607473714083244e-05, 0.04021611845217005, 1.0], [0.6106346996104131, 6.895604723873965e-05, 0.07182921587368714, 1.0], [0.6101407566778732, 5.735212262964397e-05, 0.05974179440587914, 1.0], [0.4331851530193736, 7.071792737552713e-05, 0.07366450768284076, 1.0]]]}