{"Arena": [5.0, 25.0, 0.0, 50.0, 4.0], "Effectors": [[0.04006413914678626, 0.0, 0.04006413914678626, 0.0, 1.0, 0.002, 1.0, 0.0, 0.3333333333333333, 0.09, 0.05, 0.001], [0.01763192866009596, 0.0, 0.01763192866009596, 0.0, 1.0, 0.002, 1.0, 0.0, 0.3333333333333333, 0.09, 0.05, 0.001], [0.02747535818302609, 0.0, 0.02747535818302609, 0.0, 0.0, 1.3333333333333333e-05, 1.0, 0.0005, 0.3333333333333333, 0.001, 0.07692307692307693, 0.001], [0.029836063632025928, 0.0, 0.029836063632025928, 0.0, 0.0, 1.3333333333333333e-05, 1.0, 0.0005, 0.3333333333333333, 0.001, 0.07692307692307693, 0.001]], "Targets": [[0.09972538511091324, 0.0, 0.48525270858810093, 0.0], [0.09653222115175046, 0.0, 0.5247122513520549, 0.0], [0.0984435525076949, 0.0, 0.6108119988566665, 0.0], [0.07796058570378153, 0.0, 0.42266546134969074, 0.0], [0.07213079697475709, 0.0, 0.48088982185854723, 0.0], [0.08062400443103121, 0.0, 0.3784097222263733, 0.0], [0.07985516918079015, 0.0, 0.5394789755746178, 0.0], [0.05424013326646985, 0.0, 0.4787720556826722, 0.0]], "Opportunities": [[[0.4164890884615947, 0.0, 0.0, 1.0], [0.5969379595503749, 0.0, 0.0, 1.0], [0.5084387047735848, 0.0, 0.0, 1.0], [0.673393814029899, 0.0, 0.0, 1.0], [0.5468991699291804, 0.0, 0.0, 1.0], [0.6820026557129597, 0.0, 0.0, 1.0], [0.5289245661127026, 0.0, 0.0, 1.0], [0.6144667322458646, 0.0, 0.0, 1.0]], [[0.41331233015923147, 0.0, 0.0, 1.0], [0.4824468562959528, 0.0, 0.0, 1.0], [0.6914970188021843, 0.0, 0.0, 1.0], [0.44782260506147814, 0.0, 0.0, 1.0], [0.6053355860688109, 0.0, 0.0, 1.0], [0.5285671894362883, 0.0, 0.0, 1.0], [0.6614571694675568, 0.0, 0.0, 1.0], [0.43968720471170397, 0.0, 0.0, 1.0]], [[0.44917841255236973, 7.125002692788715e-05, 0.07421877804988244, 1.0], [0.4033191730626899, 6.805686296872438e-05, 0.07089256559242123, 1.0], [0.601158412359992, 6.996819432466882e-05, 0.07288353575486335, 1.0], [0.5408681325942856, 4.948522752075545e-05, 0.051547112000786925, 1.0], [0.6608326598242247, 4.3655438791731006e-05, 0.04547441540805313, 1.0], [0.4185949024520119, 5.2148646248005125e-05, 0.054321506508338675, 1.0], [0.6670781972732256, 5.1379810997764066e-05, 0.05352063645600424, 1.0], [0.4043601300271603, 2.576477508344376e-05, 0.02683830737858725, 1.0]], [[0.5630149647255762, 6.88893214788873e-05, 0.07175970987384095, 1.0], [0.538716740856145, 6.569615751972453e-05, 0.06843349741637972, 1.0], [0.6640585101006877, 6.760748887566898e-05, 0.07042446757882186, 1.0], [0.6752160883539917, 4.71245220717556e-05, 0.04908804382474542, 1.0], [0.4208995046974096, 4.129473334273117e-05, 0.04301534723201163, 1.0], [0.6291453219497575, 4.9787940799005286e-05, 0.05186243833229717, 1.0], [0.5858008279259801, 4.901910554876422e-05, 0.051061568279962735, 1.0], [0.5975012370566133, 2.340406963444392e-05, 0.02437923920254575, 1.0]]]}