{"Arena": [5.0, 25.0, 0.0, 50.0, 4.0], "Effectors": [[0.024891401246293115, 0.0, 0.024891401246293115, 0.0, 0.0, 1.3333333333333333e-05, 1.0, 0.0005, 0.3333333333333333, 0.001, 0.07692307692307693, 0.001], [0.018368305045183962, 0.0, 0.018368305045183962, 0.0, 0.0, 1.6666666666666667e-06, 1.0, 4e-05, 0.3333333333333333, 0.0015, 0.5, 0.001], [0.010534880139490914, 0.0, 0.010534880139490914, 0.0, 0.0, 1.6666666666666667e-06, 1.0, 4e-05, 0.3333333333333333, 0.0015, 0.5, 0.001], [0.016683178835547582, 0.0, 0.016683178835547582, 0.0, 0.0, 1.6666666666666667e-06, 1.0, 4e-05, 0.3333333333333333, 0.0015, 0.5, 0.001]], "Targets": [[0.09725176690589542, 0.0, 0.3676692160852002, 0.0], [0.08279202656276705, 0.0, 0.45644341537174393, 0.0], [0.0929114159643404, 0.0, 0.5935694291230869, 0.0], [0.08158989182848952, 0.0, 0.3519471428159254, 0.0], [0.09838913363326739, 0.0, 0.5925576229536612, 0.0], [0.08797272952518224, 0.0, 0.4448819510657608, 0.0], [0.08480789966624214, 0.0, 0.3966438028285574, 0.0], [0.08878711846727867, 0.0, 0.5865968684048798, 0.0]], "Opportunities": [[[0.6575881792109386, 7.13603656596023e-05, 0.0743337142287524, 1.0], [0.6096491939216694, 5.690062531647393e-05, 0.05927148470466034, 1.0], [0.48072564609108415, 6.702001471804728e-05, 0.06981251533129924, 1.0], [0.4376196086624296, 5.569849058219641e-05, 0.05801926102312126, 1.0], [0.6303364720965081, 7.249773238697426e-05, 0.07551847123643153, 1.0], [0.4084437122255506, 6.208132827888913e-05, 0.06466805029050951, 1.0], [0.6632624077449071, 5.891649841994902e-05, 0.06137135252078023, 1.0], [0.5349862081871685, 6.289571722098555e-05, 0.06551637210519329, 1.0]], [[0.0, 0.0, 0.0, 0.0], [0.0, 0.0, 0.0, 0.0], [0.0, 0.0, 0.0, 0.0], [0.0, 0.0, 0.0, 0.0], [0.0, 0.0, 0.0, 0.0], [0.0, 0.0, 0.0, 0.0], [0.0, 0.0, 0.0, 0.0], [0.0, 0.0, 0.0, 0.0]], [[0.0, 0.0, 0.0, 0.0], [0.0, 0.0, 0.0, 0.0], [0.0, 0.0, 0.0, 0.0], [0.0, 0.0, 0.0, 0.0], [0.0, 0.0, 0.0, 0.0], [0.0, 0.0, 0.0, 0.0], [0.0, 0.0, 0.0, 0.0], [0.0, 0.0, 0.0, 0.0]], [[0.0, 0.0, 0.0, 0.0], [0.0, 0.0, 0.0, 0.0], [0.0, 0.0, 0.0, 0.0], [0.0, 0.0, 0.0, 0.0], [0.0, 0.0, 0.0, 0.0], [0.0, 0.0, 0.0, 0.0], [0.0, 0.0, 0.0, 0.0], [0.0, 0.0, 0.0, 0.0]]]}