{"Arena": [5.0, 25.0, 0.0, 50.0, 4.0], "Effectors": [[0.012069948495545199, 0.0, 0.012069948495545199, 0.0, 1.0, 0.002, 1.0, 0.0, 0.3333333333333333, 0.09, 0.05, 0.001], [0.04463952525200583, 0.0, 0.04463952525200583, 0.0, 0.0, 1.3333333333333333e-05, 1.0, 0.0005, 0.3333333333333333, 0.001, 0.07692307692307693, 0.001], [0.034353673096507296, 0.0, 0.034353673096507296, 0.0, 0.0, 1.3333333333333333e-05, 1.0, 0.0005, 0.3333333333333333, 0.001, 0.07692307692307693, 0.001], [0.023464603821726566, 0.0, 0.023464603821726566, 0.0, 0.0, 1.6666666666666667e-06, 1.0, 4e-05, 0.3333333333333333, 0.0015, 0.5, 0.001]], "Targets": [[0.09672144589000345, 0.0, 0.6049981405064798, 0.0], [0.09147238710294614, 0.0, 0.5735076604481069, 0.0], [0.08390322515582382, 0.0, 0.6417525675346684, 0.0], [0.051794412590639174, 0.0, 0.5626321747892528, 0.0], [0.09483124352802161, 0.0, 0.4001488112272929, 0.0], [0.07658128533655761, 0.0, 0.596209243384314, 0.0], [0.08716677363854246, 0.0, 0.5938684751042287, 0.0], [0.05342109853834163, 0.0, 0.39936024222090233, 0.0]], "Opportunities": [[[0.5345472480697102, 0.0, 0.0, 1.0], [0.6037060092661963, 0.0, 0.0, 1.0], [0.5600073996883326, 0.0, 0.0, 1.0], [0.5498271341502861, 0.0, 0.0, 1.0], [0.6430246600078565, 0.0, 0.0, 1.0], [0.4521576005453573, 0.0, 0.0, 1.0], [0.6290305693581082, 0.0, 0.0, 1.0], [0.6127754717289925, 0.0, 0.0, 1.0]], [[0.6330375224759238, 5.1081920637997614e-05, 0.05321033399791419, 1.0], [0.5631028194855037, 4.583286185094031e-05, 0.04774256442806282, 1.0], [0.6256933308535177, 3.826369990381799e-05, 0.03985802073314374, 1.0], [0.5856372127381563, 6.154887338633342e-06, 0.006411340977743065, 1.0], [0.4676277134169356, 4.919171827601578e-05, 0.0512413732041831, 1.0], [0.608894370713899, 3.0941760084551784e-05, 0.03223100008807477, 1.0], [0.6286984158512178, 4.1527248386536624e-05, 0.04325755040264232, 1.0], [0.6188954012934648, 7.781573286335796e-06, 0.008105805506599789, 1.0]], [[0.6818827495340658, 6.136777279349616e-05, 0.0639247633265585, 1.0], [0.536785591134434, 5.6118714006438847e-05, 0.05845699375670713, 1.0], [0.4938905070385111, 4.854955205931653e-05, 0.05057245006178805, 1.0], [0.4855076033277507, 1.644073949413188e-05, 0.017125770306387372, 1.0], [0.5846095704579743, 5.9477570431514314e-05, 0.06195580253282741, 1.0], [0.46572041077667414, 4.122761224005032e-05, 0.04294542941671908, 1.0], [0.5330384875657276, 5.181310054203516e-05, 0.053971979731286625, 1.0], [0.5235293961846906, 1.806742544183433e-05, 0.018820234835244094, 1.0]], [[0.0, 0.0, 0.0, 0.0], [0.0, 0.0, 0.0, 0.0], [0.0, 0.0, 0.0, 0.0], [0.0, 0.0, 0.0, 0.0], [0.0, 0.0, 0.0, 0.0], [0.0, 0.0, 0.0, 0.0], [0.0, 0.0, 0.0, 0.0], [0.0, 0.0, 0.0, 0.0]]]}