{"Arena": [5.0, 25.0, 0.0, 50.0, 4.0], "Effectors": [[0.016868401508073734, 0.0, 0.016868401508073734, 0.0, 1.0, 0.002, 1.0, 0.0, 0.3333333333333333, 0.09, 0.05, 0.001], [0.030105322625228182, 0.0, 0.030105322625228182, 0.0, 0.0, 1.3333333333333333e-05, 1.0, 0.0005, 0.3333333333333333, 0.001, 0.07692307692307693, 0.001], [0.025538064244773295, 0.0, 0.025538064244773295, 0.0, 0.0, 1.6666666666666667e-06, 1.0, 4e-05, 0.3333333333333333, 0.0015, 0.5, 0.001], [0.034420877909898936, 0.0, 0.034420877909898936, 0.0, 0.0, 1.6666666666666667e-06, 1.0, 4e-05, 0.3333333333333333, 0.0015, 0.5, 0.001]], "Targets": [[0.05231957805903472, 0.0, 0.5247708537354053, 0.0], [0.08022637072770758, 0.0, 0.6105531427831258, 0.0], [0.05002179463229162, 0.0, 0.4324815713683322, 0.0], [0.0668187240715714, 0.0, 0.4096525537106347, 0.0], [0.06917977624681063, 0.0, 0.5396593933314573, 0.0], [0.09779438776943174, 0.0, 0.4664090560195732, 0.0], [0.06136050175654912, 0.0, 0.43461642310271625, 0.0], [0.06053192348346042, 0.0, 0.5428225377560785, 0.0]], "Opportunities": [[[0.6688910709080835, 0.0, 0.0, 1.0], [0.5356947333147197, 0.0, 0.0, 1.0], [0.4652822221316376, 0.0, 0.0, 1.0], [0.4126773490054953, 0.0, 0.0, 1.0], [0.5094502265848937, 0.0, 0.0, 1.0], [0.5220931607825917, 0.0, 0.0, 1.0], [0.5259898206505135, 0.0, 0.0, 1.0], [0.5160847567110368, 0.0, 0.0, 1.0]], [[0.5274344404375176, 2.1214255433806536e-05, 0.022098182743548477, 1.0], [0.5080101681014054, 4.91210481024794e-05, 0.051167758440082714, 1.0], [0.5900170918527661, 1.891647200706344e-05, 0.019704658340691083, 1.0], [0.6150489736185656, 3.571340144634322e-05, 0.03720145983994085, 1.0], [0.4126254289384034, 3.8074453621582444e-05, 0.03966088918914838, 1.0], [0.6166419717514002, 6.668906514420356e-05, 0.0694677761918787, 1.0], [0.6769068874707824, 3.0255179131320933e-05, 0.031515811595125974, 1.0], [0.5716611959438821, 2.9426600858232238e-05, 0.030652709227325246, 1.0]], [[0.0, 0.0, 0.0, 0.0], [0.0, 0.0, 0.0, 0.0], [0.0, 0.0, 0.0, 0.0], [0.0, 0.0, 0.0, 0.0], [0.0, 0.0, 0.0, 0.0], [0.0, 0.0, 0.0, 0.0], [0.0, 0.0, 0.0, 0.0], [0.0, 0.0, 0.0, 0.0]], [[0.46566761579597954, 1.6398700149135783e-05, 0.13665583457613154, 1.0], [0.0, 0.0, 0.0, 0.0], [0.48796612207701184, 1.4100916722392687e-05, 0.1175076393532724, 1.0], [0.0, 0.0, 0.0, 0.0], [0.0, 0.0, 0.0, 0.0], [0.0, 0.0, 0.0, 0.0], [0.0, 0.0, 0.0, 0.0], [0.0, 0.0, 0.0, 0.0]]]}