{"Arena": [5.0, 25.0, 0.0, 50.0, 4.0], "Effectors": [[0.028107811369886982, 0.0, 0.028107811369886982, 0.0, 0.0, 1.3333333333333333e-05, 1.0, 0.0005, 0.3333333333333333, 0.001, 0.07692307692307693, 0.001], [0.04622690624795356, 0.0, 0.04622690624795356, 0.0, 0.0, 1.3333333333333333e-05, 1.0, 0.0005, 0.3333333333333333, 0.001, 0.07692307692307693, 0.001], [0.015117673732249903, 0.0, 0.015117673732249903, 0.0, 0.0, 1.3333333333333333e-05, 1.0, 0.0005, 0.3333333333333333, 0.001, 0.07692307692307693, 0.001], [0.045401371057583344, 0.0, 0.045401371057583344, 0.0, 0.0, 1.6666666666666667e-06, 1.0, 4e-05, 0.3333333333333333, 0.0015, 0.5, 0.001]], "Targets": [[0.09003586417780315, 0.0, 0.41134602558379046, 0.0], [0.06415303500114979, 0.0, 0.5144689154087785, 0.0], [0.0780348488209394, 0.0, 0.35514008076212294, 0.0], [0.06158852135899764, 0.0, 0.6134229026634811, 0.0], [0.0989411533217492, 0.0, 0.5611872741434407, 0.0], [0.07617534474092548, 0.0, 0.4182440005685934, 0.0], [0.09215563126905811, 0.0, 0.46056566101148094, 0.0], [0.05608599431141423, 0.0, 0.46444453220329274, 0.0]], "Opportunities": [[[0.5160847856414118, 6.092805280791618e-05, 0.06346672167491269, 1.0], [0.6453735890830115, 3.504522363126281e-05, 0.03650544128256542, 1.0], [0.6831300022558078, 4.8927037451052426e-05, 0.050965664011512944, 1.0], [0.47812160870393294, 3.248070998911065e-05, 0.033834072905323594, 1.0], [0.5463000963249325, 6.983334195186222e-05, 0.07274306453318982, 1.0], [0.6250995148583051, 4.70675333710385e-05, 0.04902868059483177, 1.0], [0.6535236127059109, 6.304781989917113e-05, 0.06567481239496993, 1.0], [0.5398898446938, 2.6978182941527244e-05, 0.028102273897424215, 1.0]], [[0.5335254681245909, 4.280895792984959e-05, 0.04459266451026, 1.0], [0.476416810816769, 1.6926128753196225e-05, 0.017631384117912735, 1.0], [0.4873283505627705, 3.080794257298585e-05, 0.03209160684686026, 1.0], [0.5696247840030139, 1.4361615111044079e-05, 0.014960015740670915, 1.0], [0.5783459071027321, 5.171424707379564e-05, 0.05386900736853713, 1.0], [0.4648048370836777, 2.894843849297192e-05, 0.030154623430179085, 1.0], [0.5876547494356195, 4.4928725021104555e-05, 0.046800755230317244, 1.0], [0.4206882093496556, 8.859088063460669e-06, 0.00922821673277153, 1.0]], [[0.44488987733601765, 7.391819044555325e-05, 0.07699811504745131, 1.0], [0.4662849665727739, 4.803536126889988e-05, 0.05003683465510404, 1.0], [0.6557182301770711, 6.19171750886895e-05, 0.06449705738405156, 1.0], [0.699041569469947, 4.547084762674773e-05, 0.04736546627786222, 1.0], [0.6997632254781011, 8.28234795894993e-05, 0.08627445790572845, 1.0], [0.6315601629879571, 6.0057671008675576e-05, 0.06256007396737039, 1.0], [0.6103847562663633, 7.603795753680822e-05, 0.07920620576750856, 1.0], [0.5366748867974269, 3.9968320579164324e-05, 0.041633667269962836, 1.0]], [[0.0, 0.0, 0.0, 0.0], [0.48698019724066294, 1.725166394356644e-05, 0.143763866196387, 1.0], [0.0, 0.0, 0.0, 0.0], [0.5133393929360993, 1.4687150301414295e-05, 0.12239291917845245, 1.0], [0.0, 0.0, 0.0, 0.0], [0.0, 0.0, 0.0, 0.0], [0.0, 0.0, 0.0, 0.0], [0.40322148242912637, 9.184623253830885e-06, 0.07653852711525737, 1.0]]]}