{"Arena": [5.0, 25.0, 0.0, 50.0, 4.0], "Effectors": [[0.0355289504505591, 0.0, 0.0355289504505591, 0.0, 1.0, 0.002, 1.0, 0.0, 0.3333333333333333, 0.09, 0.05, 0.001], [0.04821988167909915, 0.0, 0.04821988167909915, 0.0, 0.0, 1.6666666666666667e-06, 1.0, 4e-05, 0.3333333333333333, 0.0015, 0.5, 0.001], [0.048636008951565675, 0.0, 0.048636008951565675, 0.0, 0.0, 1.6666666666666667e-06, 1.0, 4e-05, 0.3333333333333333, 0.0015, 0.5, 0.001], [0.035375435585824525, 0.0, 0.035375435585824525, 0.0, 0.0, 1.6666666666666667e-06, 1.0, 4e-05, 0.3333333333333333, 0.0015, 0.5, 0.001]], "Targets": [[0.09285869319434695, 0.0, 0.5184309624483546, 0.0], [0.09224689958333764, 0.0, 0.37272054133699767, 0.0], [0.09915160071990092, 0.0, 0.4513697737869541, 0.0], [0.08576261006893786, 0.0, 0.3688711241528419, 0.0], [0.05148556211463009, 0.0, 0.4832708494084539, 0.0], [0.06040493190775357, 0.0, 0.4572129603131841, 0.0], [0.09829438655892782, 0.0, 0.36198436868631395, 0.0], [0.09366944834105242, 0.0, 0.44611249624567334, 0.0]], "Opportunities": [[[0.60169694829368, 0.0, 0.0, 1.0], [0.5622588220224612, 0.0, 0.0, 1.0], [0.6652187983979916, 0.0, 0.0, 1.0], [0.6419677020779325, 0.0, 0.0, 1.0], [0.5555846486740044, 0.0, 0.0, 1.0], [0.6535401335121989, 0.0, 0.0, 1.0], [0.6719662672804767, 0.0, 0.0, 1.0], [0.49276397449265835, 0.0, 0.0, 1.0]], [[0.0, 0.0, 0.0, 0.0], [0.0, 0.0, 0.0, 0.0], [0.0, 0.0, 0.0, 0.0], [0.0, 0.0, 0.0, 0.0], [0.583526749758185, 1.7656804355309378e-06, 0.014714003629424481, 1.0], [0.5454480770974398, 1.0685050228654418e-05, 0.08904208523878682, 1.0], [0.0, 0.0, 0.0, 0.0], [0.0, 0.0, 0.0, 0.0]], [[0.0, 0.0, 0.0, 0.0], [0.0, 0.0, 0.0, 0.0], [0.0, 0.0, 0.0, 0.0], [0.0, 0.0, 0.0, 0.0], [0.4943359101653404, 1.3495531630644139e-06, 0.011246276358870115, 1.0], [0.5064346485027975, 1.0268922956187894e-05, 0.08557435796823246, 1.0], [0.0, 0.0, 0.0, 0.0], [0.0, 0.0, 0.0, 0.0]], [[0.0, 0.0, 0.0, 0.0], [0.0, 0.0, 0.0, 0.0], [0.0, 0.0, 0.0, 0.0], [0.0, 0.0, 0.0, 0.0], [0.5458807775282156, 1.4610126528805565e-05, 0.12175105440671305, 1.0], [0.0, 0.0, 0.0, 0.0], [0.0, 0.0, 0.0, 0.0], [0.0, 0.0, 0.0, 0.0]]]}