{"Arena": [5.0, 25.0, 0.0, 50.0, 4.0], "Effectors": [[0.02060274148725994, 0.0, 0.02060274148725994, 0.0, 0.0, 1.6666666666666667e-06, 1.0, 4e-05, 0.3333333333333333, 0.0015, 0.5, 0.001], [0.048657940478874194, 0.0, 0.048657940478874194, 0.0, 0.0, 1.6666666666666667e-06, 1.0, 4e-05, 0.3333333333333333, 0.0015, 0.5, 0.001], [0.029578556512783967, 0.0, 0.029578556512783967, 0.0, 0.0, 1.6666666666666667e-06, 1.0, 4e-05, 0.3333333333333333, 0.0015, 0.5, 0.001], [0.03983389803396279, 0.0, 0.03983389803396279, 0.0, 0.0, 1.6666666666666667e-06, 1.0, 4e-05, 0.3333333333333333, 0.0015, 0.5, 0.001]], "Targets": [[0.08463489424590642, 0.0, 0.6282976989895918, 0.0], [0.05190612343403584, 0.0, 0.381807941488733, 0.0], [0.06234506594244721, 0.0, 0.380969268682266, 0.0], [0.0811134504248542, 0.0, 0.6272527949912963, 0.0], [0.07788457968537613, 0.0, 0.3583136860382403, 0.0], [0.09083470250543078, 0.0, 0.4869027010929299, 0.0], [0.06166684842239133, 0.0, 0.5736576160002382, 0.0], [0.0593302344458677, 0.0, 0.5554578908093987, 0.0]], "Opportunities": [[[0.0, 0.0, 0.0, 0.0], [0.0, 0.0, 0.0, 0.0], [0.0, 0.0, 0.0, 0.0], [0.0, 0.0, 0.0, 0.0], [0.0, 0.0, 0.0, 0.0], [0.0, 0.0, 0.0, 0.0], [0.0, 0.0, 0.0, 0.0], [0.0, 0.0, 0.0, 0.0]], [[0.0, 0.0, 0.0, 0.0], [0.591113689418795, 1.7481829551616464e-06, 0.01456819129301372, 1.0], [0.6323495236165599, 1.2187125463573015e-05, 0.10155937886310847, 1.0], [0.0, 0.0, 0.0, 0.0], [0.0, 0.0, 0.0, 0.0], [0.0, 0.0, 0.0, 0.0], [0.535967524633296, 1.1508907943517134e-05, 0.09590756619597611, 1.0], [0.6094134926841512, 9.172293966993507e-06, 0.07643578305827922, 1.0]], [[0.0, 0.0, 0.0, 0.0], [0.0, 0.0, 0.0, 0.0], [0.0, 0.0, 0.0, 0.0], [0.0, 0.0, 0.0, 0.0], [0.0, 0.0, 0.0, 0.0], [0.0, 0.0, 0.0, 0.0], [0.0, 0.0, 0.0, 0.0], [0.0, 0.0, 0.0, 0.0]], [[0.0, 0.0, 0.0, 0.0], [0.5500888794016019, 1.057222540007305e-05, 0.08810187833394209, 1.0], [0.0, 0.0, 0.0, 0.0], [0.0, 0.0, 0.0, 0.0], [0.0, 0.0, 0.0, 0.0], [0.0, 0.0, 0.0, 0.0], [0.0, 0.0, 0.0, 0.0], [0.42131524619953353, 1.7996336411904906e-05, 0.14996947009920758, 1.0]]]}