{"Arena": [5.0, 25.0, 0.0, 50.0, 4.0], "Effectors": [[0.018364136180741203, 0.0, 0.018364136180741203, 0.0, 0.0, 1.3333333333333333e-05, 1.0, 0.0005, 0.3333333333333333, 0.001, 0.07692307692307693, 0.001], [0.04659528963147322, 0.0, 0.04659528963147322, 0.0, 0.0, 1.3333333333333333e-05, 1.0, 0.0005, 0.3333333333333333, 0.001, 0.07692307692307693, 0.001], [0.023763164064111594, 0.0, 0.023763164064111594, 0.0, 0.0, 1.3333333333333333e-05, 1.0, 0.0005, 0.3333333333333333, 0.001, 0.07692307692307693, 0.001], [0.013647707014003085, 0.0, 0.013647707014003085, 0.0, 0.0, 1.6666666666666667e-06, 1.0, 4e-05, 0.3333333333333333, 0.0015, 0.5, 0.001]], "Targets": [[0.07475099560954712, 0.0, 0.49356441974018217, 0.0], [0.09518808971755795, 0.0, 0.5286623482697601, 0.0], [0.0791197071083537, 0.0, 0.5026498145363649, 0.0], [0.07574208868612897, 0.0, 0.3582188756588556, 0.0], [0.07992377468883406, 0.0, 0.4580320985259112, 0.0], [0.09784594683079827, 0.0, 0.4482423639685814, 0.0], [0.05023706991669387, 0.0, 0.35603705096258204, 0.0], [0.06987184561040308, 0.0, 0.4896761392975111, 0.0]], "Opportunities": [[[0.6522552892656794, 5.538685942880592e-05, 0.0576946452383395, 1.0], [0.5685805974362841, 7.582395353681675e-05, 0.0789832849341841, 1.0], [0.6055454225747717, 5.97555709276125e-05, 0.06224538638292968, 1.0], [0.6896483824304676, 5.637795250538777e-05, 0.05872703385977893, 1.0], [0.6509644503602959, 6.055963850809286e-05, 0.0630829567792634, 1.0], [0.6700725193797316, 7.848181065005706e-05, 0.08175188609380944, 1.0], [0.5991081029754146, 3.0872933735952664e-05, 0.032159305974950696, 1.0], [0.5513349650523924, 5.0507709429661876e-05, 0.052612197322564454, 1.0]], [[0.5554201514959765, 2.7155705978073903e-05, 0.028287193727160317, 1.0], [0.53474030004728, 4.759280008608473e-05, 0.04957583342300493, 1.0], [0.5441656549692951, 3.152441747688048e-05, 0.0328379348717505, 1.0], [0.4232543707811897, 2.8146799054655753e-05, 0.029319582348599743, 1.0], [0.6313125125819581, 3.232848505736084e-05, 0.03367550526808421, 1.0], [0.5089206877588596, 5.0250657199325046e-05, 0.05234443458263026, 1.0], [0.5086013578330932, 2.6417802852206498e-06, 0.0027518544637715105, 1.0], [0.4983494158755832, 2.2276555978929858e-05, 0.02320474581138527, 1.0]], [[0.5240742105485553, 4.998783154543553e-05, 0.05207065785982867, 1.0], [0.5572461700322653, 7.042492565344635e-05, 0.07335929755567329, 1.0], [0.443470763645675, 5.435654304424211e-05, 0.05662139900441886, 1.0], [0.6583062343481796, 5.097892462201738e-05, 0.0531030464812681, 1.0], [0.5187600916543433, 5.516061062472247e-05, 0.05745896940075257, 1.0], [0.6469671316755466, 7.308278276668668e-05, 0.07612789871529863, 1.0], [0.6465979393363193, 2.5473905852582274e-05, 0.02653531859643987, 1.0], [0.4800098094726397, 4.5108681546291486e-05, 0.04698820994405363, 1.0]], [[0.0, 0.0, 0.0, 0.0], [0.0, 0.0, 0.0, 0.0], [0.0, 0.0, 0.0, 0.0], [0.0, 0.0, 0.0, 0.0], [0.0, 0.0, 0.0, 0.0], [0.0, 0.0, 0.0, 0.0], [0.0, 0.0, 0.0, 0.0], [0.0, 0.0, 0.0, 0.0]]]}