{"Arena": [5.0, 25.0, 0.0, 50.0, 4.0], "Effectors": [[0.04404190077039648, 0.0, 0.04404190077039648, 0.0, 1.0, 0.002, 1.0, 0.0, 0.3333333333333333, 0.09, 0.05, 0.001], [0.04563737345858945, 0.0, 0.04563737345858945, 0.0, 1.0, 0.002, 1.0, 0.0, 0.3333333333333333, 0.09, 0.05, 0.001], [0.021504087213955924, 0.0, 0.021504087213955924, 0.0, 1.0, 0.002, 1.0, 0.0, 0.3333333333333333, 0.09, 0.05, 0.001], [0.03843707682337295, 0.0, 0.03843707682337295, 0.0, 1.0, 0.002, 1.0, 0.0, 0.3333333333333333, 0.09, 0.05, 0.001]], "Targets": [[0.07310835693033443, 0.0, 0.3880511140391315, 0.0], [0.09096500394820874, 0.0, 0.5741377889265052, 0.0], [0.05640472948493152, 0.0, 0.43719148419351866, 0.0], [0.05943192226114596, 0.0, 0.5654135866964322, 0.0], [0.06397767286750429, 0.0, 0.5639215151067686, 0.0], [0.07679685848762782, 0.0, 0.39567446555466534, 0.0], [0.09662983858182483, 0.0, 0.36632476818919707, 0.0], [0.0848404855346048, 0.0, 0.6264825902320332, 0.0]], "Opportunities": [[[0.4331103851043414, 0.0, 0.0, 1.0], [0.4223723284373876, 0.0, 0.0, 1.0], [0.40525497954291145, 0.0, 0.0, 1.0], [0.5295081286565964, 0.0, 0.0, 1.0], [0.6909353195131648, 0.0, 0.0, 1.0], [0.6870817836591272, 0.0, 0.0, 1.0], [0.5726353512915956, 0.0, 0.0, 1.0], [0.6087846804396766, 0.0, 0.0, 1.0]], [[0.449757878048617, 0.0, 0.0, 1.0], [0.43796134419572824, 0.0, 0.0, 1.0], [0.43185165129661673, 0.0, 0.0, 1.0], [0.6332589141645669, 0.0, 0.0, 1.0], [0.5902162213336126, 0.0, 0.0, 1.0], [0.5695314475879678, 0.0, 0.0, 1.0], [0.4995726776503808, 0.0, 0.0, 1.0], [0.5879452481381733, 0.0, 0.0, 1.0]], [[0.56261989098708, 0.0, 0.0, 1.0], [0.6677564701926213, 0.0, 0.0, 1.0], [0.5330543843887946, 0.0, 0.0, 1.0], [0.41057603426614375, 0.0, 0.0, 1.0], [0.4173900173313515, 0.0, 0.0, 1.0], [0.516311647780923, 0.0, 0.0, 1.0], [0.5279952267649453, 0.0, 0.0, 1.0], [0.5052360777818212, 0.0, 0.0, 1.0]], [[0.5596402931645627, 0.0, 0.0, 1.0], [0.48769543521507225, 0.0, 0.0, 1.0], [0.4443652282821536, 0.0, 0.0, 1.0], [0.6221343242269806, 0.0, 0.0, 1.0], [0.4365419986202019, 0.0, 0.0, 1.0], [0.5554754948303876, 0.0, 0.0, 1.0], [0.601997640878413, 0.0, 0.0, 1.0], [0.4049566478074987, 0.0, 0.0, 1.0]]]}