{"Arena": [5.0, 25.0, 0.0, 50.0, 4.0], "Effectors": [[0.013651691688078893, 0.0, 0.013651691688078893, 0.0, 0.0, 1.3333333333333333e-05, 1.0, 0.0005, 0.3333333333333333, 0.001, 0.07692307692307693, 0.001], [0.03283411042634637, 0.0, 0.03283411042634637, 0.0, 0.0, 1.3333333333333333e-05, 1.0, 0.0005, 0.3333333333333333, 0.001, 0.07692307692307693, 0.001], [0.04049147836647111, 0.0, 0.04049147836647111, 0.0, 0.0, 1.6666666666666667e-06, 1.0, 4e-05, 0.3333333333333333, 0.0015, 0.5, 0.001], [0.028680699997476286, 0.0, 0.028680699997476286, 0.0, 0.0, 1.6666666666666667e-06, 1.0, 4e-05, 0.3333333333333333, 0.0015, 0.5, 0.001]], "Targets": [[0.07627682644010554, 0.0, 0.3723391216516221, 0.0], [0.05872171664616219, 0.0, 0.4961379189597579, 0.0], [0.09759033078838533, 0.0, 0.5528604034040068, 0.0], [0.0717936694140524, 0.0, 0.6264208926708001, 0.0], [0.050743675835808535, 0.0, 0.5188086305722195, 0.0], [0.07663092064495095, 0.0, 0.6458305683660344, 0.0], [0.05367510041998663, 0.0, 0.47981018361878347, 0.0], [0.06901006517901287, 0.0, 0.43466303922181637, 0.0]], "Opportunities": [[[0.4140894500976871, 6.162513475202664e-05, 0.06419284870002775, 1.0], [0.6044998511303172, 4.40700249580833e-05, 0.04590627599800344, 1.0], [0.6741739049300748, 8.293863910030643e-05, 0.08639441572948588, 1.0], [0.6946137486651166, 5.71419777259735e-05, 0.059522893464555734, 1.0], [0.5848718947324685, 3.609198414772964e-05, 0.037595816820551714, 1.0], [0.6102172042558602, 6.197922895687205e-05, 0.06456169683007505, 1.0], [0.47548135322866714, 3.902340873190774e-05, 0.04064938409573723, 1.0], [0.45231422425349377, 5.435837349093398e-05, 0.05662330571972289, 1.0]], [[0.6324899081548891, 4.244271601375917e-05, 0.04421116251433247, 1.0], [0.6765673450443398, 2.4887606219815826e-05, 0.025924589812308153, 1.0], [0.6242205517449234, 6.375622036203896e-05, 0.06641272954379059, 1.0], [0.5760901730429635, 3.7959558987706024e-05, 0.039541207278860444, 1.0], [0.4174725389009123, 1.6909565409462167e-05, 0.017614130634856423, 1.0], [0.6044817539465474, 4.279681021860458e-05, 0.04458001064437977, 1.0], [0.4730640966976477, 1.9840989993640264e-05, 0.020667697910041943, 1.0], [0.6325073937675625, 3.51759547526665e-05, 0.03664161953402761, 1.0]], [[0.0, 0.0, 0.0, 0.0], [0.4993258702763273, 1.6730238279691084e-05, 0.13941865233075904, 1.0], [0.0, 0.0, 0.0, 0.0], [0.0, 0.0, 0.0, 0.0], [0.4244784628873703, 8.752197469337428e-06, 0.07293497891114524, 1.0], [0.0, 0.0, 0.0, 0.0], [0.5335559176333786, 1.1683622053515524e-05, 0.09736351711262937, 1.0], [0.0, 0.0, 0.0, 0.0]], [[0.0, 0.0, 0.0, 0.0], [0.0, 0.0, 0.0, 0.0], [0.0, 0.0, 0.0, 0.0], [0.0, 0.0, 0.0, 0.0], [0.0, 0.0, 0.0, 0.0], [0.0, 0.0, 0.0, 0.0], [0.0, 0.0, 0.0, 0.0], [0.0, 0.0, 0.0, 0.0]]]}