{"Arena": [5.0, 25.0, 0.0, 50.0, 4.0], "Effectors": [[0.03163680799164353, 0.0, 0.03163680799164353, 0.0, 0.0, 1.3333333333333333e-05, 1.0, 0.0005, 0.3333333333333333, 0.001, 0.07692307692307693, 0.001], [0.021056025549679204, 0.0, 0.021056025549679204, 0.0, 0.0, 1.6666666666666667e-06, 1.0, 4e-05, 0.3333333333333333, 0.0015, 0.5, 0.001], [0.03887969429468949, 0.0, 0.03887969429468949, 0.0, 0.0, 1.6666666666666667e-06, 1.0, 4e-05, 0.3333333333333333, 0.0015, 0.5, 0.001], [0.03150860569966998, 0.0, 0.03150860569966998, 0.0, 0.0, 1.6666666666666667e-06, 1.0, 4e-05, 0.3333333333333333, 0.0015, 0.5, 0.001]], "Targets": [[0.09446035134995699, 0.0, 0.3943033610046071, 0.0], [0.06997660760304128, 0.0, 0.5046509575936198, 0.0], [0.09786790854116817, 0.0, 0.36553959599560387, 0.0], [0.05785973287117047, 0.0, 0.40066389210935727, 0.0], [0.07324538945307668, 0.0, 0.3530464666252696, 0.0], [0.066007308164351, 0.0, 0.39017020341716013, 0.0], [0.08453029482822853, 0.0, 0.3562223363815341, 0.0], [0.0630616926990849, 0.0, 0.42820311599446503, 0.0]], "Opportunities": [[[0.45886823259746096, 6.182354335831347e-05, 0.06439952433157653, 1.0], [0.5322415916849221, 3.7339799611397755e-05, 0.03889562459520599, 1.0], [0.4477410605040516, 6.523110054952464e-05, 0.0679490630724215, 1.0], [0.568271809020968, 2.5222924879526945e-05, 0.026273880082840567, 1.0], [0.6958704289745461, 4.0608581461433156e-05, 0.04230060568899287, 1.0], [0.5025115859496159, 3.337050017270748e-05, 0.034760937679903625, 1.0], [0.42510548346422894, 5.189348683658501e-05, 0.05405571545477605, 1.0], [0.6189637192335956, 3.0424884707441376e-05, 0.031692588236918104, 1.0]], [[0.0, 0.0, 0.0, 0.0], [0.0, 0.0, 0.0, 0.0], [0.0, 0.0, 0.0, 0.0], [0.0, 0.0, 0.0, 0.0], [0.0, 0.0, 0.0, 0.0], [0.0, 0.0, 0.0, 0.0], [0.0, 0.0, 0.0, 0.0], [0.0, 0.0, 0.0, 0.0]], [[0.0, 0.0, 0.0, 0.0], [0.0, 0.0, 0.0, 0.0], [0.0, 0.0, 0.0, 0.0], [0.57572214085737, 1.7480038576480984e-05, 0.14566698813734155, 1.0], [0.0, 0.0, 0.0, 0.0], [0.0, 0.0, 0.0, 0.0], [0.0, 0.0, 0.0, 0.0], [0.0, 0.0, 0.0, 0.0]], [[0.0, 0.0, 0.0, 0.0], [0.0, 0.0, 0.0, 0.0], [0.0, 0.0, 0.0, 0.0], [0.0, 0.0, 0.0, 0.0], [0.0, 0.0, 0.0, 0.0], [0.0, 0.0, 0.0, 0.0], [0.0, 0.0, 0.0, 0.0], [0.0, 0.0, 0.0, 0.0]]]}