{"Arena": [5.0, 25.0, 0.0, 50.0, 4.0], "Effectors": [[0.03429061049431197, 0.0, 0.03429061049431197, 0.0, 1.0, 0.002, 1.0, 0.0, 0.3333333333333333, 0.09, 0.05, 0.001], [0.03004029791997837, 0.0, 0.03004029791997837, 0.0, 0.0, 1.3333333333333333e-05, 1.0, 0.0005, 0.3333333333333333, 0.001, 0.07692307692307693, 0.001], [0.04506363487164989, 0.0, 0.04506363487164989, 0.0, 0.0, 1.3333333333333333e-05, 1.0, 0.0005, 0.3333333333333333, 0.001, 0.07692307692307693, 0.001], [0.04558430326026708, 0.0, 0.04558430326026708, 0.0, 0.0, 1.6666666666666667e-06, 1.0, 4e-05, 0.3333333333333333, 0.0015, 0.5, 0.001]], "Targets": [[0.07350760127332326, 0.0, 0.5247386658323053, 0.0], [0.06961399576227764, 0.0, 0.5849151225764718, 0.0], [0.07680694057736195, 0.0, 0.49827198365838843, 0.0], [0.06385223402771877, 0.0, 0.4899085065370017, 0.0], [0.05530811124894945, 0.0, 0.6412378713652558, 0.0], [0.06348632457186225, 0.0, 0.5658579619126122, 0.0], [0.08719910355584676, 0.0, 0.6052124635968988, 0.0], [0.08139529798545578, 0.0, 0.4657557136430407, 0.0]], "Opportunities": [[[0.5620540076605111, 0.0, 0.0, 1.0], [0.45258595919710387, 0.0, 0.0, 1.0], [0.4655351414545986, 0.0, 0.0, 1.0], [0.4565345344906486, 0.0, 0.0, 1.0], [0.5227426684916091, 0.0, 0.0, 1.0], [0.661732984939144, 0.0, 0.0, 1.0], [0.6847259619161473, 0.0, 0.0, 1.0], [0.5610319277141764, 0.0, 0.0, 1.0]], [[0.5550179619412554, 4.24673033533449e-05, 0.044236774326400934, 1.0], [0.5356559492320211, 3.857369784229928e-05, 0.04018093525239508, 1.0], [0.6797351537858384, 4.576664265738359e-05, 0.04767358610144124, 1.0], [0.4367694199920046, 3.28119361077404e-05, 0.034179100112229584, 1.0], [0.6614555995291017, 2.4267813328971084e-05, 0.025278972217678213, 1.0], [0.4570738662523491, 3.2446026651883887e-05, 0.03379794442904571, 1.0], [0.6288662749199917, 5.6158805635868395e-05, 0.058498755870696244, 1.0], [0.5841881872561873, 5.035500006547741e-05, 0.05245312506820564, 1.0]], [[0.5742407985327779, 2.7443966401673368e-05, 0.028587465001743095, 1.0], [0.4633901575798604, 2.3550360890627752e-05, 0.024531625927737243, 1.0], [0.40263094215903816, 3.074330570571207e-05, 0.0320242767767834, 1.0], [0.6208068900568116, 1.7788599156068875e-05, 0.018529790787571745, 1.0], [0.4935770273215698, 9.244476377299561e-06, 0.009629662893020377, 1.0], [0.6708960437780567, 1.7422689700212357e-05, 0.018148635104387873, 1.0], [0.6312124512645882, 4.1135468684196865e-05, 0.04284944654603841, 1.0], [0.6725946258139588, 3.533166311380589e-05, 0.0368038157435478, 1.0]], [[0.0, 0.0, 0.0, 0.0], [0.0, 0.0, 0.0, 0.0], [0.0, 0.0, 0.0, 0.0], [0.6659165412422872, 1.6767930767451686e-05, 0.13973275639543073, 1.0], [0.6653519298588868, 8.223807988682374e-06, 0.06853173323901979, 1.0], [0.5922810812564607, 1.6402021311595168e-05, 0.13668351092995976, 1.0], [0.0, 0.0, 0.0, 0.0], [0.0, 0.0, 0.0, 0.0]]]}