{"Arena": [5.0, 25.0, 0.0, 50.0, 4.0], "Effectors": [[0.015952078621778887, 0.0, 0.015952078621778887, 0.0, 1.0, 0.002, 1.0, 0.0, 0.3333333333333333, 0.09, 0.05, 0.001], [0.025522245742164034, 0.0, 0.025522245742164034, 0.0, 1.0, 0.002, 1.0, 0.0, 0.3333333333333333, 0.09, 0.05, 0.001], [0.03218135549550044, 0.0, 0.03218135549550044, 0.0, 0.0, 1.6666666666666667e-06, 1.0, 4e-05, 0.3333333333333333, 0.0015, 0.5, 0.001], [0.02322954137264228, 0.0, 0.02322954137264228, 0.0, 0.0, 1.6666666666666667e-06, 1.0, 4e-05, 0.3333333333333333, 0.0015, 0.5, 0.001]], "Targets": [[0.08007934379041036, 0.0, 0.3690745803372066, 0.0], [0.09285020893034086, 0.0, 0.3995915540421193, 0.0], [0.07112132694166855, 0.0, 0.6021900488391645, 0.0], [0.07649006284967809, 0.0, 0.3829736611921547, 0.0], [0.0836466421043393, 0.0, 0.36251376228217, 0.0], [0.09612135913917569, 0.0, 0.624935729814012, 0.0], [0.07268966893566525, 0.0, 0.6370917228868151, 0.0], [0.06468305386048434, 0.0, 0.48283466427593713, 0.0]], "Opportunities": [[[0.6907439743683648, 0.0, 0.0, 1.0], [0.6473953280723106, 0.0, 0.0, 1.0], [0.5287489110763881, 0.0, 0.0, 1.0], [0.6590636673949364, 0.0, 0.0, 1.0], [0.4658783834046231, 0.0, 0.0, 1.0], [0.616096693766265, 0.0, 0.0, 1.0], [0.5898479633669992, 0.0, 0.0, 1.0], [0.4393761796797652, 0.0, 0.0, 1.0]], [[0.5073589158920422, 0.0, 0.0, 1.0], [0.5755882465705007, 0.0, 0.0, 1.0], [0.5894406827093918, 0.0, 0.0, 1.0], [0.678809808598222, 0.0, 0.0, 1.0], [0.4978746929147292, 0.0, 0.0, 1.0], [0.667787129007428, 0.0, 0.0, 1.0], [0.6459759272979518, 0.0, 0.0, 1.0], [0.577952286543377, 0.0, 0.0, 1.0]], [[0.0, 0.0, 0.0, 0.0], [0.0, 0.0, 0.0, 0.0], [0.0, 0.0, 0.0, 0.0], [0.0, 0.0, 0.0, 0.0], [0.0, 0.0, 0.0, 0.0], [0.0, 0.0, 0.0, 0.0], [0.0, 0.0, 0.0, 0.0], [0.0, 0.0, 0.0, 0.0]], [[0.0, 0.0, 0.0, 0.0], [0.0, 0.0, 0.0, 0.0], [0.0, 0.0, 0.0, 0.0], [0.0, 0.0, 0.0, 0.0], [0.0, 0.0, 0.0, 0.0], [0.0, 0.0, 0.0, 0.0], [0.0, 0.0, 0.0, 0.0], [0.0, 0.0, 0.0, 0.0]]]}