{"Arena": [5.0, 25.0, 0.0, 50.0, 4.0], "Effectors": [[0.03622285831199886, 0.0, 0.03622285831199886, 0.0, 1.0, 0.002, 1.0, 0.0, 0.3333333333333333, 0.09, 0.05, 0.001], [0.022891332206766094, 0.0, 0.022891332206766094, 0.0, 0.0, 1.6666666666666667e-06, 1.0, 4e-05, 0.3333333333333333, 0.0015, 0.5, 0.001], [0.02050200608981042, 0.0, 0.02050200608981042, 0.0, 0.0, 1.6666666666666667e-06, 1.0, 4e-05, 0.3333333333333333, 0.0015, 0.5, 0.001], [0.023985203368357254, 0.0, 0.023985203368357254, 0.0, 0.0, 1.6666666666666667e-06, 1.0, 4e-05, 0.3333333333333333, 0.0015, 0.5, 0.001]], "Targets": [[0.09723020531124928, 0.0, 0.624074492408961, 0.0], [0.08426907617981587, 0.0, 0.4619400686993526, 0.0], [0.053198889416813284, 0.0, 0.4363699450652152, 0.0], [0.09169239230160248, 0.0, 0.5052729055546794, 0.0], [0.09154568861788338, 0.0, 0.5258063691192534, 0.0], [0.08176802861223473, 0.0, 0.6296733388776777, 0.0], [0.09302793468567482, 0.0, 0.5083685743306583, 0.0], [0.09946148701847642, 0.0, 0.5417248849676574, 0.0]], "Opportunities": [[[0.4798217999360712, 0.0, 0.0, 1.0], [0.5685865100828178, 0.0, 0.0, 1.0], [0.4367692980730724, 0.0, 0.0, 1.0], [0.42627463654199244, 0.0, 0.0, 1.0], [0.6361531195706518, 0.0, 0.0, 1.0], [0.5220048817976298, 0.0, 0.0, 1.0], [0.4197565298871009, 0.0, 0.0, 1.0], [0.5262832859230107, 0.0, 0.0, 1.0]], [[0.0, 0.0, 0.0, 0.0], [0.0, 0.0, 0.0, 0.0], [0.0, 0.0, 0.0, 0.0], [0.0, 0.0, 0.0, 0.0], [0.0, 0.0, 0.0, 0.0], [0.0, 0.0, 0.0, 0.0], [0.0, 0.0, 0.0, 0.0], [0.0, 0.0, 0.0, 0.0]], [[0.0, 0.0, 0.0, 0.0], [0.0, 0.0, 0.0, 0.0], [0.0, 0.0, 0.0, 0.0], [0.0, 0.0, 0.0, 0.0], [0.0, 0.0, 0.0, 0.0], [0.0, 0.0, 0.0, 0.0], [0.0, 0.0, 0.0, 0.0], [0.0, 0.0, 0.0, 0.0]], [[0.0, 0.0, 0.0, 0.0], [0.0, 0.0, 0.0, 0.0], [0.0, 0.0, 0.0, 0.0], [0.0, 0.0, 0.0, 0.0], [0.0, 0.0, 0.0, 0.0], [0.0, 0.0, 0.0, 0.0], [0.0, 0.0, 0.0, 0.0], [0.0, 0.0, 0.0, 0.0]]]}