{"Arena": [5.0, 25.0, 0.0, 50.0, 4.0], "Effectors": [[0.02466130157464339, 0.0, 0.02466130157464339, 0.0, 1.0, 0.002, 1.0, 0.0, 0.3333333333333333, 0.09, 0.05, 0.001], [0.04750722758609819, 0.0, 0.04750722758609819, 0.0, 0.0, 1.3333333333333333e-05, 1.0, 0.0005, 0.3333333333333333, 0.001, 0.07692307692307693, 0.001], [0.023683607855930218, 0.0, 0.023683607855930218, 0.0, 0.0, 1.6666666666666667e-06, 1.0, 4e-05, 0.3333333333333333, 0.0015, 0.5, 0.001], [0.02559513551471095, 0.0, 0.02559513551471095, 0.0, 0.0, 1.6666666666666667e-06, 1.0, 4e-05, 0.3333333333333333, 0.0015, 0.5, 0.001]], "Targets": [[0.06660801009612154, 0.0, 0.6168094582250964, 0.0], [0.0734282068450868, 0.0, 0.5959058534990858, 0.0], [0.07418409545661385, 0.0, 0.38755976063612485, 0.0], [0.07960861498640129, 0.0, 0.5141149737911977, 0.0], [0.0814511136824888, 0.0, 0.5633259095903548, 0.0], [0.07386324125138453, 0.0, 0.6018904531336642, 0.0], [0.08646370557009705, 0.0, 0.5828314564302569, 0.0], [0.05613387422862641, 0.0, 0.5218042629971107, 0.0]], "Opportunities": [[[0.6064460295688886, 0.0, 0.0, 1.0], [0.6074898550872704, 0.0, 0.0, 1.0], [0.6372609447388563, 0.0, 0.0, 1.0], [0.469770080323262, 0.0, 0.0, 1.0], [0.4521192709089542, 0.0, 0.0, 1.0], [0.5674962855386417, 0.0, 0.0, 1.0], [0.5089986302863478, 0.0, 0.0, 1.0], [0.5207334896126854, 0.0, 0.0, 1.0]], [[0.43780669821980084, 1.8100782510023347e-05, 0.01885498178127432, 1.0], [0.6619603956941931, 2.492097925898861e-05, 0.025959353394779804, 1.0], [0.4059753193499256, 2.567686787051566e-05, 0.02674673736512048, 1.0], [0.506501076736167, 3.11013874003031e-05, 0.03239727854198239, 1.0], [0.5745534018369963, 3.2943886096390604e-05, 0.034316548017073546, 1.0], [0.54323931002584, 2.5356013665286343e-05, 0.026412514234673275, 1.0], [0.4396659172030595, 3.7956477983998865e-05, 0.03953799789999882, 1.0], [0.6153001380240506, 7.62664664252822e-06, 0.007944423585966896, 1.0]], [[0.0, 0.0, 0.0, 0.0], [0.0, 0.0, 0.0, 0.0], [0.0, 0.0, 0.0, 0.0], [0.0, 0.0, 0.0, 0.0], [0.0, 0.0, 0.0, 0.0], [0.0, 0.0, 0.0, 0.0], [0.0, 0.0, 0.0, 0.0], [0.0, 0.0, 0.0, 0.0]], [[0.0, 0.0, 0.0, 0.0], [0.0, 0.0, 0.0, 0.0], [0.0, 0.0, 0.0, 0.0], [0.0, 0.0, 0.0, 0.0], [0.0, 0.0, 0.0, 0.0], [0.0, 0.0, 0.0, 0.0], [0.0, 0.0, 0.0, 0.0], [0.0, 0.0, 0.0, 0.0]]]}