{"Arena": [5.0, 25.0, 0.0, 50.0, 4.0], "Effectors": [[0.01413440680317994, 0.0, 0.01413440680317994, 0.0, 1.0, 0.002, 1.0, 0.0, 0.3333333333333333, 0.09, 0.05, 0.001], [0.020292084705870277, 0.0, 0.020292084705870277, 0.0, 1.0, 0.002, 1.0, 0.0, 0.3333333333333333, 0.09, 0.05, 0.001], [0.03760145754632206, 0.0, 0.03760145754632206, 0.0, 1.0, 0.002, 1.0, 0.0, 0.3333333333333333, 0.09, 0.05, 0.001], [0.022533638647487284, 0.0, 0.022533638647487284, 0.0, 0.0, 1.6666666666666667e-06, 1.0, 4e-05, 0.3333333333333333, 0.0015, 0.5, 0.001]], "Targets": [[0.09025350029041163, 0.0, 0.4883768433636856, 0.0], [0.07820004612250465, 0.0, 0.41093785053359994, 0.0], [0.06235634819125184, 0.0, 0.3501137433559298, 0.0], [0.08262768991412096, 0.0, 0.551559954332411, 0.0], [0.05287272668869797, 0.0, 0.35517508744493975, 0.0], [0.09099875885649517, 0.0, 0.5284147314525657, 0.0], [0.08981223211937879, 0.0, 0.42669556536329656, 0.0], [0.08003969606189795, 0.0, 0.35686671666112146, 0.0]], "Opportunities": [[[0.5847338822254862, 0.0, 0.0, 1.0], [0.5681932992817695, 0.0, 0.0, 1.0], [0.6299815789796027, 0.0, 0.0, 1.0], [0.48781025576411935, 0.0, 0.0, 1.0], [0.6498502709263901, 0.0, 0.0, 1.0], [0.5933701797545998, 0.0, 0.0, 1.0], [0.4412529127283604, 0.0, 0.0, 1.0], [0.6689683145721742, 0.0, 0.0, 1.0]], [[0.46750753906675435, 0.0, 0.0, 1.0], [0.5619189583051748, 0.0, 0.0, 1.0], [0.5489566942356878, 0.0, 0.0, 1.0], [0.6285059257741339, 0.0, 0.0, 1.0], [0.5275134189103583, 0.0, 0.0, 1.0], [0.60376291889687, 0.0, 0.0, 1.0], [0.5730974434049447, 0.0, 0.0, 1.0], [0.5048909665190778, 0.0, 0.0, 1.0]], [[0.6968697502665128, 0.0, 0.0, 1.0], [0.5758990523750569, 0.0, 0.0, 1.0], [0.6368865050861824, 0.0, 0.0, 1.0], [0.5737579487944351, 0.0, 0.0, 1.0], [0.510249035323444, 0.0, 0.0, 1.0], [0.46587299957786066, 0.0, 0.0, 1.0], [0.4103811693832076, 0.0, 0.0, 1.0], [0.4326584063397302, 0.0, 0.0, 1.0]], [[0.0, 0.0, 0.0, 0.0], [0.0, 0.0, 0.0, 0.0], [0.0, 0.0, 0.0, 0.0], [0.0, 0.0, 0.0, 0.0], [0.0, 0.0, 0.0, 0.0], [0.0, 0.0, 0.0, 0.0], [0.0, 0.0, 0.0, 0.0], [0.0, 0.0, 0.0, 0.0]]]}