{"Arena": [5.0, 25.0, 0.0, 50.0, 4.0], "Effectors": [[0.03021643585048251, 0.0, 0.03021643585048251, 0.0, 1.0, 0.002, 1.0, 0.0, 0.3333333333333333, 0.09, 0.05, 0.001], [0.021904995924173883, 0.0, 0.021904995924173883, 0.0, 0.0, 1.6666666666666667e-06, 1.0, 4e-05, 0.3333333333333333, 0.0015, 0.5, 0.001], [0.024633242260768955, 0.0, 0.024633242260768955, 0.0, 0.0, 1.6666666666666667e-06, 1.0, 4e-05, 0.3333333333333333, 0.0015, 0.5, 0.001], [0.019488617416242027, 0.0, 0.019488617416242027, 0.0, 0.0, 1.6666666666666667e-06, 1.0, 4e-05, 0.3333333333333333, 0.0015, 0.5, 0.001]], "Targets": [[0.05877899279636647, 0.0, 0.47809298150315654, 0.0], [0.08637884321756338, 0.0, 0.3851166214075342, 0.0], [0.09063265120888439, 0.0, 0.37677539515645386, 0.0], [0.052856752591893416, 0.0, 0.5158789624068874, 0.0], [0.09614631685906119, 0.0, 0.5965004086632983, 0.0], [0.09666661343872186, 0.0, 0.36329856248148074, 0.0], [0.07978298814255863, 0.0, 0.602043047958337, 0.0], [0.09772432854862652, 0.0, 0.5239286757440242, 0.0]], "Opportunities": [[[0.6173622713784438, 0.0, 0.0, 1.0], [0.5339267979610526, 0.0, 0.0, 1.0], [0.6670443296282802, 0.0, 0.0, 1.0], [0.6925558658622669, 0.0, 0.0, 1.0], [0.5559670834688977, 0.0, 0.0, 1.0], [0.4462131066746913, 0.0, 0.0, 1.0], [0.5873599274598622, 0.0, 0.0, 1.0], [0.5913188802553253, 0.0, 0.0, 1.0]], [[0.0, 0.0, 0.0, 0.0], [0.0, 0.0, 0.0, 0.0], [0.0, 0.0, 0.0, 0.0], [0.0, 0.0, 0.0, 0.0], [0.0, 0.0, 0.0, 0.0], [0.0, 0.0, 0.0, 0.0], [0.0, 0.0, 0.0, 0.0], [0.0, 0.0, 0.0, 0.0]], [[0.0, 0.0, 0.0, 0.0], [0.0, 0.0, 0.0, 0.0], [0.0, 0.0, 0.0, 0.0], [0.0, 0.0, 0.0, 0.0], [0.0, 0.0, 0.0, 0.0], [0.0, 0.0, 0.0, 0.0], [0.0, 0.0, 0.0, 0.0], [0.0, 0.0, 0.0, 0.0]], [[0.0, 0.0, 0.0, 0.0], [0.0, 0.0, 0.0, 0.0], [0.0, 0.0, 0.0, 0.0], [0.0, 0.0, 0.0, 0.0], [0.0, 0.0, 0.0, 0.0], [0.0, 0.0, 0.0, 0.0], [0.0, 0.0, 0.0, 0.0], [0.0, 0.0, 0.0, 0.0]]]}