{"Arena": [5.0, 25.0, 0.0, 50.0, 4.0], "Effectors": [[0.049359036267004164, 0.0, 0.049359036267004164, 0.0, 1.0, 0.002, 1.0, 0.0, 0.3333333333333333, 0.09, 0.05, 0.001], [0.03247137039373986, 0.0, 0.03247137039373986, 0.0, 1.0, 0.002, 1.0, 0.0, 0.3333333333333333, 0.09, 0.05, 0.001], [0.04995498307125635, 0.0, 0.04995498307125635, 0.0, 1.0, 0.002, 1.0, 0.0, 0.3333333333333333, 0.09, 0.05, 0.001], [0.03417548036471228, 0.0, 0.03417548036471228, 0.0, 1.0, 0.002, 1.0, 0.0, 0.3333333333333333, 0.09, 0.05, 0.001]], "Targets": [[0.05694421090402737, 0.0, 0.5807367295679358, 0.0], [0.0982639805153936, 0.0, 0.6000517904559551, 0.0], [0.09418203426677783, 0.0, 0.4165310571897137, 0.0], [0.07573545333315854, 0.0, 0.39222988646191914, 0.0], [0.0562972351650486, 0.0, 0.5874627186719867, 0.0], [0.05816861384643425, 0.0, 0.48801819324337703, 0.0], [0.07271201634581681, 0.0, 0.6302082153924748, 0.0], [0.05574737031259241, 0.0, 0.5336030167159612, 0.0]], "Opportunities": [[[0.42863274175022065, 0.0, 0.0, 1.0], [0.6537870595710462, 0.0, 0.0, 1.0], [0.6758629297057098, 0.0, 0.0, 1.0], [0.49462365604811187, 0.0, 0.0, 1.0], [0.5177838320381769, 0.0, 0.0, 1.0], [0.586034907792245, 0.0, 0.0, 1.0], [0.5070672727614078, 0.0, 0.0, 1.0], [0.645478693594252, 0.0, 0.0, 1.0]], [[0.6838326179599991, 0.0, 0.0, 1.0], [0.671165573225522, 0.0, 0.0, 1.0], [0.6063564463650337, 0.0, 0.0, 1.0], [0.6703416630747319, 0.0, 0.0, 1.0], [0.6678331351970406, 0.0, 0.0, 1.0], [0.40095380139256226, 0.0, 0.0, 1.0], [0.5492800904077815, 0.0, 0.0, 1.0], [0.6701693331134814, 0.0, 0.0, 1.0]], [[0.5474650809796151, 0.0, 0.0, 1.0], [0.5753696981387197, 0.0, 0.0, 1.0], [0.6766379528575108, 0.0, 0.0, 1.0], [0.6499735036046221, 0.0, 0.0, 1.0], [0.5528375853166605, 0.0, 0.0, 1.0], [0.6553338176914297, 0.0, 0.0, 1.0], [0.43724104967169436, 0.0, 0.0, 1.0], [0.6847668382040333, 0.0, 0.0, 1.0]], [[0.6748719559561149, 0.0, 0.0, 1.0], [0.5815965991258488, 0.0, 0.0, 1.0], [0.6516577669520489, 0.0, 0.0, 1.0], [0.664944975219369, 0.0, 0.0, 1.0], [0.42040108647584684, 0.0, 0.0, 1.0], [0.5218374722148711, 0.0, 0.0, 1.0], [0.6369448322547847, 0.0, 0.0, 1.0], [0.5074137603642606, 0.0, 0.0, 1.0]]]}