{"Arena": [5.0, 25.0, 0.0, 50.0, 4.0], "Effectors": [[0.049982428505139176, 0.0, 0.049982428505139176, 0.0, 1.0, 0.002, 1.0, 0.0, 0.3333333333333333, 0.09, 0.05, 0.001], [0.03871222034757207, 0.0, 0.03871222034757207, 0.0, 1.0, 0.002, 1.0, 0.0, 0.3333333333333333, 0.09, 0.05, 0.001], [0.019468708090182297, 0.0, 0.019468708090182297, 0.0, 0.0, 1.3333333333333333e-05, 1.0, 0.0005, 0.3333333333333333, 0.001, 0.07692307692307693, 0.001], [0.03698251838138103, 0.0, 0.03698251838138103, 0.0, 0.0, 1.3333333333333333e-05, 1.0, 0.0005, 0.3333333333333333, 0.001, 0.07692307692307693, 0.001]], "Targets": [[0.07772206796788299, 0.0, 0.5523658703831371, 0.0], [0.09538391408455885, 0.0, 0.41130579452323063, 0.0], [0.0634839230858851, 0.0, 0.39541323341666196, 0.0], [0.06054135571255375, 0.0, 0.37102076504619913, 0.0], [0.07475427715926104, 0.0, 0.4464564518905722, 0.0], [0.06415108168097683, 0.0, 0.6327124249948453, 0.0], [0.05119950850931898, 0.0, 0.5098097319196454, 0.0], [0.07145937162730027, 0.0, 0.36795517198884453, 0.0]], "Opportunities": [[[0.6724759892222596, 0.0, 0.0, 1.0], [0.4951003438162857, 0.0, 0.0, 1.0], [0.6358398960119538, 0.0, 0.0, 1.0], [0.4024433254203182, 0.0, 0.0, 1.0], [0.6921922121254944, 0.0, 0.0, 1.0], [0.5709541934634803, 0.0, 0.0, 1.0], [0.6345096487173759, 0.0, 0.0, 1.0], [0.4203796707773644, 0.0, 0.0, 1.0]], [[0.6455311831909466, 0.0, 0.0, 1.0], [0.6675035843075883, 0.0, 0.0, 1.0], [0.649598553009857, 0.0, 0.0, 1.0], [0.6212911191131105, 0.0, 0.0, 1.0], [0.6027182063794203, 0.0, 0.0, 1.0], [0.4900163655299396, 0.0, 0.0, 1.0], [0.5540451573359134, 0.0, 0.0, 1.0], [0.6904608851595289, 0.0, 0.0, 1.0]], [[0.5886404451053683, 5.7253359877700694e-05, 0.05963891653927156, 1.0], [0.4254674173658276, 7.491520599437656e-05, 0.07803667291080892, 1.0], [0.523911446591222, 4.301521499570281e-05, 0.044807515620523757, 1.0], [0.46936966103943056, 4.007264762237145e-05, 0.0417423412733036, 1.0], [0.44940447859530747, 5.428556906907875e-05, 0.056547467780290364, 1.0], [0.6458870749895684, 4.368237359079454e-05, 0.04550247249041098, 1.0], [0.5994189411602735, 3.0730800419136684e-05, 0.03201125043660072, 1.0], [0.653587846957055, 5.099066353711798e-05, 0.05311527451783123, 1.0]], [[0.4389484273431761, 3.973954958650196e-05, 0.04139536415260621, 1.0], [0.4738816699566794, 5.7401395703177813e-05, 0.05979312052414356, 1.0], [0.4410717630965542, 2.5501404704504072e-05, 0.026563963233858408, 1.0], [0.5462734991505609, 2.255883733117272e-05, 0.023498788886638252, 1.0], [0.5054252076992635, 3.677175877788001e-05, 0.038303915393625015, 1.0], [0.4303969614409498, 2.61685632995958e-05, 0.027258920103745626, 1.0], [0.457655080563418, 1.321699012793795e-05, 0.013767698049935365, 1.0], [0.5269315011071927, 3.347685324591925e-05, 0.03487172213116588, 1.0]]]}