{"Arena": [5.0, 25.0, 0.0, 50.0, 4.0], "Effectors": [[0.03941461221216942, 0.0, 0.03941461221216942, 0.0, 1.0, 0.002, 1.0, 0.0, 0.3333333333333333, 0.09, 0.05, 0.001], [0.04988658938926342, 0.0, 0.04988658938926342, 0.0, 1.0, 0.002, 1.0, 0.0, 0.3333333333333333, 0.09, 0.05, 0.001], [0.016687597334355972, 0.0, 0.016687597334355972, 0.0, 0.0, 1.3333333333333333e-05, 1.0, 0.0005, 0.3333333333333333, 0.001, 0.07692307692307693, 0.001], [0.02440614627545095, 0.0, 0.02440614627545095, 0.0, 0.0, 1.6666666666666667e-06, 1.0, 4e-05, 0.3333333333333333, 0.0015, 0.5, 0.001]], "Targets": [[0.06128170438297748, 0.0, 0.4234610449860732, 0.0], [0.06521073890249766, 0.0, 0.3708716466063301, 0.0], [0.07700564178969965, 0.0, 0.5596431022782166, 0.0], [0.07367202814972516, 0.0, 0.48857878534669, 0.0], [0.08600250082143773, 0.0, 0.3731986481218448, 0.0], [0.09021204483104972, 0.0, 0.35366859089390795, 0.0], [0.08687495910708799, 0.0, 0.6255675000753669, 0.0], [0.07850810303372774, 0.0, 0.36875325447936974, 0.0]], "Opportunities": [[[0.42681681001992916, 0.0, 0.0, 1.0], [0.6887665380563402, 0.0, 0.0, 1.0], [0.5124024565870109, 0.0, 0.0, 1.0], [0.5627129442115156, 0.0, 0.0, 1.0], [0.6338197896570071, 0.0, 0.0, 1.0], [0.595367668242684, 0.0, 0.0, 1.0], [0.6859413515205512, 0.0, 0.0, 1.0], [0.5829068818386394, 0.0, 0.0, 1.0]], [[0.6057566398167793, 0.0, 0.0, 1.0], [0.43051416231821693, 0.0, 0.0, 1.0], [0.5899065220459611, 0.0, 0.0, 1.0], [0.6253564226934641, 0.0, 0.0, 1.0], [0.5585948593514722, 0.0, 0.0, 1.0], [0.47009028881153525, 0.0, 0.0, 1.0], [0.4892417633175763, 0.0, 0.0, 1.0], [0.6659512635671152, 0.0, 0.0, 1.0]], [[0.6043887991085422, 4.359410704862151e-05, 0.045410528175647405, 1.0], [0.5948868203446377, 4.752314156814169e-05, 0.04950327246681426, 1.0], [0.5529959666286929, 5.931804445534368e-05, 0.061789629640983, 1.0], [0.4866526683358859, 5.598443081536919e-05, 0.058317115432676245, 1.0], [0.5382238165602375, 6.831490348708176e-05, 0.0711613577990435, 1.0], [0.6000755630682469, 7.252444749669375e-05, 0.07554629947572265, 1.0], [0.5140063216988351, 6.918736177273202e-05, 0.07207016851326252, 1.0], [0.4916130709209949, 6.0820505699371766e-05, 0.06335469343684559, 1.0]], [[0.0, 0.0, 0.0, 0.0], [0.0, 0.0, 0.0, 0.0], [0.0, 0.0, 0.0, 0.0], [0.0, 0.0, 0.0, 0.0], [0.0, 0.0, 0.0, 0.0], [0.0, 0.0, 0.0, 0.0], [0.0, 0.0, 0.0, 0.0], [0.0, 0.0, 0.0, 0.0]]]}