{"Arena": [5.0, 25.0, 0.0, 50.0, 4.0], "Effectors": [[0.023583630775981957, 0.0, 0.023583630775981957, 0.0, 1.0, 0.002, 1.0, 0.0, 0.3333333333333333, 0.09, 0.05, 0.001], [0.030924553892988264, 0.0, 0.030924553892988264, 0.0, 0.0, 1.3333333333333333e-05, 1.0, 0.0005, 0.3333333333333333, 0.001, 0.07692307692307693, 0.001], [0.030032671694989667, 0.0, 0.030032671694989667, 0.0, 0.0, 1.3333333333333333e-05, 1.0, 0.0005, 0.3333333333333333, 0.001, 0.07692307692307693, 0.001], [0.013300902432593728, 0.0, 0.013300902432593728, 0.0, 0.0, 1.6666666666666667e-06, 1.0, 4e-05, 0.3333333333333333, 0.0015, 0.5, 0.001]], "Targets": [[0.0704137066329309, 0.0, 0.357181205715767, 0.0], [0.09272038285038055, 0.0, 0.5316073883680741, 0.0], [0.07269255933553337, 0.0, 0.43406865620082286, 0.0], [0.09703232694848717, 0.0, 0.6091485762535249, 0.0], [0.07442414775634776, 0.0, 0.4355601776325615, 0.0], [0.08295194282111903, 0.0, 0.5163617274169232, 0.0], [0.07864412457683147, 0.0, 0.5494651553249921, 0.0], [0.09196092181012609, 0.0, 0.39112558747521786, 0.0]], "Opportunities": [[[0.4613456912901701, 0.0, 0.0, 1.0], [0.5823459364201586, 0.0, 0.0, 1.0], [0.6854069104183657, 0.0, 0.0, 1.0], [0.5305293802717659, 0.0, 0.0, 1.0], [0.6067320052707105, 0.0, 0.0, 1.0], [0.4940092365213299, 0.0, 0.0, 1.0], [0.5639541414087961, 0.0, 0.0, 1.0], [0.4985668977630272, 0.0, 0.0, 1.0]], [[0.4851983322185452, 3.848915273994263e-05, 0.04009286743744025, 1.0], [0.5863345813449438, 6.079582895739229e-05, 0.06332898849728363, 1.0], [0.47768991378893966, 4.076800544254511e-05, 0.04246667233598449, 1.0], [0.42844338225623946, 6.51077730554989e-05, 0.06782059693281137, 1.0], [0.6309877214467448, 4.24995938633595e-05, 0.04427041027433281, 1.0], [0.5796410535622908, 5.1027388928130774e-05, 0.05315353013346956, 1.0], [0.5798315624739416, 4.6719570683843204e-05, 0.04866621946233667, 1.0], [0.43821405337985775, 6.0036367917137836e-05, 0.06253788324701857, 1.0]], [[0.6887541050116921, 3.938103493794123e-05, 0.04102191139368878, 1.0], [0.5413298684755627, 6.168771115539088e-05, 0.06425803245353216, 1.0], [0.5181160656203613, 4.1659887640543704e-05, 0.04339571629223302, 1.0], [0.470485605115612, 6.599965525349749e-05, 0.0687496408890599, 1.0], [0.43983880100001094, 4.339147606135809e-05, 0.045199454230581346, 1.0], [0.5506970933258843, 5.191927112612937e-05, 0.054082574089718095, 1.0], [0.6151218315066299, 4.76114528818418e-05, 0.04959526341858521, 1.0], [0.5954307103108983, 6.0928250115136423e-05, 0.06346692720326712, 1.0]], [[0.0, 0.0, 0.0, 0.0], [0.0, 0.0, 0.0, 0.0], [0.0, 0.0, 0.0, 0.0], [0.0, 0.0, 0.0, 0.0], [0.0, 0.0, 0.0, 0.0], [0.0, 0.0, 0.0, 0.0], [0.0, 0.0, 0.0, 0.0], [0.0, 0.0, 0.0, 0.0]]]}