{"Arena": [5.0, 25.0, 0.0, 50.0, 4.0], "Effectors": [[0.031593076082662305, 0.0, 0.031593076082662305, 0.0, 1.0, 0.002, 1.0, 0.0, 0.3333333333333333, 0.09, 0.05, 0.001], [0.03820780198172697, 0.0, 0.03820780198172697, 0.0, 0.0, 1.6666666666666667e-06, 1.0, 4e-05, 0.3333333333333333, 0.0015, 0.5, 0.001], [0.012431462836481092, 0.0, 0.012431462836481092, 0.0, 0.0, 1.6666666666666667e-06, 1.0, 4e-05, 0.3333333333333333, 0.0015, 0.5, 0.001], [0.011537360494511319, 0.0, 0.011537360494511319, 0.0, 0.0, 1.6666666666666667e-06, 1.0, 4e-05, 0.3333333333333333, 0.0015, 0.5, 0.001]], "Targets": [[0.053914860813490444, 0.0, 0.6098191101998598, 0.0], [0.0620245793921006, 0.0, 0.615205867793995, 0.0], [0.0600503286737318, 0.0, 0.3781313370152727, 0.0], [0.08973891109173575, 0.0, 0.4085741697452818, 0.0], [0.06965506249718768, 0.0, 0.4321550113733844, 0.0], [0.07375732855787391, 0.0, 0.45589208597859343, 0.0], [0.05198585653036397, 0.0, 0.48986821720422824, 0.0], [0.08906526990399909, 0.0, 0.45142817623399834, 0.0]], "Opportunities": [[[0.5515442257783032, 0.0, 0.0, 1.0], [0.5438171895008008, 0.0, 0.0, 1.0], [0.5818174273768455, 0.0, 0.0, 1.0], [0.6109196002527107, 0.0, 0.0, 1.0], [0.615701523210634, 0.0, 0.0, 1.0], [0.6166909569554532, 0.0, 0.0, 1.0], [0.5315553010604582, 0.0, 0.0, 1.0], [0.5649127207983267, 0.0, 0.0, 1.0]], [[0.49496723905378176, 1.4207058831763474e-05, 0.11839215693136229, 1.0], [0.0, 0.0, 0.0, 0.0], [0.0, 0.0, 0.0, 0.0], [0.0, 0.0, 0.0, 0.0], [0.0, 0.0, 0.0, 0.0], [0.0, 0.0, 0.0, 0.0], [0.40549928297420806, 1.2278054548637002e-05, 0.10231712123864169, 1.0], [0.0, 0.0, 0.0, 0.0]], [[0.0, 0.0, 0.0, 0.0], [0.0, 0.0, 0.0, 0.0], [0.0, 0.0, 0.0, 0.0], [0.0, 0.0, 0.0, 0.0], [0.0, 0.0, 0.0, 0.0], [0.0, 0.0, 0.0, 0.0], [0.0, 0.0, 0.0, 0.0], [0.0, 0.0, 0.0, 0.0]], [[0.0, 0.0, 0.0, 0.0], [0.0, 0.0, 0.0, 0.0], [0.0, 0.0, 0.0, 0.0], [0.0, 0.0, 0.0, 0.0], [0.0, 0.0, 0.0, 0.0], [0.0, 0.0, 0.0, 0.0], [0.0, 0.0, 0.0, 0.0], [0.0, 0.0, 0.0, 0.0]]]}