{"Arena": [5.0, 25.0, 0.0, 50.0, 4.0], "Effectors": [[0.040527100228332245, 0.0, 0.040527100228332245, 0.0, 0.0, 1.3333333333333333e-05, 1.0, 0.0005, 0.3333333333333333, 0.001, 0.07692307692307693, 0.001], [0.044569358130380154, 0.0, 0.044569358130380154, 0.0, 0.0, 1.3333333333333333e-05, 1.0, 0.0005, 0.3333333333333333, 0.001, 0.07692307692307693, 0.001], [0.02923377976801636, 0.0, 0.02923377976801636, 0.0, 0.0, 1.3333333333333333e-05, 1.0, 0.0005, 0.3333333333333333, 0.001, 0.07692307692307693, 0.001], [0.044496004829816034, 0.0, 0.044496004829816034, 0.0, 0.0, 1.3333333333333333e-05, 1.0, 0.0005, 0.3333333333333333, 0.001, 0.07692307692307693, 0.001]], "Targets": [[0.06530385466944882, 0.0, 0.3855463524166423, 0.0], [0.060493577434454646, 0.0, 0.6070126570998654, 0.0], [0.06400759733513128, 0.0, 0.4131302159239961, 0.0], [0.05689370946155405, 0.0, 0.5302790975334664, 0.0], [0.09185198626182685, 0.0, 0.4346019276231987, 0.0], [0.05176429807810336, 0.0, 0.6027628375273719, 0.0], [0.0938344279217298, 0.0, 0.4641633257642846, 0.0], [0.05494996336103028, 0.0, 0.5316457709438636, 0.0]], "Opportunities": [[[0.563465130432376, 2.3776754441116578e-05, 0.02476745254282977, 1.0], [0.6642861024173421, 1.89664772061224e-05, 0.019756747089710834, 1.0], [0.4995983341440209, 2.2480497106799038e-05, 0.023417184486248997, 1.0], [0.5884597071383917, 1.5366609233221805e-05, 0.016006884617939383, 1.0], [0.6795943964502489, 5.03248860334946e-05, 0.052421756284890215, 1.0], [0.584387924203109, 1.0237197849771111e-05, 0.010663747760178241, 1.0], [0.6316287527011475, 5.2307327693397556e-05, 0.05448679968062246, 1.0], [0.5786339659823024, 1.3422863132698033e-05, 0.013982149096560452, 1.0]], [[0.5586964582755316, 1.973449653906867e-05, 0.02055676722819653, 1.0], [0.41528066494635374, 1.4924219304074491e-05, 0.015546061775077594, 1.0], [0.4196426178928649, 1.843823920475113e-05, 0.019206499171615758, 1.0], [0.5818710822031206, 1.1324351331173898e-05, 0.011796199303306143, 1.0], [0.6185094359838671, 4.628262813144669e-05, 0.048211070970256974, 1.0], [0.49735940218197805, 6.194939947723203e-06, 0.0064530624455450035, 1.0], [0.4131111212838718, 4.826506979134965e-05, 0.050276114365989215, 1.0], [0.6074367439242048, 9.380605230650124e-06, 0.009771463781927213, 1.0]], [[0.4549577329564122, 3.507007490143246e-05, 0.036531328022325484, 1.0], [0.4204192830970858, 3.0259797666438286e-05, 0.03152062256920655, 1.0], [0.4737857385619833, 3.377381756711492e-05, 0.035181059965744714, 1.0], [0.4305319501954596, 2.6659929693537693e-05, 0.027770760097435097, 1.0], [0.5875051366122261, 6.161820649381049e-05, 0.06418563176438592, 1.0], [0.4549332138071509, 2.1530518310086998e-05, 0.022427623239673955, 1.0], [0.5496618297810453, 6.360064815371344e-05, 0.06625067516011816, 1.0], [0.5468133168632171, 2.471618359301392e-05, 0.025746024576056167, 1.0]], [[0.49693194341422126, 1.980784983963279e-05, 0.020633176916284156, 1.0], [0.6350359652994234, 1.4997572604638612e-05, 0.01562247146316522, 1.0], [0.44478243139232904, 1.8511592505315247e-05, 0.019282908859703383, 1.0], [0.4347857882575926, 1.1397704631738018e-05, 0.011872608991393769, 1.0], [0.4851787088077701, 4.6355981432010814e-05, 0.0482874806583446, 1.0], [0.4597257388309801, 6.268293248287324e-06, 0.006529472133632629, 1.0], [0.6900873012024502, 4.833842309191377e-05, 0.05035252405407684, 1.0], [0.564638984825114, 9.453958531214244e-06, 0.009847873470014838, 1.0]]]}