{"Arena": [5.0, 25.0, 0.0, 50.0, 4.0], "Effectors": [[0.03904355712714361, 0.0, 0.03904355712714361, 0.0, 1.0, 0.002, 1.0, 0.0, 0.3333333333333333, 0.09, 0.05, 0.001], [0.03173988774723048, 0.0, 0.03173988774723048, 0.0, 0.0, 1.3333333333333333e-05, 1.0, 0.0005, 0.3333333333333333, 0.001, 0.07692307692307693, 0.001], [0.03146489078217179, 0.0, 0.03146489078217179, 0.0, 0.0, 1.3333333333333333e-05, 1.0, 0.0005, 0.3333333333333333, 0.001, 0.07692307692307693, 0.001], [0.0373577169643783, 0.0, 0.0373577169643783, 0.0, 0.0, 1.6666666666666667e-06, 1.0, 4e-05, 0.3333333333333333, 0.0015, 0.5, 0.001]], "Targets": [[0.09100773345537169, 0.0, 0.47175154724553775, 0.0], [0.0684828146777114, 0.0, 0.5975176455660655, 0.0], [0.08171167758040851, 0.0, 0.49751241803621327, 0.0], [0.0934692716044612, 0.0, 0.6309444600352756, 0.0], [0.05191306261008801, 0.0, 0.5064041395269361, 0.0], [0.054614066268729604, 0.0, 0.3915780355931847, 0.0], [0.0971202604754028, 0.0, 0.5634070117698889, 0.0], [0.07647203745916796, 0.0, 0.38630679301636145, 0.0]], "Opportunities": [[[0.6901521947668494, 0.0, 0.0, 1.0], [0.5883638913641841, 0.0, 0.0, 1.0], [0.5122751829551387, 0.0, 0.0, 1.0], [0.6301452667175662, 0.0, 0.0, 1.0], [0.6293152685799348, 0.0, 0.0, 1.0], [0.6767131605615374, 0.0, 0.0, 1.0], [0.4558664989578682, 0.0, 0.0, 1.0], [0.648884484511818, 0.0, 0.0, 1.0]], [[0.4459622564231488, 5.8267845708141216e-05, 0.0606956726126471, 1.0], [0.6777053631529848, 3.574292693048092e-05, 0.0372322155525843, 1.0], [0.6326448826284932, 4.897178983317803e-05, 0.051012281076227114, 1.0], [0.4916601698218498, 6.072938385723072e-05, 0.063259774851282, 1.0], [0.4273164558381393, 1.917317486285753e-05, 0.019972057148809928, 1.0], [0.6654185461137142, 2.1874178521499122e-05, 0.022785602626561586, 1.0], [0.6454112310722018, 6.438037272817232e-05, 0.06706288825851284, 1.0], [0.5680403773511044, 4.373214971193748e-05, 0.04555432261660154, 1.0]], [[0.6979560558198752, 5.8542842673199905e-05, 0.060982127784583236, 1.0], [0.5441497728346949, 3.601792389553961e-05, 0.037518670724520434, 1.0], [0.42408489263598814, 4.924678679823672e-05, 0.05129873624816325, 1.0], [0.580148372652723, 6.100438082228941e-05, 0.06354623002321813, 1.0], [0.6355736929963046, 1.9448171827916222e-05, 0.020258512320746064, 1.0], [0.6835312771322577, 2.2149175486557815e-05, 0.023072057798497726, 1.0], [0.532662169780679, 6.465536969323102e-05, 0.06734934343044897, 1.0], [0.6879920834626829, 4.400714667699617e-05, 0.04584077778853768, 1.0]], [[0.0, 0.0, 0.0, 0.0], [0.0, 0.0, 0.0, 0.0], [0.0, 0.0, 0.0, 0.0], [0.0, 0.0, 0.0, 0.0], [0.5414180498072364, 1.3055345645709712e-05, 0.10879454704758094, 1.0], [0.6166412657437801, 1.5756349304351306e-05, 0.1313029108695942, 1.0], [0.0, 0.0, 0.0, 0.0], [0.0, 0.0, 0.0, 0.0]]]}