{"Arena": [5.0, 25.0, 0.0, 50.0, 4.0], "Effectors": [[0.04414648942518592, 0.0, 0.04414648942518592, 0.0, 1.0, 0.002, 1.0, 0.0, 0.3333333333333333, 0.09, 0.05, 0.001], [0.020818702836575907, 0.0, 0.020818702836575907, 0.0, 1.0, 0.002, 1.0, 0.0, 0.3333333333333333, 0.09, 0.05, 0.001], [0.03172737797576261, 0.0, 0.03172737797576261, 0.0, 0.0, 1.3333333333333333e-05, 1.0, 0.0005, 0.3333333333333333, 0.001, 0.07692307692307693, 0.001], [0.03970612655946099, 0.0, 0.03970612655946099, 0.0, 0.0, 1.3333333333333333e-05, 1.0, 0.0005, 0.3333333333333333, 0.001, 0.07692307692307693, 0.001]], "Targets": [[0.08595796491582319, 0.0, 0.3631292368329211, 0.0], [0.06886191115206267, 0.0, 0.5681386887130451, 0.0], [0.0760829302663237, 0.0, 0.5230904194996712, 0.0], [0.07219673013831701, 0.0, 0.46618849566163556, 0.0], [0.08388623582243863, 0.0, 0.6165369382041999, 0.0], [0.058359627148636954, 0.0, 0.6271369269018648, 0.0], [0.08028402409985634, 0.0, 0.5051498399786711, 0.0], [0.09855507529111168, 0.0, 0.5733322485728825, 0.0]], "Opportunities": [[[0.59148691663305, 0.0, 0.0, 1.0], [0.49972049245700034, 0.0, 0.0, 1.0], [0.4425136692961425, 0.0, 0.0, 1.0], [0.4469604676498601, 0.0, 0.0, 1.0], [0.4300803609387001, 0.0, 0.0, 1.0], [0.4775100065417963, 0.0, 0.0, 1.0], [0.41230852424868586, 0.0, 0.0, 1.0], [0.6187084144284956, 0.0, 0.0, 1.0]], [[0.4426704794454617, 0.0, 0.0, 1.0], [0.561557993562747, 0.0, 0.0, 1.0], [0.6381517855822294, 0.0, 0.0, 1.0], [0.5716945476001831, 0.0, 0.0, 1.0], [0.5136659987146008, 0.0, 0.0, 1.0], [0.4029828230337632, 0.0, 0.0, 1.0], [0.542647799091379, 0.0, 0.0, 1.0], [0.43629859891267225, 0.0, 0.0, 1.0]], [[0.554161144039008, 5.3230586940060584e-05, 0.055448528062563104, 1.0], [0.5633538938083211, 3.613453317630006e-05, 0.03764013872531256, 1.0], [0.4208320574748047, 4.33555522905611e-05, 0.045162033636001145, 1.0], [0.4404366027022563, 3.94693521625544e-05, 0.041113908502660834, 1.0], [0.40937036822166095, 5.1158857846676026e-05, 0.05329047692362086, 1.0], [0.49309017503216346, 2.5632249172874345e-05, 0.026700259555077443, 1.0], [0.5055192181793987, 4.755664612409373e-05, 0.04953817304593097, 1.0], [0.6695652861786787, 6.582769731534908e-05, 0.06857051803682195, 1.0]], [[0.5284690075965232, 4.52518383563622e-05, 0.04713733162121063, 1.0], [0.4226160336872021, 2.8155784592601674e-05, 0.029328942283960078, 1.0], [0.6146951701354797, 3.5376803706862714e-05, 0.03685083719464866, 1.0], [0.4024729634767244, 3.1490603578856015e-05, 0.03280271206130835, 1.0], [0.6672281569375577, 4.318010926297764e-05, 0.044979280482268374, 1.0], [0.597338974363782, 1.7653500589175962e-05, 0.01838906311372496, 1.0], [0.4545449740664171, 3.957789754039535e-05, 0.04122697660457849, 1.0], [0.5702379022712587, 5.784894873165069e-05, 0.06025932159546947, 1.0]]]}