{"Arena": [5.0, 25.0, 0.0, 50.0, 4.0], "Effectors": [[0.03034432425765941, 0.0, 0.03034432425765941, 0.0, 0.0, 1.3333333333333333e-05, 1.0, 0.0005, 0.3333333333333333, 0.001, 0.07692307692307693, 0.001], [0.03485997706154036, 0.0, 0.03485997706154036, 0.0, 0.0, 1.3333333333333333e-05, 1.0, 0.0005, 0.3333333333333333, 0.001, 0.07692307692307693, 0.001], [0.0353693531605682, 0.0, 0.0353693531605682, 0.0, 0.0, 1.6666666666666667e-06, 1.0, 4e-05, 0.3333333333333333, 0.0015, 0.5, 0.001], [0.024240149414944085, 0.0, 0.024240149414944085, 0.0, 0.0, 1.6666666666666667e-06, 1.0, 4e-05, 0.3333333333333333, 0.0015, 0.5, 0.001]], "Targets": [[0.0802883138226942, 0.0, 0.4038508080328392, 0.0], [0.08107996926754478, 0.0, 0.5276573299248549, 0.0], [0.07723357047324567, 0.0, 0.5340251603187467, 0.0], [0.060774798930895026, 0.0, 0.6464283666229218, 0.0], [0.07995290882071558, 0.0, 0.6029569919657173, 0.0], [0.09470352599470312, 0.0, 0.5587964438220183, 0.0], [0.07275887442630792, 0.0, 0.39844521431415786, 0.0], [0.08310846084823686, 0.0, 0.6007189540297354, 0.0]], "Opportunities": [[[0.6148612266230343, 4.894398956503479e-05, 0.05098332246357791, 1.0], [0.6401323836488765, 4.9735645009885364e-05, 0.051807963551963924, 1.0], [0.5811175216611755, 4.588924621558625e-05, 0.04780129814123568, 1.0], [0.6358033514164874, 2.9430474673235615e-05, 0.0306567444512871, 1.0], [0.623289476000768, 4.860858456305617e-05, 0.05063394225318351, 1.0], [0.5273080803111785, 6.335920173704371e-05, 0.0659991684760872, 1.0], [0.5439855512871, 4.1414550168648507e-05, 0.04314015642567553, 1.0], [0.584493506663114, 5.176413659057745e-05, 0.053920975615184843, 1.0]], [[0.4719290538878395, 4.442833676115384e-05, 0.04627951745953525, 1.0], [0.44876321011999104, 4.521999220600442e-05, 0.04710415854792127, 1.0], [0.6416478582938417, 4.1373593411705305e-05, 0.04309749313719302, 1.0], [0.6704924306588786, 2.4914821869354662e-05, 0.02595293944724444, 1.0], [0.6833450373835513, 4.409293175917522e-05, 0.04593013724914086, 1.0], [0.4744799695629224, 5.884354893316276e-05, 0.06129536347204454, 1.0], [0.6824895605131673, 3.6898897364767554e-05, 0.038436351421632875, 1.0], [0.6710176643525472, 4.72484837866965e-05, 0.04921717061114219, 1.0]], [[0.0, 0.0, 0.0, 0.0], [0.0, 0.0, 0.0, 0.0], [0.0, 0.0, 0.0, 0.0], [0.0, 0.0, 0.0, 0.0], [0.0, 0.0, 0.0, 0.0], [0.0, 0.0, 0.0, 0.0], [0.0, 0.0, 0.0, 0.0], [0.0, 0.0, 0.0, 0.0]], [[0.0, 0.0, 0.0, 0.0], [0.0, 0.0, 0.0, 0.0], [0.0, 0.0, 0.0, 0.0], [0.0, 0.0, 0.0, 0.0], [0.0, 0.0, 0.0, 0.0], [0.0, 0.0, 0.0, 0.0], [0.0, 0.0, 0.0, 0.0], [0.0, 0.0, 0.0, 0.0]]]}