{"Arena": [5.0, 25.0, 0.0, 50.0, 4.0], "Effectors": [[0.02614842634977314, 0.0, 0.02614842634977314, 0.0, 1.0, 0.002, 1.0, 0.0, 0.3333333333333333, 0.09, 0.05, 0.001], [0.016586157705905585, 0.0, 0.016586157705905585, 0.0, 0.0, 1.3333333333333333e-05, 1.0, 0.0005, 0.3333333333333333, 0.001, 0.07692307692307693, 0.001], [0.025869447078462695, 0.0, 0.025869447078462695, 0.0, 0.0, 1.3333333333333333e-05, 1.0, 0.0005, 0.3333333333333333, 0.001, 0.07692307692307693, 0.001], [0.04712118118947502, 0.0, 0.04712118118947502, 0.0, 0.0, 1.6666666666666667e-06, 1.0, 4e-05, 0.3333333333333333, 0.0015, 0.5, 0.001]], "Targets": [[0.05242770760368898, 0.0, 0.45455890807709587, 0.0], [0.05236834776611743, 0.0, 0.5584663294654545, 0.0], [0.09826449701149258, 0.0, 0.6288411284561337, 0.0], [0.08415354011346614, 0.0, 0.44351257123142934, 0.0], [0.052268486564079265, 0.0, 0.5293435839904634, 0.0], [0.08970905744956453, 0.0, 0.3957854943571392, 0.0], [0.06820579595834436, 0.0, 0.48516293499055924, 0.0], [0.062447347960210405, 0.0, 0.6277862829643124, 0.0]], "Opportunities": [[[0.673305443102012, 0.0, 0.0, 1.0], [0.5118957746590541, 0.0, 0.0, 1.0], [0.482476774481406, 0.0, 0.0, 1.0], [0.6070015395557452, 0.0, 0.0, 1.0], [0.6192208939314059, 0.0, 0.0, 1.0], [0.49205294611820866, 0.0, 0.0, 1.0], [0.5681815499732281, 0.0, 0.0, 1.0], [0.42744022258697045, 0.0, 0.0, 1.0]], [[0.6840607314694509, 3.484154989778339e-05, 0.03629328114352436, 1.0], [0.6206876363636746, 3.478219006021184e-05, 0.036231447979387335, 1.0], [0.4123714637789056, 8.0678339305587e-05, 0.08403993677665311, 1.0], [0.43855285965137153, 6.656738240756055e-05, 0.06934102334120891, 1.0], [0.46408824683930644, 3.468232885817368e-05, 0.03612742589393092, 1.0], [0.6829344676013774, 7.212289974365894e-05, 0.0751280205663114, 1.0], [0.6186708685862244, 5.061963825243877e-05, 0.05272878984629039, 1.0], [0.5523192798473211, 4.4861190254304826e-05, 0.04673040651490086, 1.0]], [[0.5637972459300655, 2.5558260525226282e-05, 0.02662318804711071, 1.0], [0.47536647614396266, 2.5498900687654734e-05, 0.026561354882973683, 1.0], [0.5830248389443372, 7.139504993302988e-05, 0.07436984368023945, 1.0], [0.4760672263513566, 5.728409303500344e-05, 0.05967093024479525, 1.0], [0.46554111989576985, 2.539903948561657e-05, 0.02645733279751726, 1.0], [0.649061768645057, 6.283961037110183e-05, 0.06545792746989774, 1.0], [0.6552537739432216, 4.133634887988166e-05, 0.04305869674987673, 1.0], [0.578325435479126, 3.5577900881747715e-05, 0.0370603134184872, 1.0]], [[0.5139177042784242, 3.8065264142139607e-06, 0.031721053451783006, 1.0], [0.41943852820356836, 3.747166576642412e-06, 0.031226388138686768, 1.0], [0.0, 0.0, 0.0, 0.0], [0.0, 0.0, 0.0, 0.0], [0.6810678520251109, 3.6473053746042483e-06, 0.030394211455035403, 1.0], [0.0, 0.0, 0.0, 0.0], [0.6837988401983751, 1.9584614768869344e-05, 0.1632051230739112, 1.0], [0.6298777582081111, 1.3826166770735387e-05, 0.11521805642279491, 1.0]]]}