{"Arena": [5.0, 25.0, 0.0, 50.0, 4.0], "Effectors": [[0.02619903829589944, 0.0, 0.02619903829589944, 0.0, 0.0, 1.3333333333333333e-05, 1.0, 0.0005, 0.3333333333333333, 0.001, 0.07692307692307693, 0.001], [0.030514458425624377, 0.0, 0.030514458425624377, 0.0, 0.0, 1.6666666666666667e-06, 1.0, 4e-05, 0.3333333333333333, 0.0015, 0.5, 0.001], [0.026227645176661877, 0.0, 0.026227645176661877, 0.0, 0.0, 1.6666666666666667e-06, 1.0, 4e-05, 0.3333333333333333, 0.0015, 0.5, 0.001], [0.036301833202063, 0.0, 0.036301833202063, 0.0, 0.0, 1.6666666666666667e-06, 1.0, 4e-05, 0.3333333333333333, 0.0015, 0.5, 0.001]], "Targets": [[0.05856299472203965, 0.0, 0.36929936952527187, 0.0], [0.09163827551042047, 0.0, 0.4390636797170613, 0.0], [0.09150272808782775, 0.0, 0.4431067070377035, 0.0], [0.08510682516101165, 0.0, 0.5702667210923038, 0.0], [0.08822255782346372, 0.0, 0.5720936592984371, 0.0], [0.06780437434802708, 0.0, 0.45152418304235287, 0.0], [0.09293730855880347, 0.0, 0.5919929578350664, 0.0], [0.05434394988327408, 0.0, 0.6267611757307314, 0.0]], "Opportunities": [[[0.5717057990867305, 3.136395642614021e-05, 0.03267078794389605, 1.0], [0.5025190034741378, 6.443923721452104e-05, 0.06712420543179275, 1.0], [0.5802189559931775, 6.430368979192831e-05, 0.06698301019992532, 1.0], [0.6051466078358376, 5.790778686511221e-05, 0.06032061131782522, 1.0], [0.4419358697756336, 6.102351952756428e-05, 0.06356616617454613, 1.0], [0.5623038217826979, 4.060533605212764e-05, 0.04229722505429963, 1.0], [0.4206634493911814, 6.573827026290403e-05, 0.0684773648571917, 1.0], [0.4195514282241318, 2.714491158737464e-05, 0.028275949570181917, 1.0]], [[0.0, 0.0, 0.0, 0.0], [0.0, 0.0, 0.0, 0.0], [0.0, 0.0, 0.0, 0.0], [0.0, 0.0, 0.0, 0.0], [0.0, 0.0, 0.0, 0.0], [0.0, 0.0, 0.0, 0.0], [0.0, 0.0, 0.0, 0.0], [0.0, 0.0, 0.0, 0.0]], [[0.0, 0.0, 0.0, 0.0], [0.0, 0.0, 0.0, 0.0], [0.0, 0.0, 0.0, 0.0], [0.0, 0.0, 0.0, 0.0], [0.0, 0.0, 0.0, 0.0], [0.0, 0.0, 0.0, 0.0], [0.0, 0.0, 0.0, 0.0], [0.0, 0.0, 0.0, 0.0]], [[0.0, 0.0, 0.0, 0.0], [0.0, 0.0, 0.0, 0.0], [0.0, 0.0, 0.0, 0.0], [0.0, 0.0, 0.0, 0.0], [0.0, 0.0, 0.0, 0.0], [0.0, 0.0, 0.0, 0.0], [0.0, 0.0, 0.0, 0.0], [0.6804568135526394, 1.6542116681211085e-05, 0.1378509723434257, 1.0]]]}