{"Arena": [5.0, 25.0, 0.0, 50.0, 4.0], "Effectors": [[0.04222488723473222, 0.0, 0.04222488723473222, 0.0, 1.0, 0.002, 1.0, 0.0, 0.3333333333333333, 0.09, 0.05, 0.001], [0.04975676813757119, 0.0, 0.04975676813757119, 0.0, 0.0, 1.3333333333333333e-05, 1.0, 0.0005, 0.3333333333333333, 0.001, 0.07692307692307693, 0.001], [0.011794785126919347, 0.0, 0.011794785126919347, 0.0, 0.0, 1.3333333333333333e-05, 1.0, 0.0005, 0.3333333333333333, 0.001, 0.07692307692307693, 0.001], [0.0482714158071729, 0.0, 0.0482714158071729, 0.0, 0.0, 1.3333333333333333e-05, 1.0, 0.0005, 0.3333333333333333, 0.001, 0.07692307692307693, 0.001]], "Targets": [[0.050635260598836086, 0.0, 0.6496737623915064, 0.0], [0.08524631890244413, 0.0, 0.4153658225345832, 0.0], [0.08961790930166395, 0.0, 0.4551543535063872, 0.0], [0.09449310228355985, 0.0, 0.5586987736793518, 0.0], [0.05183008147295675, 0.0, 0.6210608226433542, 0.0], [0.05789783297398956, 0.0, 0.5024673570754128, 0.0], [0.059034361990140234, 0.0, 0.3829812092830427, 0.0], [0.07943502858268407, 0.0, 0.633197982865769, 0.0]], "Opportunities": [[[0.6017991932682571, 0.0, 0.0, 1.0], [0.6882276456955763, 0.0, 0.0, 1.0], [0.5019921803154415, 0.0, 0.0, 1.0], [0.4172415166122455, 0.0, 0.0, 1.0], [0.683552008258481, 0.0, 0.0, 1.0], [0.48284335889778945, 0.0, 0.0, 1.0], [0.6600108692461106, 0.0, 0.0, 1.0], [0.6454929824719066, 0.0, 0.0, 1.0]], [[0.43214959423273275, 0.0, 0.0, 1.0], [0.5705744025116524, 3.4489550764872946e-05, 0.03592661538007599, 1.0], [0.4313647710151755, 3.8861141164092764e-05, 0.0404803553792633, 1.0], [0.6708694749397528, 4.373633414598866e-05, 0.045558681402071526, 1.0], [0.6109485777999527, 1.0733133353855598e-06, 0.0011180347243599583, 1.0], [0.49550892761258336, 7.141064836418368e-06, 0.0074386092046024675, 1.0], [0.6687125606278086, 8.277593852569044e-06, 0.008622493596426088, 1.0], [0.6821924896009366, 2.8678260445112883e-05, 0.029873187963659252, 1.0]], [[0.606970469576572, 3.784047547191674e-05, 0.03941716194991327, 1.0], [0.5257021693704459, 7.245153377552479e-05, 0.07547034768283832, 1.0], [0.505268760293154, 7.68231241747446e-05, 0.08002408768202562, 1.0], [0.5816818023953315, 8.16983171566405e-05, 0.08510241370483386, 1.0], [0.6852103603180523, 3.9035296346037406e-05, 0.0406617670271223, 1.0], [0.5905282791943014, 4.510304784707022e-05, 0.04698234150736481, 1.0], [0.4536538922021567, 4.623957686322089e-05, 0.048166225899188425, 1.0], [0.5045891506394754, 6.664024345576472e-05, 0.06941692026642159, 1.0]], [[0.5829122522797463, 1.3638447916631833e-06, 0.0014206716579824826, 1.0], [0.5623544948551815, 3.597490309527123e-05, 0.037473857390907535, 1.0], [0.42262909131921644, 4.034649349449105e-05, 0.042027597390094845, 1.0], [0.5286216457922042, 4.522168647638695e-05, 0.047105923412903074, 1.0], [0.5513973693592641, 2.5586656657838473e-06, 0.0026652767351915078, 1.0], [0.5810109272109556, 8.626417166816655e-06, 0.008985851215434016, 1.0], [0.4041886343301006, 9.762946182967331e-06, 0.010169735607257636, 1.0], [0.5783734739423427, 3.016361277551117e-05, 0.0314204299744908, 1.0]]]}