{"Arena": [5.0, 25.0, 0.0, 50.0, 4.0], "Effectors": [[0.032076643563186194, 0.0, 0.032076643563186194, 0.0, 1.0, 0.002, 1.0, 0.0, 0.3333333333333333, 0.09, 0.05, 0.001], [0.03609130957045218, 0.0, 0.03609130957045218, 0.0, 1.0, 0.002, 1.0, 0.0, 0.3333333333333333, 0.09, 0.05, 0.001], [0.03889273694444146, 0.0, 0.03889273694444146, 0.0, 1.0, 0.002, 1.0, 0.0, 0.3333333333333333, 0.09, 0.05, 0.001], [0.023570700507843788, 0.0, 0.023570700507843788, 0.0, 0.0, 1.6666666666666667e-06, 1.0, 4e-05, 0.3333333333333333, 0.0015, 0.5, 0.001]], "Targets": [[0.06750914406332091, 0.0, 0.6467549988019492, 0.0], [0.05051069047596136, 0.0, 0.41265124523692304, 0.0], [0.06605729912008092, 0.0, 0.44870997889050057, 0.0], [0.08032408682317904, 0.0, 0.40899077205637413, 0.0], [0.08000961395965532, 0.0, 0.3573068157651261, 0.0], [0.0845701178406511, 0.0, 0.593353471254888, 0.0], [0.06212184379910062, 0.0, 0.4450372223218245, 0.0], [0.06469724376958078, 0.0, 0.5319900199100586, 0.0]], "Opportunities": [[[0.5567946088978628, 0.0, 0.0, 1.0], [0.5113622713610878, 0.0, 0.0, 1.0], [0.511617484537777, 0.0, 0.0, 1.0], [0.6893377003303027, 0.0, 0.0, 1.0], [0.4316290130967126, 0.0, 0.0, 1.0], [0.6137933545222555, 0.0, 0.0, 1.0], [0.5105280511722667, 0.0, 0.0, 1.0], [0.5319442545285602, 0.0, 0.0, 1.0]], [[0.6873465107160823, 0.0, 0.0, 1.0], [0.4920236724006652, 0.0, 0.0, 1.0], [0.4104631275834981, 0.0, 0.0, 1.0], [0.5120879070474753, 0.0, 0.0, 1.0], [0.5965574754181879, 0.0, 0.0, 1.0], [0.5637279587092153, 0.0, 0.0, 1.0], [0.433667375387279, 0.0, 0.0, 1.0], [0.5364402039091056, 0.0, 0.0, 1.0]], [[0.4772851139721472, 0.0, 0.0, 1.0], [0.6679715974583833, 0.0, 0.0, 1.0], [0.45588843341384155, 0.0, 0.0, 1.0], [0.5003363725979957, 0.0, 0.0, 1.0], [0.5911856943950815, 0.0, 0.0, 1.0], [0.6788756432274492, 0.0, 0.0, 1.0], [0.584657431707033, 0.0, 0.0, 1.0], [0.6458304323106832, 0.0, 0.0, 1.0]], [[0.0, 0.0, 0.0, 0.0], [0.0, 0.0, 0.0, 0.0], [0.0, 0.0, 0.0, 0.0], [0.0, 0.0, 0.0, 0.0], [0.0, 0.0, 0.0, 0.0], [0.0, 0.0, 0.0, 0.0], [0.0, 0.0, 0.0, 0.0], [0.0, 0.0, 0.0, 0.0]]]}