{"Arena": [5.0, 25.0, 0.0, 50.0, 4.0], "Effectors": [[0.03110325244119609, 0.0, 0.03110325244119609, 0.0, 1.0, 0.002, 1.0, 0.0, 0.3333333333333333, 0.09, 0.05, 0.001], [0.022625852469248555, 0.0, 0.022625852469248555, 0.0, 1.0, 0.002, 1.0, 0.0, 0.3333333333333333, 0.09, 0.05, 0.001], [0.033440042158165144, 0.0, 0.033440042158165144, 0.0, 1.0, 0.002, 1.0, 0.0, 0.3333333333333333, 0.09, 0.05, 0.001], [0.04474120461174446, 0.0, 0.04474120461174446, 0.0, 0.0, 1.6666666666666667e-06, 1.0, 4e-05, 0.3333333333333333, 0.0015, 0.5, 0.001]], "Targets": [[0.05832682819259182, 0.0, 0.377771754858323, 0.0], [0.052984337896208634, 0.0, 0.5629521394980623, 0.0], [0.0665712460232374, 0.0, 0.5877773926390006, 0.0], [0.09032651875063567, 0.0, 0.40247575143404846, 0.0], [0.06877360291437824, 0.0, 0.47463206796730806, 0.0], [0.07699413965637035, 0.0, 0.534591471681237, 0.0], [0.05092099379928773, 0.0, 0.43757878712468173, 0.0], [0.05343980272710272, 0.0, 0.4067100617363213, 0.0]], "Opportunities": [[[0.5727788547347259, 0.0, 0.0, 1.0], [0.6900292197308119, 0.0, 0.0, 1.0], [0.6156931288274579, 0.0, 0.0, 1.0], [0.49880357751594306, 0.0, 0.0, 1.0], [0.6922662683174567, 0.0, 0.0, 1.0], [0.6688070829167636, 0.0, 0.0, 1.0], [0.40100981705917543, 0.0, 0.0, 1.0], [0.5358199603893894, 0.0, 0.0, 1.0]], [[0.6637716960602609, 0.0, 0.0, 1.0], [0.559890868742349, 0.0, 0.0, 1.0], [0.6840891509257433, 0.0, 0.0, 1.0], [0.4829806436448981, 0.0, 0.0, 1.0], [0.4751638524951073, 0.0, 0.0, 1.0], [0.49678696269208955, 0.0, 0.0, 1.0], [0.5867283295100139, 0.0, 0.0, 1.0], [0.6135108818512618, 0.0, 0.0, 1.0]], [[0.5725472613389337, 0.0, 0.0, 1.0], [0.5953483843542176, 0.0, 0.0, 1.0], [0.47980271738724717, 0.0, 0.0, 1.0], [0.46473703152913903, 0.0, 0.0, 1.0], [0.6290132296238674, 0.0, 0.0, 1.0], [0.4783776654830683, 0.0, 0.0, 1.0], [0.505563758595477, 0.0, 0.0, 1.0], [0.46553242744549955, 0.0, 0.0, 1.0]], [[0.44815727962449825, 1.2085623580847363e-05, 0.10071352984039468, 1.0], [0.47331258438814827, 6.743133284464175e-06, 0.05619277737053479, 1.0], [0.0, 0.0, 0.0, 0.0], [0.0, 0.0, 0.0, 0.0], [0.0, 0.0, 0.0, 0.0], [0.0, 0.0, 0.0, 0.0], [0.660625856534012, 4.679789187543271e-06, 0.03899824322952726, 1.0], [0.5914524181900824, 7.19859811535826e-06, 0.0599883176279855, 1.0]]]}