{"Arena": [5.0, 25.0, 0.0, 50.0, 4.0], "Effectors": [[0.037982371894871206, 0.0, 0.037982371894871206, 0.0, 0.0, 1.3333333333333333e-05, 1.0, 0.0005, 0.3333333333333333, 0.001, 0.07692307692307693, 0.001], [0.037520239810596025, 0.0, 0.037520239810596025, 0.0, 0.0, 1.3333333333333333e-05, 1.0, 0.0005, 0.3333333333333333, 0.001, 0.07692307692307693, 0.001], [0.011175534548351, 0.0, 0.011175534548351, 0.0, 0.0, 1.3333333333333333e-05, 1.0, 0.0005, 0.3333333333333333, 0.001, 0.07692307692307693, 0.001], [0.019508763228803978, 0.0, 0.019508763228803978, 0.0, 0.0, 1.6666666666666667e-06, 1.0, 4e-05, 0.3333333333333333, 0.0015, 0.5, 0.001]], "Targets": [[0.06677021934198356, 0.0, 0.5921565928033816, 0.0], [0.05026574985101937, 0.0, 0.5301835114360737, 0.0], [0.07686563691906328, 0.0, 0.6337803225809354, 0.0], [0.060050866141357996, 0.0, 0.3693869229670739, 0.0], [0.07693867675916193, 0.0, 0.6181363164797382, 0.0], [0.05199552529732892, 0.0, 0.5461446016325816, 0.0], [0.08348703647957091, 0.0, 0.5657470010052359, 0.0], [0.07201314019835633, 0.0, 0.6422350050289194, 0.0]], "Opportunities": [[[0.44343649791614115, 2.7787847447112352e-05, 0.028945674424075366, 1.0], [0.4088815397226813, 1.1283377956148165e-05, 0.011753518704321005, 1.0], [0.6105391197550298, 3.788326502419208e-05, 0.03946173440020008, 1.0], [0.6189701292048496, 2.106849424648679e-05, 0.021946348173423738, 1.0], [0.5991624144925165, 3.795630486429072e-05, 0.0395378175669695, 1.0], [0.5033908197404917, 1.3013153402457712e-05, 0.013555368127560117, 1.0], [0.5608814078421838, 4.4504664584699704e-05, 0.046359025609062195, 1.0], [0.5730536146034868, 3.303076830348513e-05, 0.034407050316130346, 1.0]], [[0.6930184885943729, 2.8249979531387534e-05, 0.029427062011862015, 1.0], [0.6280488700920529, 1.1745510040423347e-05, 0.012234906292107653, 1.0], [0.42869332499055096, 3.834539710846726e-05, 0.03994312198798673, 1.0], [0.5772561474043159, 2.153062633076197e-05, 0.022427735761210387, 1.0], [0.6501125430807946, 3.84184369485659e-05, 0.04001920515475615, 1.0], [0.5082514954822989, 1.3475285486732894e-05, 0.014036755715346764, 1.0], [0.5304996317966443, 4.4966796668974885e-05, 0.04684041319684884, 1.0], [0.4412866366781703, 3.349290038776031e-05, 0.03488843790391699, 1.0]], [[0.6368492698198116, 5.459468479363256e-05, 0.056869463326700585, 1.0], [0.6435393188861565, 3.8090215302668377e-05, 0.039677307606946224, 1.0], [0.4739148277988468, 6.469010237071228e-05, 0.0673855233028253, 1.0], [0.43085977161426947, 4.7875331593007e-05, 0.04987013707604896, 1.0], [0.6645221618606707, 6.476314221081092e-05, 0.06746160646959472, 1.0], [0.5819359736982981, 3.981999074897792e-05, 0.041479157030185336, 1.0], [0.5650089047710496, 7.13115019312199e-05, 0.0742828145116874, 1.0], [0.6688671695162636, 5.9837605650005337e-05, 0.06233083921875556, 1.0]], [[0.0, 0.0, 0.0, 0.0], [0.0, 0.0, 0.0, 0.0], [0.0, 0.0, 0.0, 0.0], [0.0, 0.0, 0.0, 0.0], [0.0, 0.0, 0.0, 0.0], [0.0, 0.0, 0.0, 0.0], [0.0, 0.0, 0.0, 0.0], [0.0, 0.0, 0.0, 0.0]]]}