{"Arena": [5.0, 25.0, 0.0, 50.0, 4.0], "Effectors": [[0.031041409001141832, 0.0, 0.031041409001141832, 0.0, 1.0, 0.002, 1.0, 0.0, 0.3333333333333333, 0.09, 0.05, 0.001], [0.03588448024634269, 0.0, 0.03588448024634269, 0.0, 0.0, 1.3333333333333333e-05, 1.0, 0.0005, 0.3333333333333333, 0.001, 0.07692307692307693, 0.001], [0.038634599085933474, 0.0, 0.038634599085933474, 0.0, 0.0, 1.3333333333333333e-05, 1.0, 0.0005, 0.3333333333333333, 0.001, 0.07692307692307693, 0.001], [0.015922075658400776, 0.0, 0.015922075658400776, 0.0, 0.0, 1.6666666666666667e-06, 1.0, 4e-05, 0.3333333333333333, 0.0015, 0.5, 0.001]], "Targets": [[0.05494872928988819, 0.0, 0.5581205035920833, 0.0], [0.08251826931090096, 0.0, 0.4807639345622413, 0.0], [0.08356774162794346, 0.0, 0.5681540850635084, 0.0], [0.08342192718688994, 0.0, 0.47550253215397825, 0.0], [0.07623405664674382, 0.0, 0.3741086982456778, 0.0], [0.055613122258301624, 0.0, 0.5670233578902072, 0.0], [0.06080315934199571, 0.0, 0.39392055135042525, 0.0], [0.09860495653980002, 0.0, 0.5762395099344049, 0.0]], "Opportunities": [[[0.46735964001509733, 0.0, 0.0, 1.0], [0.4091020021871575, 0.0, 0.0, 1.0], [0.5088966181493065, 0.0, 0.0, 1.0], [0.4414322462124325, 0.0, 0.0, 1.0], [0.4683752052023132, 0.0, 0.0, 1.0], [0.5571993534071553, 0.0, 0.0, 1.0], [0.6158121609797762, 0.0, 0.0, 1.0], [0.4923253080989146, 0.0, 0.0, 1.0]], [[0.5904198675476735, 1.80642490435455e-05, 0.01881692608702656, 1.0], [0.40817982096327926, 4.563378906455827e-05, 0.0475351969422482, 1.0], [0.6487166028644527, 4.668326138160077e-05, 0.0486283972725008, 1.0], [0.6837790370568311, 4.6537446940547247e-05, 0.04847650722973672, 1.0], [0.5776498307304866, 3.934957640040113e-05, 0.04098914208375117, 1.0], [0.5464175506735554, 1.872864201195893e-05, 0.019509002095790554, 1.0], [0.6391893444191167, 2.391867909565302e-05, 0.02491529072463856, 1.0], [0.6425919971657501, 6.172047629345732e-05, 0.06429216280568471, 1.0]], [[0.5988309729360244, 1.5314130203954717e-05, 0.01595221896245283, 1.0], [0.6572475097911945, 4.288367022496749e-05, 0.04467048981767447, 1.0], [0.5928773296453843, 4.393314254200999e-05, 0.04576369014792707, 1.0], [0.5230047165848531, 4.3787328100956464e-05, 0.04561180010516298, 1.0], [0.6800567780809086, 3.6599457560810346e-05, 0.038124434959177445, 1.0], [0.5764167791958652, 1.5978523172368148e-05, 0.016644294971216823, 1.0], [0.6243041214466231, 2.1168560256062237e-05, 0.02205058360006483, 1.0], [0.6440560891243263, 5.897035745386654e-05, 0.061427455681110986, 1.0]], [[0.0, 0.0, 0.0, 0.0], [0.0, 0.0, 0.0, 0.0], [0.0, 0.0, 0.0, 0.0], [0.0, 0.0, 0.0, 0.0], [0.0, 0.0, 0.0, 0.0], [0.0, 0.0, 0.0, 0.0], [0.0, 0.0, 0.0, 0.0], [0.0, 0.0, 0.0, 0.0]]]}