{"Arena": [5.0, 25.0, 0.0, 50.0, 4.0], "Effectors": [[0.010296223535809754, 0.0, 0.010296223535809754, 0.0, 1.0, 0.002, 1.0, 0.0, 0.3333333333333333, 0.09, 0.05, 0.001], [0.04275456087965387, 0.0, 0.04275456087965387, 0.0, 1.0, 0.002, 1.0, 0.0, 0.3333333333333333, 0.09, 0.05, 0.001], [0.029347150205133572, 0.0, 0.029347150205133572, 0.0, 1.0, 0.002, 1.0, 0.0, 0.3333333333333333, 0.09, 0.05, 0.001], [0.012544946598394571, 0.0, 0.012544946598394571, 0.0, 0.0, 1.3333333333333333e-05, 1.0, 0.0005, 0.3333333333333333, 0.001, 0.07692307692307693, 0.001]], "Targets": [[0.07675867780882938, 0.0, 0.5809799719126136, 0.0], [0.07552627632497831, 0.0, 0.45676140312159347, 0.0], [0.09944441417275743, 0.0, 0.37970137054004954, 0.0], [0.06810983122891191, 0.0, 0.5455281088419475, 0.0], [0.05985438717456085, 0.0, 0.5886490356808055, 0.0], [0.08158162535756092, 0.0, 0.6005731807973655, 0.0], [0.08556271890420183, 0.0, 0.5602300968066114, 0.0], [0.09601729497969856, 0.0, 0.43322302505446947, 0.0]], "Opportunities": [[[0.6463806399760583, 0.0, 0.0, 1.0], [0.6273235113222857, 0.0, 0.0, 1.0], [0.5819842165212417, 0.0, 0.0, 1.0], [0.4159981702477693, 0.0, 0.0, 1.0], [0.4794525141455251, 0.0, 0.0, 1.0], [0.6263980136562789, 0.0, 0.0, 1.0], [0.5355006365724726, 0.0, 0.0, 1.0], [0.48881844649889405, 0.0, 0.0, 1.0]], [[0.6169874210978045, 0.0, 0.0, 1.0], [0.6721882077045753, 0.0, 0.0, 1.0], [0.562424613752658, 0.0, 0.0, 1.0], [0.4419593934313278, 0.0, 0.0, 1.0], [0.4492048782504727, 0.0, 0.0, 1.0], [0.5135472790697131, 0.0, 0.0, 1.0], [0.6598752752190817, 0.0, 0.0, 1.0], [0.6282228541572092, 0.0, 0.0, 1.0]], [[0.470553845865883, 0.0, 0.0, 1.0], [0.6104879348777524, 0.0, 0.0, 1.0], [0.5838611176295277, 0.0, 0.0, 1.0], [0.6691074747689528, 0.0, 0.0, 1.0], [0.6238872687523965, 0.0, 0.0, 1.0], [0.5688974344118463, 0.0, 0.0, 1.0], [0.47476796209504235, 0.0, 0.0, 1.0], [0.5809453806129259, 0.0, 0.0, 1.0]], [[0.5431093733482144, 6.32137312104348e-05, 0.06584763667753625, 1.0], [0.4789402937100165, 6.198132972658374e-05, 0.06456388513185807, 1.0], [0.47992058271380333, 8.589946757436285e-05, 0.08947861205662798, 1.0], [0.44074034974350323, 5.456488463051734e-05, 0.056838421490122235, 1.0], [0.45024822501584016, 4.6309440576166275e-05, 0.04823900060017321, 1.0], [0.40996571721160235, 6.803667875916634e-05, 0.07087154037413161, 1.0], [0.5744491363842695, 7.201777230580726e-05, 0.07501851281854924, 1.0], [0.5313480199733609, 8.2472348381304e-05, 0.085908696230525, 1.0]]]}