{"Arena": [5.0, 25.0, 0.0, 50.0, 4.0], "Effectors": [[0.04738613165675358, 0.0, 0.04738613165675358, 0.0, 1.0, 0.002, 1.0, 0.0, 0.3333333333333333, 0.09, 0.05, 0.001], [0.0417791191642492, 0.0, 0.0417791191642492, 0.0, 0.0, 1.3333333333333333e-05, 1.0, 0.0005, 0.3333333333333333, 0.001, 0.07692307692307693, 0.001], [0.011617091636092841, 0.0, 0.011617091636092841, 0.0, 0.0, 1.6666666666666667e-06, 1.0, 4e-05, 0.3333333333333333, 0.0015, 0.5, 0.001], [0.02782604272341149, 0.0, 0.02782604272341149, 0.0, 0.0, 1.6666666666666667e-06, 1.0, 4e-05, 0.3333333333333333, 0.0015, 0.5, 0.001]], "Targets": [[0.09613515205917479, 0.0, 0.48490635522468517, 0.0], [0.07313131372533377, 0.0, 0.5320937025214931, 0.0], [0.06194678935539333, 0.0, 0.3509826370448316, 0.0], [0.0847864496340314, 0.0, 0.45412987669684496, 0.0], [0.08755771251970777, 0.0, 0.5013431676739335, 0.0], [0.0850377761733477, 0.0, 0.35448476473835944, 0.0], [0.06743987398020199, 0.0, 0.6101712746045658, 0.0], [0.09248505618573188, 0.0, 0.525536698711689, 0.0]], "Opportunities": [[[0.6284142677840128, 0.0, 0.0, 1.0], [0.6763778748468298, 0.0, 0.0, 1.0], [0.40158081793648986, 0.0, 0.0, 1.0], [0.6802783871691989, 0.0, 0.0, 1.0], [0.6078571605918596, 0.0, 0.0, 1.0], [0.6380645244066089, 0.0, 0.0, 1.0], [0.4701727121802167, 0.0, 0.0, 1.0], [0.4560108310690858, 0.0, 0.0, 1.0]], [[0.5155147244906565, 5.335603289492559e-05, 0.055579200932214155, 1.0], [0.5446010960626524, 3.0352194561084566e-05, 0.031616869334463095, 1.0], [0.6918919011343105, 1.9167670191144125e-05, 0.019966323115775134, 1.0], [0.5781400373507377, 4.2007330469782195e-05, 0.04375763590602312, 1.0], [0.41935740469729493, 4.4778593355458575e-05, 0.04664436807860268, 1.0], [0.6704074808008821, 4.225865700909851e-05, 0.04401943438447761, 1.0], [0.518104367153088, 2.4660754815952785e-05, 0.025688286266617486, 1.0], [0.5662324670867963, 4.970593702148268e-05, 0.05177701773071113, 1.0]], [[0.0, 0.0, 0.0, 0.0], [0.0, 0.0, 0.0, 0.0], [0.0, 0.0, 0.0, 0.0], [0.0, 0.0, 0.0, 0.0], [0.0, 0.0, 0.0, 0.0], [0.0, 0.0, 0.0, 0.0], [0.0, 0.0, 0.0, 0.0], [0.0, 0.0, 0.0, 0.0]], [[0.0, 0.0, 0.0, 0.0], [0.0, 0.0, 0.0, 0.0], [0.0, 0.0, 0.0, 0.0], [0.0, 0.0, 0.0, 0.0], [0.0, 0.0, 0.0, 0.0], [0.0, 0.0, 0.0, 0.0], [0.0, 0.0, 0.0, 0.0], [0.0, 0.0, 0.0, 0.0]]]}