{"Arena": [5.0, 25.0, 0.0, 50.0, 4.0], "Effectors": [[0.04499870445315801, 0.0, 0.04499870445315801, 0.0, 0.0, 1.3333333333333333e-05, 1.0, 0.0005, 0.3333333333333333, 0.001, 0.07692307692307693, 0.001], [0.027960666878704646, 0.0, 0.027960666878704646, 0.0, 0.0, 1.3333333333333333e-05, 1.0, 0.0005, 0.3333333333333333, 0.001, 0.07692307692307693, 0.001], [0.02747791990844638, 0.0, 0.02747791990844638, 0.0, 0.0, 1.6666666666666667e-06, 1.0, 4e-05, 0.3333333333333333, 0.0015, 0.5, 0.001], [0.04920466323161761, 0.0, 0.04920466323161761, 0.0, 0.0, 1.6666666666666667e-06, 1.0, 4e-05, 0.3333333333333333, 0.0015, 0.5, 0.001]], "Targets": [[0.052789582323624094, 0.0, 0.39124780094313333, 0.0], [0.05407293729277292, 0.0, 0.35668998077334846, 0.0], [0.07459396711129487, 0.0, 0.539067224341392, 0.0], [0.056242813012247206, 0.0, 0.568745583227781, 0.0], [0.06318200889582863, 0.0, 0.5733822544703104, 0.0], [0.08741121106105172, 0.0, 0.4108807653262544, 0.0], [0.05028400420698871, 0.0, 0.4180262512506778, 0.0], [0.06193249760105997, 0.0, 0.5151230187404643, 0.0]], "Opportunities": [[[0.6486660771616345, 6.7908778704660825e-06, 0.0070738311150688364, 1.0], [0.414382923709798, 8.074232839614906e-06, 0.008410659207932195, 1.0], [0.5403213329069356, 2.859526265813686e-05, 0.02978673193555923, 1.0], [0.43726175635127085, 1.0244108559089194e-05, 0.01067094641571791, 1.0], [0.6571355803643493, 1.718330444267062e-05, 0.01789927546111523, 1.0], [0.6011830098323359, 4.141250660789371e-05, 0.04313802771655595, 1.0], [0.4680568473940962, 4.285299753830699e-06, 0.004463853910240312, 1.0], [0.5251942788476456, 1.5933793147901955e-05, 0.016597701195731205, 1.0]], [[0.5562816713717956, 2.3828915444919447e-05, 0.024821786921791093, 1.0], [0.426429412517023, 2.5112270414068273e-05, 0.02615861501465445, 1.0], [0.682884213326558, 4.563330023259023e-05, 0.047534687742281485, 1.0], [0.6462034011122537, 2.728214613354256e-05, 0.028418902222440166, 1.0], [0.46167796327723, 3.422134201712398e-05, 0.03564723126783748, 1.0], [0.43870597709336856, 5.845054418234708e-05, 0.0608859835232782, 1.0], [0.4484281545664508, 2.1323337328284066e-05, 0.022211809716962568, 1.0], [0.6727472767392825, 3.2971830722355325e-05, 0.03434565700245346, 1.0]], [[0.0, 0.0, 0.0, 0.0], [0.0, 0.0, 0.0, 0.0], [0.0, 0.0, 0.0, 0.0], [0.0, 0.0, 0.0, 0.0], [0.0, 0.0, 0.0, 0.0], [0.0, 0.0, 0.0, 0.0], [0.0, 0.0, 0.0, 0.0], [0.0, 0.0, 0.0, 0.0]], [[0.5428495560678883, 2.084919092006485e-06, 0.017374325766720707, 1.0], [0.4932904498140884, 3.368274061155309e-06, 0.028068950509627575, 1.0], [0.0, 0.0, 0.0, 0.0], [0.5937582740683776, 5.538149780629596e-06, 0.04615124817191331, 1.0], [0.4112894339021227, 1.2477345664211023e-05, 0.10397788053509185, 1.0], [0.0, 0.0, 0.0, 0.0], [0.5342800168441376, 0.0, 0.0, 1.0], [0.6397802958526689, 1.122783436944236e-05, 0.09356528641201967, 1.0]]]}