{"Arena": [5.0, 25.0, 0.0, 50.0, 4.0], "Effectors": [[0.04034517403484327, 0.0, 0.04034517403484327, 0.0, 0.0, 1.3333333333333333e-05, 1.0, 0.0005, 0.3333333333333333, 0.001, 0.07692307692307693, 0.001], [0.029896172524103377, 0.0, 0.029896172524103377, 0.0, 0.0, 1.6666666666666667e-06, 1.0, 4e-05, 0.3333333333333333, 0.0015, 0.5, 0.001], [0.03604992428014595, 0.0, 0.03604992428014595, 0.0, 0.0, 1.6666666666666667e-06, 1.0, 4e-05, 0.3333333333333333, 0.0015, 0.5, 0.001], [0.018896388632933286, 0.0, 0.018896388632933286, 0.0, 0.0, 1.6666666666666667e-06, 1.0, 4e-05, 0.3333333333333333, 0.0015, 0.5, 0.001]], "Targets": [[0.06704743886411524, 0.0, 0.3988101960994793, 0.0], [0.05328579701462204, 0.0, 0.6139917299806602, 0.0], [0.08857521602259708, 0.0, 0.5440865290889928, 0.0], [0.05661542170316343, 0.0, 0.39898026212245263, 0.0], [0.0994572933872592, 0.0, 0.5838864448445349, 0.0], [0.09614241638898469, 0.0, 0.3827031489369013, 0.0], [0.08176591863454546, 0.0, 0.5808325705785023, 0.0], [0.08148411758499122, 0.0, 0.4513142599453863, 0.0]], "Opportunities": [[[0.5108085272964362, 2.5702264829271965e-05, 0.02677319253049163, 1.0], [0.4137628831960844, 1.194062297977877e-05, 0.012438148937269553, 1.0], [0.6043090572163714, 4.72300419877538e-05, 0.04919796040391021, 1.0], [0.6544803039463875, 1.5270247668320156e-05, 0.015906507987833496, 1.0], [0.590251759678677, 5.8112119352415926e-05, 0.060533457658766596, 1.0], [0.5836469577185545, 5.479724235414141e-05, 0.057080460785563975, 1.0], [0.6170797346233178, 4.042074459970219e-05, 0.04210494229135645, 1.0], [0.4375207976090402, 4.013894355014795e-05, 0.04181139953140411, 1.0]], [[0.0, 0.0, 0.0, 0.0], [0.0, 0.0, 0.0, 0.0], [0.0, 0.0, 0.0, 0.0], [0.0, 0.0, 0.0, 0.0], [0.0, 0.0, 0.0, 0.0], [0.0, 0.0, 0.0, 0.0], [0.0, 0.0, 0.0, 0.0], [0.0, 0.0, 0.0, 0.0]], [[0.0, 0.0, 0.0, 0.0], [0.6932432151490189, 1.573587273447609e-05, 0.13113227278730075, 1.0], [0.0, 0.0, 0.0, 0.0], [0.47570222553090746, 1.9065497423017477e-05, 0.15887914519181232, 1.0], [0.0, 0.0, 0.0, 0.0], [0.0, 0.0, 0.0, 0.0], [0.0, 0.0, 0.0, 0.0], [0.0, 0.0, 0.0, 0.0]], [[0.0, 0.0, 0.0, 0.0], [0.0, 0.0, 0.0, 0.0], [0.0, 0.0, 0.0, 0.0], [0.0, 0.0, 0.0, 0.0], [0.0, 0.0, 0.0, 0.0], [0.0, 0.0, 0.0, 0.0], [0.0, 0.0, 0.0, 0.0], [0.0, 0.0, 0.0, 0.0]]]}