{"Arena": [5.0, 25.0, 0.0, 50.0, 4.0], "Effectors": [[0.025394473894536012, 0.0, 0.025394473894536012, 0.0, 1.0, 0.002, 1.0, 0.0, 0.3333333333333333, 0.09, 0.05, 0.001], [0.040323502635395185, 0.0, 0.040323502635395185, 0.0, 0.0, 1.3333333333333333e-05, 1.0, 0.0005, 0.3333333333333333, 0.001, 0.07692307692307693, 0.001], [0.03155170443428916, 0.0, 0.03155170443428916, 0.0, 0.0, 1.6666666666666667e-06, 1.0, 4e-05, 0.3333333333333333, 0.0015, 0.5, 0.001], [0.03545407692295409, 0.0, 0.03545407692295409, 0.0, 0.0, 1.6666666666666667e-06, 1.0, 4e-05, 0.3333333333333333, 0.0015, 0.5, 0.001]], "Targets": [[0.0738625772311355, 0.0, 0.496161116732083, 0.0], [0.08248940219567365, 0.0, 0.398978317271351, 0.0], [0.08596338503433489, 0.0, 0.4803225577478952, 0.0], [0.09534766837406071, 0.0, 0.39401111166817976, 0.0], [0.052824479879763075, 0.0, 0.3920598844144232, 0.0], [0.09855543510526561, 0.0, 0.5850251246494131, 0.0], [0.09826079527633025, 0.0, 0.387365872036767, 0.0], [0.09253586070549813, 0.0, 0.5911948223014836, 0.0]], "Opportunities": [[[0.587277700604187, 0.0, 0.0, 1.0], [0.43275618741865596, 0.0, 0.0, 1.0], [0.5362175980545201, 0.0, 0.0, 1.0], [0.5253286604656259, 0.0, 0.0, 1.0], [0.5919243986842382, 0.0, 0.0, 1.0], [0.6722751516170336, 0.0, 0.0, 1.0], [0.5835293441688103, 0.0, 0.0, 1.0], [0.4611528071355958, 0.0, 0.0, 1.0]], [[0.43988002242860613, 3.253907459574031e-05, 0.033894869370562825, 1.0], [0.6937634916898412, 4.116589956027846e-05, 0.042881145375290065, 1.0], [0.4426914614465257, 4.46398823989397e-05, 0.046499877498895524, 1.0], [0.46811118686360914, 5.4024165738665525e-05, 0.056275172644443254, 1.0], [0.6687023739847239, 1.150097724436789e-05, 0.011980184629549886, 1.0], [0.47959067717255055, 5.723193246987043e-05, 0.0596165963227817, 1.0], [0.5506668107858966, 5.6937292640935065e-05, 0.059309679834307356, 1.0], [0.5532952995152302, 5.121235807010294e-05, 0.0533462063230239, 1.0]], [[0.0, 0.0, 0.0, 0.0], [0.0, 0.0, 0.0, 0.0], [0.0, 0.0, 0.0, 0.0], [0.0, 0.0, 0.0, 0.0], [0.41541332757494087, 1.9772775445473915e-05, 0.1647731287122826, 1.0], [0.0, 0.0, 0.0, 0.0], [0.0, 0.0, 0.0, 0.0], [0.0, 0.0, 0.0, 0.0]], [[0.0, 0.0, 0.0, 0.0], [0.0, 0.0, 0.0, 0.0], [0.0, 0.0, 0.0, 0.0], [0.0, 0.0, 0.0, 0.0], [0.6993311824694509, 1.5870402956808985e-05, 0.1322533579734082, 1.0], [0.0, 0.0, 0.0, 0.0], [0.0, 0.0, 0.0, 0.0], [0.0, 0.0, 0.0, 0.0]]]}