{"Arena": [5.0, 25.0, 0.0, 50.0, 4.0], "Effectors": [[0.014084132294531725, 0.0, 0.014084132294531725, 0.0, 1.0, 0.002, 1.0, 0.0, 0.3333333333333333, 0.09, 0.05, 0.001], [0.0373941057302757, 0.0, 0.0373941057302757, 0.0, 0.0, 1.3333333333333333e-05, 1.0, 0.0005, 0.3333333333333333, 0.001, 0.07692307692307693, 0.001], [0.014174023292384345, 0.0, 0.014174023292384345, 0.0, 0.0, 1.6666666666666667e-06, 1.0, 4e-05, 0.3333333333333333, 0.0015, 0.5, 0.001], [0.04698002039122089, 0.0, 0.04698002039122089, 0.0, 0.0, 1.6666666666666667e-06, 1.0, 4e-05, 0.3333333333333333, 0.0015, 0.5, 0.001]], "Targets": [[0.0805468077402682, 0.0, 0.41295743315142774, 0.0], [0.09876959557677015, 0.0, 0.5967119704521442, 0.0], [0.08333366267183245, 0.0, 0.6344980653245391, 0.0], [0.06519543503217147, 0.0, 0.38658550266321196, 0.0], [0.07913549186513422, 0.0, 0.5361687671754437, 0.0], [0.06190875558529977, 0.0, 0.5962795188865421, 0.0], [0.06096537426220668, 0.0, 0.358175346355183, 0.0], [0.08547236440148634, 0.0, 0.4823370762256073, 0.0]], "Opportunities": [[[0.4214209420759124, 0.0, 0.0, 1.0], [0.6503883494362195, 0.0, 0.0, 1.0], [0.41013933860404567, 0.0, 0.0, 1.0], [0.45728695113517187, 0.0, 0.0, 1.0], [0.5760341115210986, 0.0, 0.0, 1.0], [0.657029241749907, 0.0, 0.0, 1.0], [0.4140056128074987, 0.0, 0.0, 1.0], [0.5415712724405652, 0.0, 0.0, 1.0]], [[0.4311546284935778, 4.215270200999251e-05, 0.0439090645937422, 1.0], [0.5812902448833482, 6.037548984649445e-05, 0.06289113525676505, 1.0], [0.40890080145893193, 4.4939556941556754e-05, 0.046812038480788284, 1.0], [0.4651500979125164, 2.6801329301895773e-05, 0.027918051356141428, 1.0], [0.6465561523662843, 4.074138613485852e-05, 0.04243894389047762, 1.0], [0.661160900848168, 2.351464985502407e-05, 0.02449442693231674, 1.0], [0.49433852978270654, 2.2571268531930983e-05, 0.023511738054094775, 1.0], [0.6899257823098512, 4.7078258671210644e-05, 0.049039852782511086, 1.0]], [[0.0, 0.0, 0.0, 0.0], [0.0, 0.0, 0.0, 0.0], [0.0, 0.0, 0.0, 0.0], [0.0, 0.0, 0.0, 0.0], [0.0, 0.0, 0.0, 0.0], [0.0, 0.0, 0.0, 0.0], [0.0, 0.0, 0.0, 0.0], [0.0, 0.0, 0.0, 0.0]], [[0.0, 0.0, 0.0, 0.0], [0.0, 0.0, 0.0, 0.0], [0.0, 0.0, 0.0, 0.0], [0.47498693666517244, 1.6715414640950574e-05, 0.13929512200792146, 1.0], [0.0, 0.0, 0.0, 0.0], [0.4732756135064166, 1.3428735194078877e-05, 0.11190612661732398, 1.0], [0.5709254677490448, 1.248535387098579e-05, 0.10404461559154825, 1.0], [0.0, 0.0, 0.0, 0.0]]]}