{"Arena": [5.0, 25.0, 0.0, 50.0, 4.0], "Effectors": [[0.011081136642655502, 0.0, 0.011081136642655502, 0.0, 1.0, 0.002, 1.0, 0.0, 0.3333333333333333, 0.09, 0.05, 0.001], [0.03398180130867066, 0.0, 0.03398180130867066, 0.0, 0.0, 1.3333333333333333e-05, 1.0, 0.0005, 0.3333333333333333, 0.001, 0.07692307692307693, 0.001], [0.041111327775408796, 0.0, 0.041111327775408796, 0.0, 0.0, 1.3333333333333333e-05, 1.0, 0.0005, 0.3333333333333333, 0.001, 0.07692307692307693, 0.001], [0.01737118085216676, 0.0, 0.01737118085216676, 0.0, 0.0, 1.6666666666666667e-06, 1.0, 4e-05, 0.3333333333333333, 0.0015, 0.5, 0.001]], "Targets": [[0.06918052311704652, 0.0, 0.60205968540911, 0.0], [0.08159264585328511, 0.0, 0.5718102776207407, 0.0], [0.09867633332392528, 0.0, 0.4914057732397594, 0.0], [0.061388087099796554, 0.0, 0.5456910781277269, 0.0], [0.09868515893541895, 0.0, 0.3507726024068219, 0.0], [0.053293431142403556, 0.0, 0.4526659694913898, 0.0], [0.09462189604349495, 0.0, 0.48212515293713243, 0.0], [0.09014039434609784, 0.0, 0.6058335564213483, 0.0]], "Opportunities": [[[0.4889841700838786, 0.0, 0.0, 1.0], [0.5529216200476477, 0.0, 0.0, 1.0], [0.5702778939649344, 0.0, 0.0, 1.0], [0.5920394078178479, 0.0, 0.0, 1.0], [0.45219936530099225, 0.0, 0.0, 1.0], [0.4506779064671524, 0.0, 0.0, 1.0], [0.6631374292119094, 0.0, 0.0, 1.0], [0.5510940497496669, 0.0, 0.0, 1.0]], [[0.40593083399196, 3.419872180837586e-05, 0.03562366855039152, 1.0], [0.5789742999404079, 4.6610844544614455e-05, 0.04855296306730673, 1.0], [0.5983220264781175, 6.369453201525464e-05, 0.06634847084922357, 1.0], [0.4511533809049229, 2.6406285791125897e-05, 0.027506547699089477, 1.0], [0.6616705707325117, 6.370335762674828e-05, 0.06635766419452946, 1.0], [0.4236871024922438, 1.83116298337329e-05, 0.019074614410138437, 1.0], [0.6745135677441859, 5.96400947348243e-05, 0.062125098682108644, 1.0], [0.4280535251354435, 5.5158593037427186e-05, 0.057456867747319985, 1.0]], [[0.43797241016289484, 2.7069195341637723e-05, 0.028197078480872627, 1.0], [0.4678846399078951, 3.948131807787632e-05, 0.04112637299778783, 1.0], [0.5666825480279669, 5.6565005548516485e-05, 0.05892188077970467, 1.0], [0.6313815090218116, 1.9276759324387757e-05, 0.020079957629570582, 1.0], [0.4506047326961722, 5.657383116001015e-05, 0.05893107412501057, 1.0], [0.5485338377433355, 1.118210336699476e-05, 0.011648024340619541, 1.0], [0.6614669350246819, 5.251056826808616e-05, 0.05469850861258975, 1.0], [0.6309436725771905, 4.802906657068905e-05, 0.05003027767780109, 1.0]], [[0.0, 0.0, 0.0, 0.0], [0.0, 0.0, 0.0, 0.0], [0.0, 0.0, 0.0, 0.0], [0.0, 0.0, 0.0, 0.0], [0.0, 0.0, 0.0, 0.0], [0.0, 0.0, 0.0, 0.0], [0.0, 0.0, 0.0, 0.0], [0.0, 0.0, 0.0, 0.0]]]}