{"Arena": [5.0, 25.0, 0.0, 50.0, 4.0], "Effectors": [[0.027379347644743583, 0.0, 0.027379347644743583, 0.0, 1.0, 0.002, 1.0, 0.0, 0.3333333333333333, 0.09, 0.05, 0.001], [0.021121847796150884, 0.0, 0.021121847796150884, 0.0, 1.0, 0.002, 1.0, 0.0, 0.3333333333333333, 0.09, 0.05, 0.001], [0.04627488173384188, 0.0, 0.04627488173384188, 0.0, 0.0, 1.6666666666666667e-06, 1.0, 4e-05, 0.3333333333333333, 0.0015, 0.5, 0.001], [0.03234869860868319, 0.0, 0.03234869860868319, 0.0, 0.0, 1.6666666666666667e-06, 1.0, 4e-05, 0.3333333333333333, 0.0015, 0.5, 0.001]], "Targets": [[0.09746683762732072, 0.0, 0.4948472887283215, 0.0], [0.05304644370642726, 0.0, 0.45366704523477713, 0.0], [0.092886415277446, 0.0, 0.6127534717240092, 0.0], [0.07537021798068491, 0.0, 0.5239492958943957, 0.0], [0.07058425186495808, 0.0, 0.5284125888501129, 0.0], [0.06435039787842503, 0.0, 0.3829935886400515, 0.0], [0.05711517369837561, 0.0, 0.5457188439659517, 0.0], [0.060731204739507424, 0.0, 0.5729532933730118, 0.0]], "Opportunities": [[[0.6112093195754325, 0.0, 0.0, 1.0], [0.40358994214290433, 0.0, 0.0, 1.0], [0.47198632630396486, 0.0, 0.0, 1.0], [0.6498919935741727, 0.0, 0.0, 1.0], [0.6474976809394116, 0.0, 0.0, 1.0], [0.6481798489732372, 0.0, 0.0, 1.0], [0.6141288350540288, 0.0, 0.0, 1.0], [0.6438879950527169, 0.0, 0.0, 1.0]], [[0.42039882825465097, 0.0, 0.0, 1.0], [0.4789724882024058, 0.0, 0.0, 1.0], [0.6718493609773176, 0.0, 0.0, 1.0], [0.6153271326642915, 0.0, 0.0, 1.0], [0.4470951720262214, 0.0, 0.0, 1.0], [0.6075090345650727, 0.0, 0.0, 1.0], [0.6881204512260839, 0.0, 0.0, 1.0], [0.46548000291484676, 0.0, 0.0, 1.0]], [[0.0, 0.0, 0.0, 0.0], [0.451254111918202, 5.271561972585383e-06, 0.043929683104878194, 1.0], [0.0, 0.0, 0.0, 0.0], [0.0, 0.0, 0.0, 0.0], [0.0, 0.0, 0.0, 0.0], [0.5413980164871559, 1.657551614458315e-05, 0.13812930120485958, 1.0], [0.5383145855655781, 9.340291964533733e-06, 0.07783576637111445, 1.0], [0.6192809758388513, 1.2956323005665545e-05, 0.10796935838054621, 1.0]], [[0.0, 0.0, 0.0, 0.0], [0.6123250825886648, 1.9197745097744072e-05, 0.15998120914786726, 1.0], [0.0, 0.0, 0.0, 0.0], [0.0, 0.0, 0.0, 0.0], [0.0, 0.0, 0.0, 0.0], [0.0, 0.0, 0.0, 0.0], [0.0, 0.0, 0.0, 0.0], [0.0, 0.0, 0.0, 0.0]]]}