{"Arena": [5.0, 25.0, 0.0, 50.0, 4.0], "Effectors": [[0.011459415091823449, 0.0, 0.011459415091823449, 0.0, 0.0, 1.3333333333333333e-05, 1.0, 0.0005, 0.3333333333333333, 0.001, 0.07692307692307693, 0.001], [0.014603109712591919, 0.0, 0.014603109712591919, 0.0, 0.0, 1.3333333333333333e-05, 1.0, 0.0005, 0.3333333333333333, 0.001, 0.07692307692307693, 0.001], [0.012182352410896782, 0.0, 0.012182352410896782, 0.0, 0.0, 1.3333333333333333e-05, 1.0, 0.0005, 0.3333333333333333, 0.001, 0.07692307692307693, 0.001], [0.031274865737538855, 0.0, 0.031274865737538855, 0.0, 0.0, 1.3333333333333333e-05, 1.0, 0.0005, 0.3333333333333333, 0.001, 0.07692307692307693, 0.001]], "Targets": [[0.054196685592320236, 0.0, 0.4542403824810815, 0.0], [0.0993026753747885, 0.0, 0.6376720408778838, 0.0], [0.09023530162924678, 0.0, 0.5421751634150781, 0.0], [0.08765677628601642, 0.0, 0.5196709906639285, 0.0], [0.0702562847886189, 0.0, 0.6421395390000605, 0.0], [0.05335886587387864, 0.0, 0.634875076816203, 0.0], [0.09010037408149142, 0.0, 0.49206439464211277, 0.0], [0.055233995409831954, 0.0, 0.5363003190393837, 0.0]], "Opportunities": [[[0.5236249849453669, 4.173727050049679e-05, 0.04347632343801749, 1.0], [0.6640964824293238, 8.684326028296504e-05, 0.09046172946142192, 1.0], [0.4778125197763946, 7.777588653742333e-05, 0.08101654847648264, 1.0], [0.5094325004539164, 7.519736119419297e-05, 0.07833058457728435, 1.0], [0.6166172745302525, 5.779686969679544e-05, 0.06020507260082859, 1.0], [0.41026782547134766, 4.089945078205519e-05, 0.04260359456464082, 1.0], [0.4358142636236675, 7.764095898966797e-05, 0.0808759989475708, 1.0], [0.6029359433434189, 4.27745803180085e-05, 0.04455685449792552, 1.0]], [[0.5952703459699153, 3.859357587972832e-05, 0.04020164154138366, 1.0], [0.40116245822127805, 8.369956566219658e-05, 0.08718704756478811, 1.0], [0.5041768680521743, 7.463219191665486e-05, 0.07774186657984881, 1.0], [0.6034878610296595, 7.20536665734245e-05, 0.07505590268065053, 1.0], [0.40791005084347526, 5.465317507602698e-05, 0.05693039070419477, 1.0], [0.4422582382319081, 3.775575616128672e-05, 0.039328912668007004, 1.0], [0.5805465103166786, 7.449726436889951e-05, 0.07760131705093698, 1.0], [0.4172986901599561, 3.9630885697240035e-05, 0.0412821726012917, 1.0]], [[0.6013435298174618, 4.1014333181423454e-05, 0.042723263730649434, 1.0], [0.5358033978934555, 8.612032296389172e-05, 0.08970866975405388, 1.0], [0.5981326323815803, 7.705294921835e-05, 0.08026348876911459, 1.0], [0.6443132139706642, 7.447442387511965e-05, 0.0775775248699163, 1.0], [0.6148106421574603, 5.7073932377722115e-05, 0.05945201289346053, 1.0], [0.4849851822109948, 4.017651346298186e-05, 0.04185053485727277, 1.0], [0.6056837592247826, 7.691802167059464e-05, 0.08012293924020275, 1.0], [0.5613379133466605, 4.205164299893517e-05, 0.043803794790557474, 1.0]], [[0.43072027563858095, 2.192181985478138e-05, 0.022835229015397272, 1.0], [0.45809206987119305, 6.702780963724964e-05, 0.0698206350388017, 1.0], [0.6239278984836238, 5.796043589170793e-05, 0.060375454053862423, 1.0], [0.4823862550341404, 5.538191054847757e-05, 0.05768949015466414, 1.0], [0.6610124914329099, 3.798141905108004e-05, 0.03956397817820838, 1.0], [0.5555920542543302, 2.1084000136339785e-05, 0.02196250014202061, 1.0], [0.4860569407991985, 5.782550834395257e-05, 0.06023490452495059, 1.0], [0.5521627600125055, 2.2959129672293097e-05, 0.023915760075305312, 1.0]]]}