{"Arena": [5.0, 25.0, 0.0, 50.0, 4.0], "Effectors": [[0.041639382899053966, 0.0, 0.041639382899053966, 0.0, 0.0, 1.3333333333333333e-05, 1.0, 0.0005, 0.3333333333333333, 0.001, 0.07692307692307693, 0.001], [0.03842178011865286, 0.0, 0.03842178011865286, 0.0, 0.0, 1.6666666666666667e-06, 1.0, 4e-05, 0.3333333333333333, 0.0015, 0.5, 0.001], [0.010311390740169957, 0.0, 0.010311390740169957, 0.0, 0.0, 1.6666666666666667e-06, 1.0, 4e-05, 0.3333333333333333, 0.0015, 0.5, 0.001], [0.04808367381182745, 0.0, 0.04808367381182745, 0.0, 0.0, 1.6666666666666667e-06, 1.0, 4e-05, 0.3333333333333333, 0.0015, 0.5, 0.001]], "Targets": [[0.0728857379142746, 0.0, 0.5676688946340009, 0.0], [0.08791220995324482, 0.0, 0.4233125747741819, 0.0], [0.0906023620478445, 0.0, 0.5299464085251024, 0.0], [0.08749497978353776, 0.0, 0.4211282514559985, 0.0], [0.07200430783258284, 0.0, 0.5652028633898667, 0.0], [0.06276039085705803, 0.0, 0.4666972690059351, 0.0], [0.07896900340667155, 0.0, 0.6366853451108183, 0.0], [0.09572879682732431, 0.0, 0.43217380989050364, 0.0]], "Opportunities": [[[0.5501376053993992, 3.024635501522064e-05, 0.0315066198075215, 1.0], [0.41187663626104576, 4.5272827054190856e-05, 0.047159194848115475, 1.0], [0.5430038667953152, 4.796297914879053e-05, 0.04996143661332347, 1.0], [0.6914932555924547, 4.48555968844838e-05, 0.04672458008800395, 1.0], [0.42803077785633437, 2.9364924933528875e-05, 0.03058846347242591, 1.0], [0.4599678338435243, 2.0121007958004067e-05, 0.02095938328958757, 1.0], [0.6881154673207417, 3.632962050761759e-05, 0.03784335469543499, 1.0], [0.5980758228095657, 5.308941392827035e-05, 0.05530147284194828, 1.0]], [[0.0, 0.0, 0.0, 0.0], [0.0, 0.0, 0.0, 0.0], [0.0, 0.0, 0.0, 0.0], [0.0, 0.0, 0.0, 0.0], [0.0, 0.0, 0.0, 0.0], [0.0, 0.0, 0.0, 0.0], [0.0, 0.0, 0.0, 0.0], [0.0, 0.0, 0.0, 0.0]], [[0.0, 0.0, 0.0, 0.0], [0.0, 0.0, 0.0, 0.0], [0.0, 0.0, 0.0, 0.0], [0.0, 0.0, 0.0, 0.0], [0.0, 0.0, 0.0, 0.0], [0.0, 0.0, 0.0, 0.0], [0.0, 0.0, 0.0, 0.0], [0.0, 0.0, 0.0, 0.0]], [[0.0, 0.0, 0.0, 0.0], [0.0, 0.0, 0.0, 0.0], [0.0, 0.0, 0.0, 0.0], [0.0, 0.0, 0.0, 0.0], [0.0, 0.0, 0.0, 0.0], [0.5308821724625963, 1.3176717045230582e-05, 0.10980597537692152, 1.0], [0.0, 0.0, 0.0, 0.0], [0.0, 0.0, 0.0, 0.0]]]}