{"Arena": [5.0, 25.0, 0.0, 50.0, 4.0], "Effectors": [[0.03685073236954888, 0.0, 0.03685073236954888, 0.0, 0.0, 1.3333333333333333e-05, 1.0, 0.0005, 0.3333333333333333, 0.001, 0.07692307692307693, 0.001], [0.01591119415630654, 0.0, 0.01591119415630654, 0.0, 0.0, 1.3333333333333333e-05, 1.0, 0.0005, 0.3333333333333333, 0.001, 0.07692307692307693, 0.001], [0.043614888033579, 0.0, 0.043614888033579, 0.0, 0.0, 1.3333333333333333e-05, 1.0, 0.0005, 0.3333333333333333, 0.001, 0.07692307692307693, 0.001], [0.047488018984488935, 0.0, 0.047488018984488935, 0.0, 0.0, 1.3333333333333333e-05, 1.0, 0.0005, 0.3333333333333333, 0.001, 0.07692307692307693, 0.001]], "Targets": [[0.0591910721761884, 0.0, 0.3501448194179331, 0.0], [0.08774505804953196, 0.0, 0.5183973412538192, 0.0], [0.06359169930671045, 0.0, 0.5682692576216868, 0.0], [0.060909155892832856, 0.0, 0.6205139669448362, 0.0], [0.07930504607848893, 0.0, 0.3998688623911687, 0.0], [0.09172702561885053, 0.0, 0.6312899913362446, 0.0], [0.09110391304685887, 0.0, 0.3535765740828802, 0.0], [0.0796317132774285, 0.0, 0.39858621617787804, 0.0]], "Opportunities": [[[0.5669408842804113, 2.1340339806639518e-05, 0.022229520631916168, 1.0], [0.5365877288885967, 4.9894325679983084e-05, 0.051973255916649044, 1.0], [0.44643857360328626, 2.574096693716157e-05, 0.026813507226209968, 1.0], [0.482122111846482, 2.3058423523283974e-05, 0.024019191170087474, 1.0], [0.4481938765458211, 4.1454313708940044e-05, 0.043181576780145885, 1.0], [0.5376089643518129, 5.387629324930165e-05, 0.056121138801355885, 1.0], [0.5183640976184763, 5.325318067730999e-05, 0.05547206320553124, 1.0], [0.4033278803020125, 4.1780980907879624e-05, 0.04352185511237461, 1.0]], [[0.42522833181863723, 4.2279878019881864e-05, 0.044041539604043604, 1.0], [0.6030870796701461, 7.083386389322542e-05, 0.07378527488877648, 1.0], [0.4820784906151987, 4.668050515040391e-05, 0.048625526198337404, 1.0], [0.5648380431682437, 4.399796173652631e-05, 0.04583121014221491, 1.0], [0.6580996728192674, 6.239385192218239e-05, 0.06499359575227333, 1.0], [0.5514765698556888, 7.481583146254399e-05, 0.07793315777348332, 1.0], [0.5160883669520339, 7.419271889055234e-05, 0.07728408217765868, 1.0], [0.5324333100610009, 6.272051912112197e-05, 0.06533387408450204, 1.0]], [[0.6460515886317661, 1.4576184142609404e-05, 0.01518352514855146, 1.0], [0.5759005766028956, 4.3130170015952965e-05, 0.044927260433284336, 1.0], [0.5327832915202367, 1.897681127313145e-05, 0.019767511742845262, 1.0], [0.6744097520656159, 1.6294267859253858e-05, 0.01697319568672277, 1.0], [0.46755388366036404, 3.469015804490993e-05, 0.036135581296781176, 1.0], [0.46025366657455724, 4.711213758527153e-05, 0.04907514331799118, 1.0], [0.6833923266484985, 4.6489025013279874e-05, 0.04842606772216654, 1.0], [0.4754258905393024, 3.5016825243849505e-05, 0.0364758596290099, 1.0]], [[0.4771219406176427, 1.0703053191699466e-05, 0.011149013741353611, 1.0], [0.5951997329663524, 3.925703906504303e-05, 0.040892749026086486, 1.0], [0.5408073173198177, 1.5103680322221516e-05, 0.015733000335647413, 1.0], [0.6484800389775641, 1.242113690834392e-05, 0.012938684279524918, 1.0], [0.6507242456831432, 3.081702709399999e-05, 0.03210106988958333, 1.0], [0.5632165322725171, 4.3239006634361596e-05, 0.04504063191079333, 1.0], [0.662430544756764, 4.261589406236994e-05, 0.04439155631496869, 1.0], [0.5732678002170508, 3.114369429293957e-05, 0.03244134822181205, 1.0]]]}