{"Arena": [5.0, 25.0, 0.0, 50.0, 4.0], "Effectors": [[0.03436770375592594, 0.0, 0.03436770375592594, 0.0, 0.0, 1.6666666666666667e-06, 1.0, 4e-05, 0.3333333333333333, 0.0015, 0.5, 0.001], [0.04788630410816282, 0.0, 0.04788630410816282, 0.0, 0.0, 1.6666666666666667e-06, 1.0, 4e-05, 0.3333333333333333, 0.0015, 0.5, 0.001], [0.014797330582351784, 0.0, 0.014797330582351784, 0.0, 0.0, 1.6666666666666667e-06, 1.0, 4e-05, 0.3333333333333333, 0.0015, 0.5, 0.001], [0.031571030194382906, 0.0, 0.031571030194382906, 0.0, 0.0, 1.6666666666666667e-06, 1.0, 4e-05, 0.3333333333333333, 0.0015, 0.5, 0.001]], "Targets": [[0.09806754880560735, 0.0, 0.38373945871773274, 0.0], [0.07882865960717296, 0.0, 0.5553603359328438, 0.0], [0.08394076701437697, 0.0, 0.5998229094378594, 0.0], [0.0568562645077169, 0.0, 0.453901680151901, 0.0], [0.09219193393316776, 0.0, 0.6155618459472989, 0.0], [0.09640221595828427, 0.0, 0.44014993575210815, 0.0], [0.05715230313745881, 0.0, 0.46253259427420795, 0.0], [0.08360270388896514, 0.0, 0.6185580504085744, 0.0]], "Opportunities": [[[0.0, 0.0, 0.0, 0.0], [0.0, 0.0, 0.0, 0.0], [0.0, 0.0, 0.0, 0.0], [0.0, 0.0, 0.0, 0.0], [0.0, 0.0, 0.0, 0.0], [0.0, 0.0, 0.0, 0.0], [0.0, 0.0, 0.0, 0.0], [0.0, 0.0, 0.0, 0.0]], [[0.0, 0.0, 0.0, 0.0], [0.0, 0.0, 0.0, 0.0], [0.0, 0.0, 0.0, 0.0], [0.5049783865467832, 7.469960399554084e-06, 0.062249669996284035, 1.0], [0.0, 0.0, 0.0, 0.0], [0.0, 0.0, 0.0, 0.0], [0.5454566819839497, 7.765999029295994e-06, 0.06471665857746661, 1.0], [0.0, 0.0, 0.0, 0.0]], [[0.0, 0.0, 0.0, 0.0], [0.0, 0.0, 0.0, 0.0], [0.0, 0.0, 0.0, 0.0], [0.0, 0.0, 0.0, 0.0], [0.0, 0.0, 0.0, 0.0], [0.0, 0.0, 0.0, 0.0], [0.0, 0.0, 0.0, 0.0], [0.0, 0.0, 0.0, 0.0]], [[0.0, 0.0, 0.0, 0.0], [0.0, 0.0, 0.0, 0.0], [0.0, 0.0, 0.0, 0.0], [0.0, 0.0, 0.0, 0.0], [0.0, 0.0, 0.0, 0.0], [0.0, 0.0, 0.0, 0.0], [0.0, 0.0, 0.0, 0.0], [0.0, 0.0, 0.0, 0.0]]]}