{"Arena": [5.0, 25.0, 0.0, 50.0, 4.0], "Effectors": [[0.01214325113590489, 0.0, 0.01214325113590489, 0.0, 1.0, 0.002, 1.0, 0.0, 0.3333333333333333, 0.09, 0.05, 0.001], [0.02451163796768924, 0.0, 0.02451163796768924, 0.0, 0.0, 1.3333333333333333e-05, 1.0, 0.0005, 0.3333333333333333, 0.001, 0.07692307692307693, 0.001], [0.016596920496910448, 0.0, 0.016596920496910448, 0.0, 0.0, 1.3333333333333333e-05, 1.0, 0.0005, 0.3333333333333333, 0.001, 0.07692307692307693, 0.001], [0.023719959669690593, 0.0, 0.023719959669690593, 0.0, 0.0, 1.3333333333333333e-05, 1.0, 0.0005, 0.3333333333333333, 0.001, 0.07692307692307693, 0.001]], "Targets": [[0.09490478224641737, 0.0, 0.38728517356336634, 0.0], [0.05058397867518055, 0.0, 0.48727074807025944, 0.0], [0.07107841143824527, 0.0, 0.4813272270378207, 0.0], [0.08947110129142888, 0.0, 0.5477060716753368, 0.0], [0.09251897299603647, 0.0, 0.5207955495909494, 0.0], [0.0812563811759876, 0.0, 0.6058166238495651, 0.0], [0.0882098973946311, 0.0, 0.4988379708948855, 0.0], [0.09850930091131814, 0.0, 0.5097680086124523, 0.0]], "Opportunities": [[[0.6911122396416105, 0.0, 0.0, 1.0], [0.6721455470421775, 0.0, 0.0, 1.0], [0.4008025893467522, 0.0, 0.0, 1.0], [0.48389324536266043, 0.0, 0.0, 1.0], [0.5551846116043375, 0.0, 0.0, 1.0], [0.4598438513110319, 0.0, 0.0, 1.0], [0.5337099502816285, 0.0, 0.0, 1.0], [0.6394924284146112, 0.0, 0.0, 1.0]], [[0.6227576108297811, 6.939314427872813e-05, 0.07228452529034181, 1.0], [0.5108154513731602, 2.507234070749131e-05, 0.02611702157030345, 1.0], [0.527606859036006, 4.556677347055603e-05, 0.0474653890318292, 1.0], [0.6206272325545799, 6.395946332373965e-05, 0.06662444096222879, 1.0], [0.5515952112518872, 6.700733502834723e-05, 0.06979930732119503, 1.0], [0.5313105252150773, 5.5744743208298364e-05, 0.058067440841977465, 1.0], [0.6577569243649801, 6.269825942694186e-05, 0.06531068690306445, 1.0], [0.54909850155059, 7.29976629436289e-05, 0.07603923223294677, 1.0]], [[0.5554184674280725, 7.730786174950693e-05, 0.08052902265573637, 1.0], [0.6098369788252154, 3.2987058178270105e-05, 0.03436151893569803, 1.0], [0.6372135787646435, 5.3481490941334825e-05, 0.055709886397223775, 1.0], [0.6956853182533314, 7.187418079451843e-05, 0.07486893832762337, 1.0], [0.6746874872201621, 7.492205249912602e-05, 0.07804380468658961, 1.0], [0.4776061386063753, 6.365946067907716e-05, 0.06631193820737204, 1.0], [0.6348287243151165, 7.061297689772066e-05, 0.07355518426845901, 1.0], [0.5454952140100809, 8.09123804144077e-05, 0.08428372959834135, 1.0]], [[0.6104391393098543, 7.018482257672678e-05, 0.07310919018409039, 1.0], [0.5727225280204911, 2.586401900548996e-05, 0.02694168646405204, 1.0], [0.43705690478159587, 4.635845176855467e-05, 0.04829005392557779, 1.0], [0.5474345347269547, 6.475114162173828e-05, 0.06744910585597738, 1.0], [0.6888761197911626, 6.779901332634588e-05, 0.07062397221494363, 1.0], [0.49654270357434005, 5.653642150629701e-05, 0.05889210573572605, 1.0], [0.5385130669795063, 6.34899377249405e-05, 0.06613535179681303, 1.0], [0.48382095951192655, 7.378934124162755e-05, 0.07686389712669536, 1.0]]]}