{"Arena": [5.0, 25.0, 0.0, 50.0, 4.0], "Effectors": [[0.026249100137539155, 0.0, 0.026249100137539155, 0.0, 0.0, 1.3333333333333333e-05, 1.0, 0.0005, 0.3333333333333333, 0.001, 0.07692307692307693, 0.001], [0.03393922077081662, 0.0, 0.03393922077081662, 0.0, 0.0, 1.3333333333333333e-05, 1.0, 0.0005, 0.3333333333333333, 0.001, 0.07692307692307693, 0.001], [0.03887961967672069, 0.0, 0.03887961967672069, 0.0, 0.0, 1.3333333333333333e-05, 1.0, 0.0005, 0.3333333333333333, 0.001, 0.07692307692307693, 0.001], [0.016215773827991806, 0.0, 0.016215773827991806, 0.0, 0.0, 1.6666666666666667e-06, 1.0, 4e-05, 0.3333333333333333, 0.0015, 0.5, 0.001]], "Targets": [[0.0653218034230056, 0.0, 0.3749076511427518, 0.0], [0.07066347600935641, 0.0, 0.5286265267463953, 0.0], [0.06215732135255824, 0.0, 0.4012704606912172, 0.0], [0.09279686263045568, 0.0, 0.540402338513144, 0.0], [0.08000591952510296, 0.0, 0.5937287648514924, 0.0], [0.08524695980159527, 0.0, 0.4063760943104876, 0.0], [0.06133470584001593, 0.0, 0.45860527480927527, 0.0], [0.06345785579347861, 0.0, 0.617903971992743, 0.0]], "Opportunities": [[[0.5622514023792089, 3.807270328546644e-05, 0.039659065922360875, 1.0], [0.6685411041214473, 4.341437587181725e-05, 0.04522330819980964, 1.0], [0.6743108787984495, 3.4908221215019086e-05, 0.03636273043231155, 1.0], [0.4196652737985374, 6.554776249291652e-05, 0.06827891926345471, 1.0], [0.5640970893839424, 5.2756819387563796e-05, 0.054955020195378956, 1.0], [0.6130708410524911, 5.7997859664056114e-05, 0.06041443715005845, 1.0], [0.5060963035415312, 3.408560570247678e-05, 0.03550583927341331, 1.0], [0.4457835194702542, 3.620875565593945e-05, 0.03771745380827026, 1.0]], [[0.43674525008540266, 3.0382582652188983e-05, 0.03164852359603019, 1.0], [0.43922524467190555, 3.572425523853979e-05, 0.03721276587347895, 1.0], [0.6215092081756639, 2.721810058174162e-05, 0.028352188105980856, 1.0], [0.4822371446482708, 5.7857641859639066e-05, 0.06026837693712402, 1.0], [0.6094068426158308, 4.506669875428634e-05, 0.04694447786904827, 1.0], [0.610785615475939, 5.0307739030778656e-05, 0.052403894823727766, 1.0], [0.5491398986192477, 2.639548506919931e-05, 0.027495296947082616, 1.0], [0.5861702547699942, 2.851863502266199e-05, 0.029706911481939574, 1.0]], [[0.6350470709135576, 2.544218374628491e-05, 0.026502274735713448, 1.0], [0.640956289973154, 3.0783856332635715e-05, 0.0320665170131622, 1.0], [0.49251482368016175, 2.227770167583755e-05, 0.023205939245664116, 1.0], [0.6582771815135422, 5.291724295373499e-05, 0.05512212807680728, 1.0], [0.5632045602600934, 4.0126299848382264e-05, 0.04179822900873153, 1.0], [0.5082595393597005, 4.536734012487458e-05, 0.047257645963411025, 1.0], [0.6262657698313477, 2.1455086163295236e-05, 0.022349048086765872, 1.0], [0.490920927730752, 2.3578236116757917e-05, 0.024560662621622834, 1.0]], [[0.0, 0.0, 0.0, 0.0], [0.0, 0.0, 0.0, 0.0], [0.0, 0.0, 0.0, 0.0], [0.0, 0.0, 0.0, 0.0], [0.0, 0.0, 0.0, 0.0], [0.0, 0.0, 0.0, 0.0], [0.0, 0.0, 0.0, 0.0], [0.0, 0.0, 0.0, 0.0]]]}