{"Arena": [5.0, 25.0, 0.0, 50.0, 4.0], "Effectors": [[0.022377809439781834, 0.0, 0.022377809439781834, 0.0, 0.0, 1.3333333333333333e-05, 1.0, 0.0005, 0.3333333333333333, 0.001, 0.07692307692307693, 0.001], [0.041918890039198124, 0.0, 0.041918890039198124, 0.0, 0.0, 1.3333333333333333e-05, 1.0, 0.0005, 0.3333333333333333, 0.001, 0.07692307692307693, 0.001], [0.04399657825660755, 0.0, 0.04399657825660755, 0.0, 0.0, 1.3333333333333333e-05, 1.0, 0.0005, 0.3333333333333333, 0.001, 0.07692307692307693, 0.001], [0.04352833122274297, 0.0, 0.04352833122274297, 0.0, 0.0, 1.3333333333333333e-05, 1.0, 0.0005, 0.3333333333333333, 0.001, 0.07692307692307693, 0.001]], "Targets": [[0.07581277567474444, 0.0, 0.4962911175710191, 0.0], [0.09715340276852104, 0.0, 0.424523667889928, 0.0], [0.06958050428131272, 0.0, 0.531850305322201, 0.0], [0.054669162697408596, 0.0, 0.5929304035591347, 0.0], [0.05995013185344349, 0.0, 0.4309891125675777, 0.0], [0.0983255413464532, 0.0, 0.4835199958458257, 0.0], [0.09350505217243586, 0.0, 0.6254782897721584, 0.0], [0.08039333462384794, 0.0, 0.5391638565403554, 0.0]], "Opportunities": [[[0.5312480381526493, 5.2434966234962605e-05, 0.054619756494752716, 1.0], [0.4059881815795204, 7.37755933287392e-05, 0.07684957638410334, 1.0], [0.46230049085135794, 4.620269484153089e-05, 0.04812780712659468, 1.0], [0.5239406765737671, 3.129135325762676e-05, 0.03259515964336121, 1.0], [0.5374099381203976, 3.657232241366166e-05, 0.03809616918089756, 1.0], [0.6910952377225652, 7.494773190667136e-05, 0.07807055406944935, 1.0], [0.5086776894769945, 7.012724273265403e-05, 0.07304921117984794, 1.0], [0.5122854204549883, 5.7015525184066106e-05, 0.05939117206673553, 1.0]], [[0.47007469257720214, 3.2893885635546316e-05, 0.03426446420369408, 1.0], [0.5632650356799364, 5.4234512729322917e-05, 0.0564942840930447, 1.0], [0.49722227539284497, 2.66616142421146e-05, 0.02777251483553604, 1.0], [0.5482380033549655, 1.1750272658210472e-05, 0.012239867352302574, 1.0], [0.6121976380521172, 1.703124181424537e-05, 0.017740876889838927, 1.0], [0.4609459591988342, 5.540665130725508e-05, 0.05771526177839071, 1.0], [0.5950949931171268, 5.058616213323774e-05, 0.05269391888878931, 1.0], [0.6274727379526406, 3.7474444584649816e-05, 0.03903587977567689, 1.0]], [[0.6370046530966046, 3.081619741813689e-05, 0.03210020564389259, 1.0], [0.67341738801621, 5.215682451191349e-05, 0.05433002553324322, 1.0], [0.5396255582081735, 2.4583926024705174e-05, 0.025608256275734556, 1.0], [0.5036827809254513, 9.672584440801047e-06, 0.01007560879250109, 1.0], [0.5141273603140827, 1.4953553596835944e-05, 0.01557661833003744, 1.0], [0.6663504082841253, 5.3328963089845655e-05, 0.055551003218589225, 1.0], [0.5340177596648541, 4.850847391582831e-05, 0.05052966032898783, 1.0], [0.5024335637695999, 3.539675636724039e-05, 0.03687162121587541, 1.0]], [[0.5772158740990901, 3.128444445200147e-05, 0.03258796297083486, 1.0], [0.4972320822797167, 5.262507154577806e-05, 0.05481778286018549, 1.0], [0.643585898381337, 2.505217305856975e-05, 0.026096013602676823, 1.0], [0.5507436372195673, 1.0140831474665623e-05, 0.010563366119443357, 1.0], [0.6567222121854703, 1.5421800630700518e-05, 0.01606437565697971, 1.0], [0.6382549560663845, 5.379721012371023e-05, 0.05603876054553149, 1.0], [0.622612593956836, 4.897672094969289e-05, 0.05101741765593009, 1.0], [0.4084207574238227, 3.586500340110497e-05, 0.03735937854281768, 1.0]]]}