{"Arena": [5.0, 25.0, 0.0, 50.0, 4.0], "Effectors": [[0.015036323519730598, 0.0, 0.015036323519730598, 0.0, 0.0, 1.3333333333333333e-05, 1.0, 0.0005, 0.3333333333333333, 0.001, 0.07692307692307693, 0.001], [0.03342450125792357, 0.0, 0.03342450125792357, 0.0, 0.0, 1.3333333333333333e-05, 1.0, 0.0005, 0.3333333333333333, 0.001, 0.07692307692307693, 0.001], [0.014941737298805, 0.0, 0.014941737298805, 0.0, 0.0, 1.3333333333333333e-05, 1.0, 0.0005, 0.3333333333333333, 0.001, 0.07692307692307693, 0.001], [0.013251421181404627, 0.0, 0.013251421181404627, 0.0, 0.0, 1.3333333333333333e-05, 1.0, 0.0005, 0.3333333333333333, 0.001, 0.07692307692307693, 0.001]], "Targets": [[0.0543599298390459, 0.0, 0.3825081460269987, 0.0], [0.06531014678189916, 0.0, 0.6229324533426213, 0.0], [0.06558207673226434, 0.0, 0.5294592568943253, 0.0], [0.05906829946740301, 0.0, 0.5554096503703021, 0.0], [0.08668849089343601, 0.0, 0.3501565695664178, 0.0], [0.05138627293350716, 0.0, 0.6073513275865492, 0.0], [0.07877431091004189, 0.0, 0.5144076787907138, 0.0], [0.06112749524380367, 0.0, 0.5074891062845307, 0.0]], "Opportunities": [[[0.5765145022435931, 3.8323606319315304e-05, 0.039920423249286775, 1.0], [0.6335475041530652, 4.927382326216856e-05, 0.05132689923142558, 1.0], [0.6272678763586558, 4.954575321253374e-05, 0.051610159596389316, 1.0], [0.6203356051333941, 4.303197594767242e-05, 0.0448249749454921, 1.0], [0.5651234571819082, 7.065216737370542e-05, 0.07359600768094314, 1.0], [0.4621844757956778, 3.534994941377656e-05, 0.03682286397268392, 1.0], [0.5773414837381825, 6.27379873903113e-05, 0.06535207019824094, 1.0], [0.535829141535927, 4.509117172407307e-05, 0.04696997054590945, 1.0]], [[0.6788689039455797, 1.9935428581122328e-05, 0.020766071438669095, 1.0], [0.6514555908406143, 3.088564552397559e-05, 0.032172547420807905, 1.0], [0.5059399990884482, 3.115757547434077e-05, 0.03245580778577163, 1.0], [0.44791707559565114, 2.4643798209479444e-05, 0.02567062313487442, 1.0], [0.4163480636750472, 5.2263989635512445e-05, 0.05444165587032546, 1.0], [0.4092904690345899, 1.696177167558359e-05, 0.01766851216206624, 1.0], [0.5050183051137843, 4.4349809652118325e-05, 0.04619771838762325, 1.0], [0.5845667348141863, 2.67029939858801e-05, 0.027815618735291772, 1.0]], [[0.5968296275090135, 3.8418192540240896e-05, 0.040018950562750934, 1.0], [0.5046208048866058, 4.936840948309416e-05, 0.05142542654488975, 1.0], [0.6729557055015625, 4.964033943345934e-05, 0.051708686909853474, 1.0], [0.6162869764382727, 4.312656216859801e-05, 0.04492350225895626, 1.0], [0.45989069961041096, 7.074675359463101e-05, 0.0736945349944073, 1.0], [0.5818683967883891, 3.544453563470216e-05, 0.03692139128614808, 1.0], [0.5440762459323754, 6.283257361123689e-05, 0.0654505975117051, 1.0], [0.5129378582322647, 4.518575794499867e-05, 0.047068497859373615, 1.0]], [[0.6163603435441976, 4.010850865764127e-05, 0.041779696518376326, 1.0], [0.42762773180452784, 5.105872560049453e-05, 0.05318617250051513, 1.0], [0.5245274208370261, 5.133065555085971e-05, 0.053469432865478866, 1.0], [0.5918688607587853, 4.4816878285998385e-05, 0.04668424821458165, 1.0], [0.5438127319438496, 7.243706971203139e-05, 0.07545528095003269, 1.0], [0.5633630665474045, 3.713485175210253e-05, 0.03868213724177347, 1.0], [0.4161125781875459, 6.452288972863726e-05, 0.06721134346733049, 1.0], [0.5440656230168683, 4.687607406239904e-05, 0.048829243814999, 1.0]]]}