{"Arena": [5.0, 25.0, 0.0, 50.0, 4.0], "Effectors": [[0.047918204321885684, 0.0, 0.047918204321885684, 0.0, 0.0, 1.3333333333333333e-05, 1.0, 0.0005, 0.3333333333333333, 0.001, 0.07692307692307693, 0.001], [0.02742656876650875, 0.0, 0.02742656876650875, 0.0, 0.0, 1.3333333333333333e-05, 1.0, 0.0005, 0.3333333333333333, 0.001, 0.07692307692307693, 0.001], [0.04574624280078538, 0.0, 0.04574624280078538, 0.0, 0.0, 1.3333333333333333e-05, 1.0, 0.0005, 0.3333333333333333, 0.001, 0.07692307692307693, 0.001], [0.038675655389665074, 0.0, 0.038675655389665074, 0.0, 0.0, 1.3333333333333333e-05, 1.0, 0.0005, 0.3333333333333333, 0.001, 0.07692307692307693, 0.001]], "Targets": [[0.06369951547584832, 0.0, 0.49641401373586025, 0.0], [0.09088164427302119, 0.0, 0.5255723019387954, 0.0], [0.07415093970142408, 0.0, 0.4450839767208555, 0.0], [0.08086122346025328, 0.0, 0.4015399250626488, 0.0], [0.05541580795599497, 0.0, 0.648732763916778, 0.0], [0.08412949105646296, 0.0, 0.5078197152943249, 0.0], [0.09267736428554725, 0.0, 0.4915198301890906, 0.0], [0.08867113193335228, 0.0, 0.5176595017633764, 0.0]], "Opportunities": [[[0.674652021219749, 1.4781311153962633e-05, 0.015397199118711076, 1.0], [0.6388006173644571, 4.1963439951135504e-05, 0.04371191661576615, 1.0], [0.42922868145344445, 2.52327353795384e-05, 0.026284099353685836, 1.0], [0.5133703423336957, 3.194301913836759e-05, 0.033273978269132906, 1.0], [0.5686106249294893, 6.497603634109285e-06, 0.006768337118863838, 1.0], [0.6270672919667124, 3.5211286734577277e-05, 0.03667842368185133, 1.0], [0.5441301978154783, 4.3759159963661565e-05, 0.0455824582954808, 1.0], [0.41612709512069657, 3.9752927611466604e-05, 0.04140929959527771, 1.0]], [[0.5145555760739846, 3.527294670933957e-05, 0.036742652822228716, 1.0], [0.583180118276939, 6.245507550651244e-05, 0.0650573703192838, 1.0], [0.572275199182494, 4.5724370934915336e-05, 0.047629553057203476, 1.0], [0.5042003239485131, 5.243465469374452e-05, 0.054619431972650546, 1.0], [0.6997649132325445, 2.6989239189486216e-05, 0.028113790822381475, 1.0], [0.6223521657932256, 5.570292228995421e-05, 0.05802387738536897, 1.0], [0.6605240172639335, 6.42507955190385e-05, 0.06692791199899845, 1.0], [0.43038453919554714, 6.024456316684354e-05, 0.06275475329879535, 1.0]], [[0.6933259189970759, 1.6953272675062934e-05, 0.01765965903652389, 1.0], [0.43778692083927173, 4.41354014722358e-05, 0.04597437653357896, 1.0], [0.43653366973736774, 2.7404696900638702e-05, 0.02854655927149865, 1.0], [0.5565417581501386, 3.4114980659467896e-05, 0.035536438186945726, 1.0], [0.6379027233955418, 8.669565155209585e-06, 0.009030797036676651, 1.0], [0.459344527411233, 3.7383248255677576e-05, 0.03894088359966415, 1.0], [0.624967482050263, 4.593112148476187e-05, 0.04784491821329361, 1.0], [0.4598882350950758, 4.19248891325669e-05, 0.043671759513090526, 1.0]], [[0.6270492251096222, 2.4023860086183244e-05, 0.025024854256440878, 1.0], [0.4188860768808889, 5.120598888335611e-05, 0.05333957175349595, 1.0], [0.6412012797182753, 3.447528431175901e-05, 0.035911754491415634, 1.0], [0.4942854197537162, 4.11855680705882e-05, 0.04290163340686271, 1.0], [0.6927347075739847, 1.5740152566329892e-05, 0.01639599225659364, 1.0], [0.48488738859602265, 4.445383566679789e-05, 0.04630607881958113, 1.0], [0.6214215778089207, 5.300170889588218e-05, 0.055210113433210604, 1.0], [0.4461385198898576, 4.899547654368721e-05, 0.05103695473300751, 1.0]]]}