{"Arena": [5.0, 25.0, 0.0, 50.0, 4.0], "Effectors": [[0.027147284605099437, 0.0, 0.027147284605099437, 0.0, 1.0, 0.002, 1.0, 0.0, 0.3333333333333333, 0.09, 0.05, 0.001], [0.04309876143040975, 0.0, 0.04309876143040975, 0.0, 1.0, 0.002, 1.0, 0.0, 0.3333333333333333, 0.09, 0.05, 0.001], [0.04504086046668363, 0.0, 0.04504086046668363, 0.0, 1.0, 0.002, 1.0, 0.0, 0.3333333333333333, 0.09, 0.05, 0.001], [0.01748680098178761, 0.0, 0.01748680098178761, 0.0, 0.0, 1.3333333333333333e-05, 1.0, 0.0005, 0.3333333333333333, 0.001, 0.07692307692307693, 0.001]], "Targets": [[0.09101361208140861, 0.0, 0.39970547440964277, 0.0], [0.059787890666310975, 0.0, 0.5206114956261034, 0.0], [0.06831422785044788, 0.0, 0.6277309484220046, 0.0], [0.060023482813262946, 0.0, 0.37840868377969766, 0.0], [0.08255104542322755, 0.0, 0.4147767403019711, 0.0], [0.056905898781509395, 0.0, 0.6325459179597472, 0.0], [0.053416722689549244, 0.0, 0.4776897754086079, 0.0], [0.0664404358412442, 0.0, 0.46824680786705886, 0.0]], "Opportunities": [[[0.5427004080505576, 0.0, 0.0, 1.0], [0.5289102138801642, 0.0, 0.0, 1.0], [0.6294666371897044, 0.0, 0.0, 1.0], [0.6657744847224822, 0.0, 0.0, 1.0], [0.5234428622406864, 0.0, 0.0, 1.0], [0.6040656547031691, 0.0, 0.0, 1.0], [0.683865609917474, 0.0, 0.0, 1.0], [0.5402872307637909, 0.0, 0.0, 1.0]], [[0.4881875988371626, 0.0, 0.0, 1.0], [0.4606752391464721, 0.0, 0.0, 1.0], [0.45508996706289223, 0.0, 0.0, 1.0], [0.5612465664812532, 0.0, 0.0, 1.0], [0.4705612704456118, 0.0, 0.0, 1.0], [0.4793667562104036, 0.0, 0.0, 1.0], [0.44408988675470523, 0.0, 0.0, 1.0], [0.42640652343061325, 0.0, 0.0, 1.0]], [[0.5342742519979039, 0.0, 0.0, 1.0], [0.49663361462690025, 0.0, 0.0, 1.0], [0.698637808498339, 0.0, 0.0, 1.0], [0.5125831270004305, 0.0, 0.0, 1.0], [0.4479394997793551, 0.0, 0.0, 1.0], [0.648466435669704, 0.0, 0.0, 1.0], [0.4931841654107978, 0.0, 0.0, 1.0], [0.5336231259483868, 0.0, 0.0, 1.0]], [[0.46141874792425863, 7.252681109962101e-05, 0.07554876156210522, 1.0], [0.6645300043198346, 4.130108968452337e-05, 0.04302196842137851, 1.0], [0.6926195373867389, 4.9827426868660275e-05, 0.05190356965485446, 1.0], [0.6666629184249828, 4.153668183147534e-05, 0.043267376907786814, 1.0], [0.48245872845342724, 6.406424444143995e-05, 0.06673358795983328, 1.0], [0.45871672911245304, 3.841909779972179e-05, 0.04001989354137686, 1.0], [0.4549054872447998, 3.492992170776163e-05, 0.0363853351122517, 1.0], [0.5400003875111925, 4.79536348594566e-05, 0.049951702978600625, 1.0]]]}