{"Arena": [5.0, 25.0, 0.0, 50.0, 4.0], "Effectors": [[0.02044724878454982, 0.0, 0.02044724878454982, 0.0, 1.0, 0.002, 1.0, 0.0, 0.3333333333333333, 0.09, 0.05, 0.001], [0.0224161764853025, 0.0, 0.0224161764853025, 0.0, 1.0, 0.002, 1.0, 0.0, 0.3333333333333333, 0.09, 0.05, 0.001], [0.01372025831007094, 0.0, 0.01372025831007094, 0.0, 0.0, 1.3333333333333333e-05, 1.0, 0.0005, 0.3333333333333333, 0.001, 0.07692307692307693, 0.001], [0.03042166091290415, 0.0, 0.03042166091290415, 0.0, 0.0, 1.6666666666666667e-06, 1.0, 4e-05, 0.3333333333333333, 0.0015, 0.5, 0.001]], "Targets": [[0.062174700440905006, 0.0, 0.5485894769131653, 0.0], [0.06289011246580518, 0.0, 0.3828925925794662, 0.0], [0.07201040989478381, 0.0, 0.50406343810507, 0.0], [0.05938987192081691, 0.0, 0.3971145032740985, 0.0], [0.07901116161216758, 0.0, 0.4422917849726146, 0.0], [0.08737797582692224, 0.0, 0.4215295688442229, 0.0], [0.08877455472663971, 0.0, 0.5540556960881124, 0.0], [0.09391540474034082, 0.0, 0.6305840135215509, 0.0]], "Opportunities": [[[0.40208308682906985, 0.0, 0.0, 1.0], [0.4769202404025943, 0.0, 0.0, 1.0], [0.6999867549588036, 0.0, 0.0, 1.0], [0.5686261869837304, 0.0, 0.0, 1.0], [0.47919891063246517, 0.0, 0.0, 1.0], [0.4273675750701519, 0.0, 0.0, 1.0], [0.6705577098871912, 0.0, 0.0, 1.0], [0.4147395974957749, 0.0, 0.0, 1.0]], [[0.4410905003519331, 0.0, 0.0, 1.0], [0.6345799121158917, 0.0, 0.0, 1.0], [0.5027281300817954, 0.0, 0.0, 1.0], [0.5840922536813699, 0.0, 0.0, 1.0], [0.429597401391556, 0.0, 0.0, 1.0], [0.5871296255952823, 0.0, 0.0, 1.0], [0.46122156439570117, 0.0, 0.0, 1.0], [0.6013770569535419, 0.0, 0.0, 1.0]], [[0.4971348997427118, 4.745444213083406e-05, 0.04943171055295215, 1.0], [0.4395505370274818, 4.8169854155734246e-05, 0.05017693141222317, 1.0], [0.5565778001302194, 5.7290151584712876e-05, 0.05967724123407591, 1.0], [0.45299547781686117, 4.466961361074597e-05, 0.04653084751119372, 1.0], [0.5588121374563493, 6.429090330209664e-05, 0.066969690939684, 1.0], [0.5320801489615128, 7.265771751685129e-05, 0.07568512241338676, 1.0], [0.6426922874489538, 7.405429641656877e-05, 0.07713989210059247, 1.0], [0.6535659985147644, 7.919514643026989e-05, 0.08249494419819779, 1.0]], [[0.0, 0.0, 0.0, 0.0], [0.0, 0.0, 0.0, 0.0], [0.0, 0.0, 0.0, 0.0], [0.0, 0.0, 0.0, 0.0], [0.0, 0.0, 0.0, 0.0], [0.0, 0.0, 0.0, 0.0], [0.0, 0.0, 0.0, 0.0], [0.0, 0.0, 0.0, 0.0]]]}