{"Arena": [5.0, 25.0, 0.0, 50.0, 4.0], "Effectors": [[0.011751908432565586, 0.0, 0.011751908432565586, 0.0, 1.0, 0.002, 1.0, 0.0, 0.3333333333333333, 0.09, 0.05, 0.001], [0.01884509428143707, 0.0, 0.01884509428143707, 0.0, 1.0, 0.002, 1.0, 0.0, 0.3333333333333333, 0.09, 0.05, 0.001], [0.011982357559052992, 0.0, 0.011982357559052992, 0.0, 1.0, 0.002, 1.0, 0.0, 0.3333333333333333, 0.09, 0.05, 0.001], [0.03927617144876982, 0.0, 0.03927617144876982, 0.0, 1.0, 0.002, 1.0, 0.0, 0.3333333333333333, 0.09, 0.05, 0.001]], "Targets": [[0.051279320378267, 0.0, 0.5495155069486183, 0.0], [0.06886490693264173, 0.0, 0.6281826942034545, 0.0], [0.07506816832503223, 0.0, 0.6085206980268827, 0.0], [0.060411637667087716, 0.0, 0.41840981238071284, 0.0], [0.09689845535404436, 0.0, 0.3568125872425714, 0.0], [0.05494815521049208, 0.0, 0.4877420158297038, 0.0], [0.051329635230458005, 0.0, 0.6186378223999087, 0.0], [0.07791320314241085, 0.0, 0.5933961840980307, 0.0]], "Opportunities": [[[0.6557622568054586, 0.0, 0.0, 1.0], [0.6694134050516772, 0.0, 0.0, 1.0], [0.6045048521360573, 0.0, 0.0, 1.0], [0.48594783023227556, 0.0, 0.0, 1.0], [0.6268387339428229, 0.0, 0.0, 1.0], [0.42231723429869245, 0.0, 0.0, 1.0], [0.6972736973348816, 0.0, 0.0, 1.0], [0.5084343607946159, 0.0, 0.0, 1.0]], [[0.5254545821408605, 0.0, 0.0, 1.0], [0.5936356282072743, 0.0, 0.0, 1.0], [0.588315770190337, 0.0, 0.0, 1.0], [0.604551031968549, 0.0, 0.0, 1.0], [0.645080979784912, 0.0, 0.0, 1.0], [0.649250524502938, 0.0, 0.0, 1.0], [0.5412907819350103, 0.0, 0.0, 1.0], [0.5555748919924263, 0.0, 0.0, 1.0]], [[0.49596038195058867, 0.0, 0.0, 1.0], [0.5499312262532907, 0.0, 0.0, 1.0], [0.5917289236289849, 0.0, 0.0, 1.0], [0.5207373527219944, 0.0, 0.0, 1.0], [0.5444232428453258, 0.0, 0.0, 1.0], [0.6984504944505452, 0.0, 0.0, 1.0], [0.4529590011391507, 0.0, 0.0, 1.0], [0.428578356691696, 0.0, 0.0, 1.0]], [[0.465694062958215, 0.0, 0.0, 1.0], [0.49537707579410295, 0.0, 0.0, 1.0], [0.5933118026545758, 0.0, 0.0, 1.0], [0.6704150313194027, 0.0, 0.0, 1.0], [0.62745505633518, 0.0, 0.0, 1.0], [0.592411044524356, 0.0, 0.0, 1.0], [0.4838849901197439, 0.0, 0.0, 1.0], [0.4878164169759991, 0.0, 0.0, 1.0]]]}