{"Arena": [5.0, 25.0, 0.0, 50.0, 4.0], "Effectors": [[0.021425235016096125, 0.0, 0.021425235016096125, 0.0, 0.0, 1.3333333333333333e-05, 1.0, 0.0005, 0.3333333333333333, 0.001, 0.07692307692307693, 0.001], [0.04255694425540577, 0.0, 0.04255694425540577, 0.0, 0.0, 1.3333333333333333e-05, 1.0, 0.0005, 0.3333333333333333, 0.001, 0.07692307692307693, 0.001], [0.011152094863464735, 0.0, 0.011152094863464735, 0.0, 0.0, 1.3333333333333333e-05, 1.0, 0.0005, 0.3333333333333333, 0.001, 0.07692307692307693, 0.001], [0.015180990596631446, 0.0, 0.015180990596631446, 0.0, 0.0, 1.3333333333333333e-05, 1.0, 0.0005, 0.3333333333333333, 0.001, 0.07692307692307693, 0.001]], "Targets": [[0.05080305580735013, 0.0, 0.6163761210260159, 0.0], [0.05072762633956197, 0.0, 0.43722190555902074, 0.0], [0.05688134407878771, 0.0, 0.4283803350496689, 0.0], [0.05347745677010124, 0.0, 0.502466818940937, 0.0], [0.05665800618044075, 0.0, 0.46841604609511445, 0.0], [0.0559341189405759, 0.0, 0.5099917193160455, 0.0], [0.05321529047343841, 0.0, 0.6242974834658491, 0.0], [0.08264741463656466, 0.0, 0.4336832384616698, 0.0]], "Opportunities": [[[0.5549689824801866, 2.8377820791254004e-05, 0.02956022999088959, 1.0], [0.6570239247553618, 2.830239132346584e-05, 0.029481657628610252, 1.0], [0.5029349927988083, 3.445610906269159e-05, 0.03589178027363707, 1.0], [0.6474381261827142, 3.105222175400511e-05, 0.03234606432708866, 1.0], [0.621060836019672, 3.423277116434462e-05, 0.03565913662952565, 1.0], [0.6312197612055443, 3.350888392447977e-05, 0.0349050874213331, 1.0], [0.668189015599213, 3.0790055457342286e-05, 0.032072974434731547, 1.0], [0.4175321455684106, 6.022217962046854e-05, 0.06273143710465473, 1.0]], [[0.5347595806656568, 7.246111551944359e-06, 0.007548032866608707, 1.0], [0.6861420378011616, 7.170682084156194e-06, 0.00746946050432937, 1.0], [0.5722397816129879, 1.332439982338194e-05, 0.013879583149356188, 1.0], [0.477420738086113, 9.920512514695466e-06, 0.010333867202807778, 1.0], [0.6864153813219975, 1.3101061925034977e-05, 0.013646939505244768, 1.0], [0.5469789640427842, 1.2377174685170128e-05, 0.012892890297052215, 1.0], [0.4432411613361692, 9.65834621803264e-06, 0.010060777310450665, 1.0], [0.5706131590989068, 3.909047038115889e-05, 0.04071923998037385, 1.0]], [[0.6743783568333708, 3.86509609438854e-05, 0.04026141764988062, 1.0], [0.6415687081590183, 3.857553147609723e-05, 0.04018284528760128, 1.0], [0.6505687003871192, 4.4729249215322984e-05, 0.046592967932628106, 1.0], [0.6070143346947867, 4.132536190663651e-05, 0.0430472519860797, 1.0], [0.5492256739657161, 4.450591131697601e-05, 0.04636032428851668, 1.0], [0.5652986806384993, 4.378202407711117e-05, 0.04560627508032413, 1.0], [0.5890777929453379, 4.1063195609973684e-05, 0.04277416209372258, 1.0], [0.4758735597007054, 7.049531977309994e-05, 0.07343262476364576, 1.0]], [[0.59230417560298, 3.462206521071869e-05, 0.0360646512611653, 1.0], [0.6874767218167976, 3.4546635742930526e-05, 0.03598607889888596, 1.0], [0.4384973394886279, 4.070035348215627e-05, 0.04239620154391278, 1.0], [0.5398083845187555, 3.72964661734698e-05, 0.03885048559736437, 1.0], [0.4694282429370576, 4.047701558380931e-05, 0.04216355789980136, 1.0], [0.6311287897923817, 3.975312834394446e-05, 0.04140950869160881, 1.0], [0.4577533181762856, 3.7034299876806965e-05, 0.03857739570500726, 1.0], [0.657853557185669, 6.646642403993322e-05, 0.06923585837493045, 1.0]]]}