{"Arena": [5.0, 25.0, 0.0, 50.0, 4.0], "Effectors": [[0.03220154888074563, 0.0, 0.03220154888074563, 0.0, 1.0, 0.002, 1.0, 0.0, 0.3333333333333333, 0.09, 0.05, 0.001], [0.021988617851113015, 0.0, 0.021988617851113015, 0.0, 1.0, 0.002, 1.0, 0.0, 0.3333333333333333, 0.09, 0.05, 0.001], [0.0462680002711528, 0.0, 0.0462680002711528, 0.0, 0.0, 1.3333333333333333e-05, 1.0, 0.0005, 0.3333333333333333, 0.001, 0.07692307692307693, 0.001], [0.04728825026860304, 0.0, 0.04728825026860304, 0.0, 0.0, 1.3333333333333333e-05, 1.0, 0.0005, 0.3333333333333333, 0.001, 0.07692307692307693, 0.001]], "Targets": [[0.07606295321480548, 0.0, 0.48934815441752166, 0.0], [0.09096608141402186, 0.0, 0.4272133207052291, 0.0], [0.08540186150386873, 0.0, 0.4591289822533917, 0.0], [0.08411520689525777, 0.0, 0.35556517820226374, 0.0], [0.07415786899845812, 0.0, 0.41720785599721755, 0.0], [0.09122890447318789, 0.0, 0.5180921364497111, 0.0], [0.08363701575663836, 0.0, 0.43876365334446565, 0.0], [0.06007458513436062, 0.0, 0.42269729889491153, 0.0]], "Opportunities": [[[0.6292615682625402, 0.0, 0.0, 1.0], [0.5783959529123917, 0.0, 0.0, 1.0], [0.6744453906981794, 0.0, 0.0, 1.0], [0.5736659241976138, 0.0, 0.0, 1.0], [0.5829055189509031, 0.0, 0.0, 1.0], [0.4518992630210728, 0.0, 0.0, 1.0], [0.5087745937667469, 0.0, 0.0, 1.0], [0.6325452481237017, 0.0, 0.0, 1.0]], [[0.6565626110435303, 0.0, 0.0, 1.0], [0.5420888781245998, 0.0, 0.0, 1.0], [0.4794823623117882, 0.0, 0.0, 1.0], [0.4269194805345065, 0.0, 0.0, 1.0], [0.6496173122799751, 0.0, 0.0, 1.0], [0.6304520945314951, 0.0, 0.0, 1.0], [0.6193426434180058, 0.0, 0.0, 1.0], [0.4956059653898518, 0.0, 0.0, 1.0]], [[0.4671121714875659, 2.8794952943652684e-05, 0.029994742649638213, 1.0], [0.5034340926105375, 4.369808114286906e-05, 0.045518834523821945, 1.0], [0.4774024428616937, 3.813386123271594e-05, 0.03972277211741243, 1.0], [0.539034961466922, 3.684720662410497e-05, 0.038382506900109345, 1.0], [0.6712838576729043, 2.6889868727305325e-05, 0.02801027992427638, 1.0], [0.4644266613720769, 4.396090420203509e-05, 0.045792608543786556, 1.0], [0.4048036923927536, 3.636901548548556e-05, 0.03788439113071412, 1.0], [0.5027668086736097, 1.280658486320782e-05, 0.01334019256584148, 1.0]], [[0.623653199664099, 2.7774702946202442e-05, 0.028931982235627544, 1.0], [0.43988378210957413, 4.2677831145418824e-05, 0.044456074109811276, 1.0], [0.6885984277968513, 3.711361123526569e-05, 0.03866001170340177, 1.0], [0.6702020256230035, 3.582695662665473e-05, 0.037319746486098676, 1.0], [0.4156041836304108, 2.5869618729855083e-05, 0.02694751951026571, 1.0], [0.654704609260398, 4.294065420458485e-05, 0.04472984812977589, 1.0], [0.691847026558575, 3.534876548803532e-05, 0.036821630716703455, 1.0], [0.5754270838101445, 1.178633486575758e-05, 0.012277432151830811, 1.0]]]}