{"Arena": [5.0, 25.0, 0.0, 50.0, 4.0], "Effectors": [[0.024382217337233628, 0.0, 0.024382217337233628, 0.0, 0.0, 1.3333333333333333e-05, 1.0, 0.0005, 0.3333333333333333, 0.001, 0.07692307692307693, 0.001], [0.03512439456388375, 0.0, 0.03512439456388375, 0.0, 0.0, 1.3333333333333333e-05, 1.0, 0.0005, 0.3333333333333333, 0.001, 0.07692307692307693, 0.001], [0.019939860786924033, 0.0, 0.019939860786924033, 0.0, 0.0, 1.3333333333333333e-05, 1.0, 0.0005, 0.3333333333333333, 0.001, 0.07692307692307693, 0.001], [0.014872034646886863, 0.0, 0.014872034646886863, 0.0, 0.0, 1.6666666666666667e-06, 1.0, 4e-05, 0.3333333333333333, 0.0015, 0.5, 0.001]], "Targets": [[0.05728851389841548, 0.0, 0.43465428922968824, 0.0], [0.08300054422875461, 0.0, 0.5398695435885883, 0.0], [0.05070550065044548, 0.0, 0.6226996371510887, 0.0], [0.058874494005807534, 0.0, 0.5638428064665231, 0.0], [0.053155760289413136, 0.0, 0.39893182394032134, 0.0], [0.0641907304362351, 0.0, 0.35411712343006807, 0.0], [0.07386105264076438, 0.0, 0.42540151570386386, 0.0], [0.0651425033775899, 0.0, 0.477012006605143, 0.0]], "Opportunities": [[[0.4539041375833983, 3.190629656118185e-05, 0.03323572558456443, 1.0], [0.489283664747251, 5.761832689152098e-05, 0.06001909051200102, 1.0], [0.4759492830979204, 2.5323283313211854e-05, 0.026378420117929017, 1.0], [0.5419288892169369, 3.3492276668573905e-05, 0.03488778819643115, 1.0], [0.561401846315621, 2.7773542952179507e-05, 0.02893077390852032, 1.0], [0.5336875579715435, 3.880851309900148e-05, 0.04042553447812654, 1.0], [0.6990096606670004, 4.8478835303530757e-05, 0.0504987867745112, 1.0], [0.4021325375886798, 3.976028604035627e-05, 0.04141696462537111, 1.0]], [[0.47325081862159196, 2.116411933453173e-05, 0.02204595764013722, 1.0], [0.46518296383091307, 4.687614966487086e-05, 0.048829322567573816, 1.0], [0.4916136246382542, 1.4581106086561734e-05, 0.015188652173501805, 1.0], [0.6546770034447442, 2.2750099441923785e-05, 0.023698020252003942, 1.0], [0.4597314969453523, 1.7031365725529386e-05, 0.01774100596409311, 1.0], [0.6194346485877564, 2.8066335872351357e-05, 0.02923576653369933, 1.0], [0.6218916685768368, 3.773665807688063e-05, 0.039309018830083996, 1.0], [0.41105907355179344, 2.9018108813706146e-05, 0.030227196680943903, 1.0]], [[0.5128734127341866, 3.634865311149145e-05, 0.03786318032447026, 1.0], [0.5823118299590093, 6.206068344183058e-05, 0.06464654525190686, 1.0], [0.6924941267528084, 2.9765639863521448e-05, 0.031005874857834844, 1.0], [0.5892663398484059, 3.79346332188835e-05, 0.039515242936336986, 1.0], [0.5868961603653907, 3.22158995024891e-05, 0.03355822864842615, 1.0], [0.49980591320826984, 4.3250869649311074e-05, 0.04505298921803237, 1.0], [0.6925564644978173, 5.2921191853840354e-05, 0.055126241514417036, 1.0], [0.609325603472586, 4.420264259066587e-05, 0.046044419365276944, 1.0]], [[0.0, 0.0, 0.0, 0.0], [0.0, 0.0, 0.0, 0.0], [0.0, 0.0, 0.0, 0.0], [0.0, 0.0, 0.0, 0.0], [0.0, 0.0, 0.0, 0.0], [0.0, 0.0, 0.0, 0.0], [0.0, 0.0, 0.0, 0.0], [0.0, 0.0, 0.0, 0.0]]]}