{"Arena": [5.0, 25.0, 0.0, 50.0, 4.0], "Effectors": [[0.044061123379464634, 0.0, 0.044061123379464634, 0.0, 1.0, 0.002, 1.0, 0.0, 0.3333333333333333, 0.09, 0.05, 0.001], [0.02136673541329122, 0.0, 0.02136673541329122, 0.0, 1.0, 0.002, 1.0, 0.0, 0.3333333333333333, 0.09, 0.05, 0.001], [0.027045770003762508, 0.0, 0.027045770003762508, 0.0, 1.0, 0.002, 1.0, 0.0, 0.3333333333333333, 0.09, 0.05, 0.001], [0.021048576314255298, 0.0, 0.021048576314255298, 0.0, 0.0, 1.6666666666666667e-06, 1.0, 4e-05, 0.3333333333333333, 0.0015, 0.5, 0.001]], "Targets": [[0.055771824571540105, 0.0, 0.5452672920280829, 0.0], [0.09859693333346423, 0.0, 0.4991192309059934, 0.0], [0.08050717269218646, 0.0, 0.3766199810343597, 0.0], [0.05399600073200174, 0.0, 0.4477332687120955, 0.0], [0.09028057623485782, 0.0, 0.589122804846727, 0.0], [0.07236802409453777, 0.0, 0.5180945552327704, 0.0], [0.0857127542816969, 0.0, 0.47322421608464005, 0.0], [0.07345132954537618, 0.0, 0.364476694771381, 0.0]], "Opportunities": [[[0.6580232504885404, 0.0, 0.0, 1.0], [0.44786892961761865, 0.0, 0.0, 1.0], [0.4269104935822374, 0.0, 0.0, 1.0], [0.4687578676475592, 0.0, 0.0, 1.0], [0.5781056867844527, 0.0, 0.0, 1.0], [0.5803611726161776, 0.0, 0.0, 1.0], [0.41819568123007334, 0.0, 0.0, 1.0], [0.49753899298560306, 0.0, 0.0, 1.0]], [[0.4418034256885594, 0.0, 0.0, 1.0], [0.6301290707068716, 0.0, 0.0, 1.0], [0.5338385396549953, 0.0, 0.0, 1.0], [0.4117430099058636, 0.0, 0.0, 1.0], [0.4076813590089762, 0.0, 0.0, 1.0], [0.5928674352620951, 0.0, 0.0, 1.0], [0.5515643632307754, 0.0, 0.0, 1.0], [0.5873557912771015, 0.0, 0.0, 1.0]], [[0.46158328261564974, 0.0, 0.0, 1.0], [0.4883667216650813, 0.0, 0.0, 1.0], [0.5186585253877949, 0.0, 0.0, 1.0], [0.6528010327879785, 0.0, 0.0, 1.0], [0.554429242764278, 0.0, 0.0, 1.0], [0.5090726511454281, 0.0, 0.0, 1.0], [0.6160935426760268, 0.0, 0.0, 1.0], [0.6377217013093406, 0.0, 0.0, 1.0]], [[0.0, 0.0, 0.0, 0.0], [0.0, 0.0, 0.0, 0.0], [0.0, 0.0, 0.0, 0.0], [0.0, 0.0, 0.0, 0.0], [0.0, 0.0, 0.0, 0.0], [0.0, 0.0, 0.0, 0.0], [0.0, 0.0, 0.0, 0.0], [0.0, 0.0, 0.0, 0.0]]]}