{"Arena": [5.0, 25.0, 0.0, 50.0, 4.0], "Effectors": [[0.02667709197831751, 0.0, 0.02667709197831751, 0.0, 0.0, 1.3333333333333333e-05, 1.0, 0.0005, 0.3333333333333333, 0.001, 0.07692307692307693, 0.001], [0.017732213581790803, 0.0, 0.017732213581790803, 0.0, 0.0, 1.3333333333333333e-05, 1.0, 0.0005, 0.3333333333333333, 0.001, 0.07692307692307693, 0.001], [0.025400608559770797, 0.0, 0.025400608559770797, 0.0, 0.0, 1.3333333333333333e-05, 1.0, 0.0005, 0.3333333333333333, 0.001, 0.07692307692307693, 0.001], [0.025522036335658128, 0.0, 0.025522036335658128, 0.0, 0.0, 1.3333333333333333e-05, 1.0, 0.0005, 0.3333333333333333, 0.001, 0.07692307692307693, 0.001]], "Targets": [[0.07240723765136513, 0.0, 0.52990131151213, 0.0], [0.08211565343520123, 0.0, 0.6477485946199752, 0.0], [0.08598661966166381, 0.0, 0.57279322692028, 0.0], [0.0955106039314018, 0.0, 0.6442884821672992, 0.0], [0.08240445523622966, 0.0, 0.44637538310860936, 0.0], [0.08891855858793067, 0.0, 0.5140715611422011, 0.0], [0.06454835319270005, 0.0, 0.6303825687611744, 0.0], [0.057060558111820425, 0.0, 0.4376877612188947, 0.0]], "Opportunities": [[[0.6842571913193307, 4.473014567304762e-05, 0.04659390174275794, 1.0], [0.5948953783621896, 5.443856145688372e-05, 0.05670683485092055, 1.0], [0.5705987573061013, 5.83095276833463e-05, 0.06073909133681906, 1.0], [0.40426336947598857, 6.78335119530843e-05, 0.07065990828446281, 1.0], [0.6471577928745864, 5.4727363257912153e-05, 0.05700767006032516, 1.0], [0.49110995867491325, 6.124146660961316e-05, 0.06379319438501371, 1.0], [0.4435785993405641, 3.687126121438254e-05, 0.03840756376498181, 1.0], [0.5159863968162943, 2.9383466133502914e-05, 0.03060777722239887, 1.0]], [[0.4997164505357103, 5.367502406957432e-05, 0.05591148340580659, 1.0], [0.4840518368907666, 6.338343985341042e-05, 0.06602441651396919, 1.0], [0.5565331362734889, 6.7254406079873e-05, 0.07005667299986772, 1.0], [0.5967683530792565, 7.6778390349611e-05, 0.07997748994751146, 1.0], [0.5195785979708263, 6.367224165443886e-05, 0.06632525172337381, 1.0], [0.470123352869785, 7.018634500613986e-05, 0.07311077604806236, 1.0], [0.49895003734686083, 4.581613961090925e-05, 0.04772514542803047, 1.0], [0.6192918100136121, 3.832834453002962e-05, 0.03992535888544752, 1.0]], [[0.6612408540007535, 4.600662909159433e-05, 0.047923571970410764, 1.0], [0.6076555742574844, 5.5715044875430436e-05, 0.05803650507857337, 1.0], [0.6851461978129227, 5.9586011101893014e-05, 0.062068761564471886, 1.0], [0.5022089141984868, 6.910999537163102e-05, 0.07198957851211564, 1.0], [0.5739718869522525, 5.600384667645887e-05, 0.05833734028797798, 1.0], [0.6580260403420582, 6.251795002815988e-05, 0.06512286461266655, 1.0], [0.4132085739031404, 3.814774463292926e-05, 0.039737233992634645, 1.0], [0.4878737029631225, 3.0659949552049625e-05, 0.0319374474500517, 1.0]], [[0.6444238285537787, 4.5885201315707e-05, 0.047797084703861466, 1.0], [0.6201964077282407, 5.559361709954311e-05, 0.057910017812024074, 1.0], [0.5103037624165752, 5.946458332600568e-05, 0.06194227429792259, 1.0], [0.5399161419566304, 6.898856759574368e-05, 0.07186309124556634, 1.0], [0.558539994057509, 5.5882418900571536e-05, 0.058210853021428685, 1.0], [0.41474472305149457, 6.239652225227255e-05, 0.06499637734611724, 1.0], [0.5211002531675516, 3.802631685704193e-05, 0.03961074672608534, 1.0], [0.5788796980797248, 3.05385217761623e-05, 0.0318109601835024, 1.0]]]}