{"Arena": [5.0, 25.0, 0.0, 50.0, 4.0], "Effectors": [[0.010535362271099405, 0.0, 0.010535362271099405, 0.0, 0.0, 1.3333333333333333e-05, 1.0, 0.0005, 0.3333333333333333, 0.001, 0.07692307692307693, 0.001], [0.012785202118031741, 0.0, 0.012785202118031741, 0.0, 0.0, 1.3333333333333333e-05, 1.0, 0.0005, 0.3333333333333333, 0.001, 0.07692307692307693, 0.001], [0.03397149675162758, 0.0, 0.03397149675162758, 0.0, 0.0, 1.3333333333333333e-05, 1.0, 0.0005, 0.3333333333333333, 0.001, 0.07692307692307693, 0.001], [0.01840805033707534, 0.0, 0.01840805033707534, 0.0, 0.0, 1.3333333333333333e-05, 1.0, 0.0005, 0.3333333333333333, 0.001, 0.07692307692307693, 0.001]], "Targets": [[0.07669589252711899, 0.0, 0.5782121812207043, 0.0], [0.05593417713030337, 0.0, 0.4083180891319476, 0.0], [0.052271620031079956, 0.0, 0.6343969704929882, 0.0], [0.05277312232449392, 0.0, 0.40825548094632846, 0.0], [0.06991602113502662, 0.0, 0.4480780698667037, 0.0], [0.06049558833771284, 0.0, 0.6108420859481478, 0.0], [0.0687097426947711, 0.0, 0.4433052381349037, 0.0], [0.06841685584109522, 0.0, 0.41263604353053074, 0.0]], "Opportunities": [[[0.6436637089441173, 6.516053025601959e-05, 0.06787555235002041, 1.0], [0.6703976921598782, 4.439881485920396e-05, 0.04624876547833746, 1.0], [0.4276925548984636, 4.0736257759980546e-05, 0.04243360183331307, 1.0], [0.5948446490484701, 4.123776005339451e-05, 0.04295600005561928, 1.0], [0.6717310656227599, 5.8380658863927216e-05, 0.060813186316590856, 1.0], [0.6738571075405165, 4.896022606661343e-05, 0.05100023548605566, 1.0], [0.5451685555537193, 5.71743804236717e-05, 0.05955664627465802, 1.0], [0.5915798309669099, 5.6881493569995814e-05, 0.05925155580207898, 1.0]], [[0.5435882810806743, 6.291069040908725e-05, 0.06553196917613255, 1.0], [0.5308320379621552, 4.214897501227163e-05, 0.04390518230444961, 1.0], [0.5593539364114789, 3.848641791304821e-05, 0.04009001865942523, 1.0], [0.5904484911837156, 3.8987920206462175e-05, 0.040612416881731436, 1.0], [0.623491153441322, 5.613081901699488e-05, 0.058469603142703004, 1.0], [0.5057136225291634, 4.67103862196811e-05, 0.048656652312167814, 1.0], [0.6576030704412001, 5.492454057673937e-05, 0.05721306310077017, 1.0], [0.5102331580074743, 5.463165372306348e-05, 0.056907972628191125, 1.0]], [[0.4370278127633003, 4.17243957754914e-05, 0.04346291226613688, 1.0], [0.42758966400882475, 2.0962680378675783e-05, 0.02183612539445394, 1.0], [0.5840080701224803, 1.730012327945237e-05, 0.018020961749429555, 1.0], [0.47996130627557315, 1.7801625572866333e-05, 0.018543359971735764, 1.0], [0.5756508363413518, 3.494452438339904e-05, 0.03640054623270733, 1.0], [0.5167930957262187, 2.5524091586085255e-05, 0.02658759540217214, 1.0], [0.6502739583979411, 3.3738245943143524e-05, 0.035144006190774506, 1.0], [0.5475499539180864, 3.3445359089467636e-05, 0.03483891571819545, 1.0]], [[0.5930288611189377, 5.728784219004365e-05, 0.05967483561462881, 1.0], [0.5327602248241323, 3.652612679322803e-05, 0.038048048742945866, 1.0], [0.41714596355905154, 3.286356969400461e-05, 0.034232885097921474, 1.0], [0.5609899995654354, 3.336507198741857e-05, 0.03475528332022768, 1.0], [0.4845191428434944, 5.050797079795129e-05, 0.05261246958119926, 1.0], [0.5919728493869785, 4.10875380006375e-05, 0.04279951875066406, 1.0], [0.5954504851675433, 4.9301692357695773e-05, 0.05135592953926643, 1.0], [0.538282154433715, 4.9008805504019885e-05, 0.05105083906668738, 1.0]]]}