{"Arena": [5.0, 25.0, 0.0, 50.0, 4.0], "Effectors": [[0.03351450812969054, 0.0, 0.03351450812969054, 0.0, 1.0, 0.002, 1.0, 0.0, 0.3333333333333333, 0.09, 0.05, 0.001], [0.03230130394340665, 0.0, 0.03230130394340665, 0.0, 1.0, 0.002, 1.0, 0.0, 0.3333333333333333, 0.09, 0.05, 0.001], [0.040556633283284495, 0.0, 0.040556633283284495, 0.0, 0.0, 1.6666666666666667e-06, 1.0, 4e-05, 0.3333333333333333, 0.0015, 0.5, 0.001], [0.020939698768593914, 0.0, 0.020939698768593914, 0.0, 0.0, 1.6666666666666667e-06, 1.0, 4e-05, 0.3333333333333333, 0.0015, 0.5, 0.001]], "Targets": [[0.0669350256164036, 0.0, 0.6037982139816992, 0.0], [0.09811589066906075, 0.0, 0.5835464098906781, 0.0], [0.0530746757383522, 0.0, 0.5459684460950088, 0.0], [0.06520734740629855, 0.0, 0.5941602778391395, 0.0], [0.08194443566890323, 0.0, 0.3528197051653155, 0.0], [0.06920876328826608, 0.0, 0.5285876201444285, 0.0], [0.06897128710519916, 0.0, 0.5372245950765988, 0.0], [0.05886246364509121, 0.0, 0.38888687210232914, 0.0]], "Opportunities": [[[0.6107429520199908, 0.0, 0.0, 1.0], [0.6505270076045189, 0.0, 0.0, 1.0], [0.6852980438797917, 0.0, 0.0, 1.0], [0.5005214987140646, 0.0, 0.0, 1.0], [0.6460466714979451, 0.0, 0.0, 1.0], [0.40381057172965745, 0.0, 0.0, 1.0], [0.40723712822368624, 0.0, 0.0, 1.0], [0.5227324260852004, 0.0, 0.0, 1.0]], [[0.6982105406741698, 0.0, 0.0, 1.0], [0.5055099470187119, 0.0, 0.0, 1.0], [0.45603390868429966, 0.0, 0.0, 1.0], [0.6691481742516922, 0.0, 0.0, 1.0], [0.4515314657265385, 0.0, 0.0, 1.0], [0.6576093815775046, 0.0, 0.0, 1.0], [0.5996892346575402, 0.0, 0.0, 1.0], [0.41564754005377363, 0.0, 0.0, 1.0]], [[0.0, 0.0, 0.0, 0.0], [0.0, 0.0, 0.0, 0.0], [0.4741810699181472, 1.1018042455067706e-05, 0.09181702045889756, 1.0], [0.0, 0.0, 0.0, 0.0], [0.0, 0.0, 0.0, 0.0], [0.0, 0.0, 0.0, 0.0], [0.0, 0.0, 0.0, 0.0], [0.6280647067663286, 1.6805830361806718e-05, 0.14004858634838932, 1.0]], [[0.0, 0.0, 0.0, 0.0], [0.0, 0.0, 0.0, 0.0], [0.0, 0.0, 0.0, 0.0], [0.0, 0.0, 0.0, 0.0], [0.0, 0.0, 0.0, 0.0], [0.0, 0.0, 0.0, 0.0], [0.0, 0.0, 0.0, 0.0], [0.0, 0.0, 0.0, 0.0]]]}