{"Arena": [5.0, 25.0, 0.0, 50.0, 4.0], "Effectors": [[0.011359146023013033, 0.0, 0.011359146023013033, 0.0, 1.0, 0.002, 1.0, 0.0, 0.3333333333333333, 0.09, 0.05, 0.001], [0.02578600544936777, 0.0, 0.02578600544936777, 0.0, 0.0, 1.3333333333333333e-05, 1.0, 0.0005, 0.3333333333333333, 0.001, 0.07692307692307693, 0.001], [0.04377049458526094, 0.0, 0.04377049458526094, 0.0, 0.0, 1.6666666666666667e-06, 1.0, 4e-05, 0.3333333333333333, 0.0015, 0.5, 0.001], [0.03191475299549546, 0.0, 0.03191475299549546, 0.0, 0.0, 1.6666666666666667e-06, 1.0, 4e-05, 0.3333333333333333, 0.0015, 0.5, 0.001]], "Targets": [[0.08593820595942289, 0.0, 0.6179334332963269, 0.0], [0.08444777131143019, 0.0, 0.3797407113848056, 0.0], [0.09958788130156479, 0.0, 0.3624995805004842, 0.0], [0.06560151437408755, 0.0, 0.634825197381931, 0.0], [0.06859501446414237, 0.0, 0.3633040926497221, 0.0], [0.08587905990715856, 0.0, 0.3757129523198715, 0.0], [0.07327402375828883, 0.0, 0.48146891002942116, 0.0], [0.09777112193064423, 0.0, 0.5785802361698833, 0.0]], "Opportunities": [[[0.48549976050321486, 0.0, 0.0, 1.0], [0.461517147820123, 0.0, 0.0, 1.0], [0.6448374226375311, 0.0, 0.0, 1.0], [0.4073226276087494, 0.0, 0.0, 1.0], [0.4709846803387375, 0.0, 0.0, 1.0], [0.6331315053827082, 0.0, 0.0, 1.0], [0.4022538012367238, 0.0, 0.0, 1.0], [0.5040635312814191, 0.0, 0.0, 1.0]], [[0.5305670367611255, 5.9152200510055125e-05, 0.06161687553130742, 1.0], [0.49693169304304063, 5.7661765862062424e-05, 0.06006433943964836, 1.0], [0.4230311712535441, 7.280187585219703e-05, 0.07583528734603857, 1.0], [0.6783207087708081, 3.8815508924719783e-05, 0.04043282179658311, 1.0], [0.5836660535645725, 4.180900901477461e-05, 0.04355105105705688, 1.0], [0.5917035219888005, 5.90930544577908e-05, 0.06155526506019875, 1.0], [0.4295793368867912, 4.648801830892106e-05, 0.04842501907179277, 1.0], [0.5132115774216296, 7.098511648127646e-05, 0.07394282966799631, 1.0]], [[0.0, 0.0, 0.0, 0.0], [0.0, 0.0, 0.0, 0.0], [0.0, 0.0, 0.0, 0.0], [0.0, 0.0, 0.0, 0.0], [0.0, 0.0, 0.0, 0.0], [0.0, 0.0, 0.0, 0.0], [0.0, 0.0, 0.0, 0.0], [0.0, 0.0, 0.0, 0.0]], [[0.0, 0.0, 0.0, 0.0], [0.0, 0.0, 0.0, 0.0], [0.0, 0.0, 0.0, 0.0], [0.0, 0.0, 0.0, 0.0], [0.0, 0.0, 0.0, 0.0], [0.0, 0.0, 0.0, 0.0], [0.0, 0.0, 0.0, 0.0], [0.0, 0.0, 0.0, 0.0]]]}