{"Arena": [5.0, 25.0, 0.0, 50.0, 4.0], "Effectors": [[0.018805578518305256, 0.0, 0.018805578518305256, 0.0, 0.0, 1.3333333333333333e-05, 1.0, 0.0005, 0.3333333333333333, 0.001, 0.07692307692307693, 0.001], [0.024158508350235156, 0.0, 0.024158508350235156, 0.0, 0.0, 1.3333333333333333e-05, 1.0, 0.0005, 0.3333333333333333, 0.001, 0.07692307692307693, 0.001], [0.03022352967041632, 0.0, 0.03022352967041632, 0.0, 0.0, 1.6666666666666667e-06, 1.0, 4e-05, 0.3333333333333333, 0.0015, 0.5, 0.001], [0.030095369578526245, 0.0, 0.030095369578526245, 0.0, 0.0, 1.6666666666666667e-06, 1.0, 4e-05, 0.3333333333333333, 0.0015, 0.5, 0.001]], "Targets": [[0.06511884018903052, 0.0, 0.38635592490499826, 0.0], [0.07458223445787597, 0.0, 0.44926062445458825, 0.0], [0.08284819729509339, 0.0, 0.37395422227005787, 0.0], [0.06312028753477494, 0.0, 0.4847961847867663, 0.0], [0.0994097509614006, 0.0, 0.49534435867226767, 0.0], [0.09935236262176812, 0.0, 0.5336628479724823, 0.0], [0.06034516578834637, 0.0, 0.6382817766366842, 0.0], [0.08984319096722385, 0.0, 0.4786324362595119, 0.0]], "Opportunities": [[[0.4260408089489199, 4.531326167072527e-05, 0.04720131424033882, 1.0], [0.5188163022160328, 5.477665593957072e-05, 0.057059016603719495, 1.0], [0.6522446018122305, 6.304261877678813e-05, 0.0656693945591543, 1.0], [0.6800089288530013, 4.331470901646969e-05, 0.04511948855882259, 1.0], [0.6611062410322108, 7.960417244309534e-05, 0.08292101296155764, 1.0], [0.45283609009806314, 7.954678410346286e-05, 0.08286123344110714, 1.0], [0.5766809713183384, 4.053958727004111e-05, 0.042228736739626155, 1.0], [0.6654035644728367, 7.00376124489186e-05, 0.07295584630095688, 1.0]], [[0.6697292126671807, 3.996033183879537e-05, 0.041625345665411845, 1.0], [0.43525567322077974, 4.9423726107640815e-05, 0.051483048028792514, 1.0], [0.48706128218037914, 5.768968894485824e-05, 0.06009342598422733, 1.0], [0.6801996951178314, 3.796177918453979e-05, 0.03954351998389561, 1.0], [0.4483862605596438, 7.425124261116544e-05, 0.07734504438663067, 1.0], [0.4206860267733864, 7.419385427153297e-05, 0.07728526486618018, 1.0], [0.6238146093893469, 3.518665743811121e-05, 0.03665276816469918, 1.0], [0.4558531431997313, 6.46846826169887e-05, 0.0673798777260299, 1.0]], [[0.0, 0.0, 0.0, 0.0], [0.0, 0.0, 0.0, 0.0], [0.0, 0.0, 0.0, 0.0], [0.0, 0.0, 0.0, 0.0], [0.0, 0.0, 0.0, 0.0], [0.0, 0.0, 0.0, 0.0], [0.0, 0.0, 0.0, 0.0], [0.0, 0.0, 0.0, 0.0]], [[0.0, 0.0, 0.0, 0.0], [0.0, 0.0, 0.0, 0.0], [0.0, 0.0, 0.0, 0.0], [0.0, 0.0, 0.0, 0.0], [0.0, 0.0, 0.0, 0.0], [0.0, 0.0, 0.0, 0.0], [0.0, 0.0, 0.0, 0.0], [0.0, 0.0, 0.0, 0.0]]]}