{"Arena": [5.0, 25.0, 0.0, 50.0, 4.0], "Effectors": [[0.014711590025586797, 0.0, 0.014711590025586797, 0.0, 1.0, 0.002, 1.0, 0.0, 0.3333333333333333, 0.09, 0.05, 0.001], [0.04118172700018492, 0.0, 0.04118172700018492, 0.0, 1.0, 0.002, 1.0, 0.0, 0.3333333333333333, 0.09, 0.05, 0.001], [0.03707838429665018, 0.0, 0.03707838429665018, 0.0, 1.0, 0.002, 1.0, 0.0, 0.3333333333333333, 0.09, 0.05, 0.001], [0.032308384216613605, 0.0, 0.032308384216613605, 0.0, 1.0, 0.002, 1.0, 0.0, 0.3333333333333333, 0.09, 0.05, 0.001]], "Targets": [[0.06029422250487069, 0.0, 0.4979865938635912, 0.0], [0.08939916978075262, 0.0, 0.44614214834837934, 0.0], [0.08564259246422526, 0.0, 0.38881445984726104, 0.0], [0.0975684942710846, 0.0, 0.4870067990991861, 0.0], [0.08376530603366467, 0.0, 0.6066950398366461, 0.0], [0.051636467335838036, 0.0, 0.5964094918538196, 0.0], [0.09479580300560857, 0.0, 0.39507595343814805, 0.0], [0.06415804951787486, 0.0, 0.5068673273259473, 0.0]], "Opportunities": [[[0.5392541382909091, 0.0, 0.0, 1.0], [0.5729648693882232, 0.0, 0.0, 1.0], [0.44506691845736546, 0.0, 0.0, 1.0], [0.48073263274268324, 0.0, 0.0, 1.0], [0.597530809164055, 0.0, 0.0, 1.0], [0.5987059660888175, 0.0, 0.0, 1.0], [0.46917812250319757, 0.0, 0.0, 1.0], [0.5995978674855378, 0.0, 0.0, 1.0]], [[0.6428232113659073, 0.0, 0.0, 1.0], [0.4421269003405654, 0.0, 0.0, 1.0], [0.4888426550905907, 0.0, 0.0, 1.0], [0.5261581633260708, 0.0, 0.0, 1.0], [0.5936694021152248, 0.0, 0.0, 1.0], [0.5471297760594209, 0.0, 0.0, 1.0], [0.6345513699765836, 0.0, 0.0, 1.0], [0.5942456138346556, 0.0, 0.0, 1.0]], [[0.599702918877891, 0.0, 0.0, 1.0], [0.6922204566140459, 0.0, 0.0, 1.0], [0.4886163460049069, 0.0, 0.0, 1.0], [0.5012391709839896, 0.0, 0.0, 1.0], [0.5165434134901472, 0.0, 0.0, 1.0], [0.4561560185010366, 0.0, 0.0, 1.0], [0.5359055879752619, 0.0, 0.0, 1.0], [0.6528585911907576, 0.0, 0.0, 1.0]], [[0.566269722831568, 0.0, 0.0, 1.0], [0.4334230070593455, 0.0, 0.0, 1.0], [0.6620122395946697, 0.0, 0.0, 1.0], [0.42322077645962314, 0.0, 0.0, 1.0], [0.6294123350642062, 0.0, 0.0, 1.0], [0.5454720187842128, 0.0, 0.0, 1.0], [0.563550996338809, 0.0, 0.0, 1.0], [0.5516460208477223, 0.0, 0.0, 1.0]]]}