{"Arena": [5.0, 25.0, 0.0, 50.0, 4.0], "Effectors": [[0.04687732504706209, 0.0, 0.04687732504706209, 0.0, 1.0, 0.002, 1.0, 0.0, 0.3333333333333333, 0.09, 0.05, 0.001], [0.034388960620499356, 0.0, 0.034388960620499356, 0.0, 0.0, 1.3333333333333333e-05, 1.0, 0.0005, 0.3333333333333333, 0.001, 0.07692307692307693, 0.001], [0.018898601526257643, 0.0, 0.018898601526257643, 0.0, 0.0, 1.3333333333333333e-05, 1.0, 0.0005, 0.3333333333333333, 0.001, 0.07692307692307693, 0.001], [0.049461859770991906, 0.0, 0.049461859770991906, 0.0, 0.0, 1.6666666666666667e-06, 1.0, 4e-05, 0.3333333333333333, 0.0015, 0.5, 0.001]], "Targets": [[0.08208212267094749, 0.0, 0.5243415471598691, 0.0], [0.09202932768809918, 0.0, 0.6393454797697289, 0.0], [0.055665619266307274, 0.0, 0.5135237767494293, 0.0], [0.09405961245021253, 0.0, 0.35890782186510434, 0.0], [0.06231866693700523, 0.0, 0.6323338880851599, 0.0], [0.09573545270914809, 0.0, 0.3788901039997763, 0.0], [0.07695958812871535, 0.0, 0.4571304528877467, 0.0], [0.07319545386548562, 0.0, 0.36625661063075093, 0.0]], "Opportunities": [[[0.6131300005649696, 0.0, 0.0, 1.0], [0.5270972846713676, 0.0, 0.0, 1.0], [0.5095453651685653, 0.0, 0.0, 1.0], [0.5109395167163446, 0.0, 0.0, 1.0], [0.4274553974308366, 0.0, 0.0, 1.0], [0.666894372618303, 0.0, 0.0, 1.0], [0.6212019829555251, 0.0, 0.0, 1.0], [0.6368859726113432, 0.0, 0.0, 1.0]], [[0.5649160555301918, 4.669316205044813e-05, 0.0486387104692168, 1.0], [0.5110598903386526, 5.6640367067599826e-05, 0.05900038236208315, 1.0], [0.405821355792525, 2.0276658645807918e-05, 0.021121519422716582, 1.0], [0.4284043125607476, 5.8670651829713177e-05, 0.061115262322617894, 1.0], [0.4220565337056544, 2.6929706316505875e-05, 0.028051777413026953, 1.0], [0.6168234153554768, 6.034649208864873e-05, 0.0628609292590091, 1.0], [0.5805961128823245, 4.1570627508216e-05, 0.043302736987725, 1.0], [0.5716367119069125, 3.780649324498627e-05, 0.039381763796860696, 1.0]], [[0.4209068815489362, 6.218352114468983e-05, 0.06477450119238524, 1.0], [0.5626108447864254, 7.213072616184154e-05, 0.07513617308525161, 1.0], [0.5813124891039451, 3.5767017740049635e-05, 0.037257310145885035, 1.0], [0.44115474837413154, 7.416101092395488e-05, 0.07725105304578635, 1.0], [0.46708343586875756, 4.242006541074759e-05, 0.044187568136195406, 1.0], [0.6282038985445804, 7.583685118289043e-05, 0.07899671998217754, 1.0], [0.41466777298759194, 5.706098660245771e-05, 0.05943852771089345, 1.0], [0.6530703359927026, 5.329685233922798e-05, 0.05551755452002915, 1.0]], [[0.0, 0.0, 0.0, 0.0], [0.0, 0.0, 0.0, 0.0], [0.5783557290717486, 4.703759495315369e-06, 0.03919799579429474, 1.0], [0.0, 0.0, 0.0, 0.0], [0.6269188726205355, 1.1356807166013327e-05, 0.09464005971677772, 1.0], [0.0, 0.0, 0.0, 0.0], [0.0, 0.0, 0.0, 0.0], [0.0, 0.0, 0.0, 0.0]]]}