{"Arena": [5.0, 25.0, 0.0, 50.0, 4.0], "Effectors": [[0.04015864198543111, 0.0, 0.04015864198543111, 0.0, 1.0, 0.002, 1.0, 0.0, 0.3333333333333333, 0.09, 0.05, 0.001], [0.013237806276457906, 0.0, 0.013237806276457906, 0.0, 0.0, 1.6666666666666667e-06, 1.0, 4e-05, 0.3333333333333333, 0.0015, 0.5, 0.001], [0.04080695722271517, 0.0, 0.04080695722271517, 0.0, 0.0, 1.6666666666666667e-06, 1.0, 4e-05, 0.3333333333333333, 0.0015, 0.5, 0.001], [0.02139034546587991, 0.0, 0.02139034546587991, 0.0, 0.0, 1.6666666666666667e-06, 1.0, 4e-05, 0.3333333333333333, 0.0015, 0.5, 0.001]], "Targets": [[0.09065664905185541, 0.0, 0.47889731537876373, 0.0], [0.0678248344764787, 0.0, 0.3627006276551508, 0.0], [0.06326745266274715, 0.0, 0.39610656793559507, 0.0], [0.060054244841055336, 0.0, 0.48231210020389115, 0.0], [0.0946359014886685, 0.0, 0.42199542124466205, 0.0], [0.05541992970261132, 0.0, 0.45210602556444035, 0.0], [0.08801471735555293, 0.0, 0.4939916903726409, 0.0], [0.05153503863749762, 0.0, 0.4782612049742725, 0.0]], "Opportunities": [[[0.529707827657904, 0.0, 0.0, 1.0], [0.4804705232522195, 0.0, 0.0, 1.0], [0.6026522923421692, 0.0, 0.0, 1.0], [0.6340683909559705, 0.0, 0.0, 1.0], [0.5722984915291471, 0.0, 0.0, 1.0], [0.6410629629325614, 0.0, 0.0, 1.0], [0.6579929730246323, 0.0, 0.0, 1.0], [0.6415676271739426, 0.0, 0.0, 1.0]], [[0.0, 0.0, 0.0, 0.0], [0.0, 0.0, 0.0, 0.0], [0.0, 0.0, 0.0, 0.0], [0.0, 0.0, 0.0, 0.0], [0.0, 0.0, 0.0, 0.0], [0.0, 0.0, 0.0, 0.0], [0.0, 0.0, 0.0, 0.0], [0.0, 0.0, 0.0, 0.0]], [[0.0, 0.0, 0.0, 0.0], [0.0, 0.0, 0.0, 0.0], [0.0, 0.0, 0.0, 0.0], [0.49355127990659203, 1.7747287618340163e-05, 0.14789406348616804, 1.0], [0.0, 0.0, 0.0, 0.0], [0.682767326043341, 1.3112972479896154e-05, 0.10927477066580128, 1.0], [0.0, 0.0, 0.0, 0.0], [0.5509774353436417, 9.228081414782453e-06, 0.07690067845652043, 1.0]], [[0.0, 0.0, 0.0, 0.0], [0.0, 0.0, 0.0, 0.0], [0.0, 0.0, 0.0, 0.0], [0.0, 0.0, 0.0, 0.0], [0.0, 0.0, 0.0, 0.0], [0.0, 0.0, 0.0, 0.0], [0.0, 0.0, 0.0, 0.0], [0.0, 0.0, 0.0, 0.0]]]}