{"Arena": [5.0, 25.0, 0.0, 50.0, 4.0], "Effectors": [[0.033004762548417346, 0.0, 0.033004762548417346, 0.0, 0.0, 1.3333333333333333e-05, 1.0, 0.0005, 0.3333333333333333, 0.001, 0.07692307692307693, 0.001], [0.012956289804631052, 0.0, 0.012956289804631052, 0.0, 0.0, 1.6666666666666667e-06, 1.0, 4e-05, 0.3333333333333333, 0.0015, 0.5, 0.001], [0.023463717407632607, 0.0, 0.023463717407632607, 0.0, 0.0, 1.6666666666666667e-06, 1.0, 4e-05, 0.3333333333333333, 0.0015, 0.5, 0.001], [0.02868803920949958, 0.0, 0.02868803920949958, 0.0, 0.0, 1.6666666666666667e-06, 1.0, 4e-05, 0.3333333333333333, 0.0015, 0.5, 0.001]], "Targets": [[0.056738395278526546, 0.0, 0.42577055422121457, 0.0], [0.08883964184755999, 0.0, 0.6455521368132486, 0.0], [0.057745811934132196, 0.0, 0.5974627826762388, 0.0], [0.052263872975572084, 0.0, 0.4175983672477799, 0.0], [0.09580671057963837, 0.0, 0.5628233681533329, 0.0], [0.05552377326176578, 0.0, 0.3626373223759113, 0.0], [0.050218038626716414, 0.0, 0.48263775054431546, 0.0], [0.0626606514002428, 0.0, 0.4017130283687055, 0.0]], "Opportunities": [[[0.4326357694154419, 2.27336327301092e-05, 0.023680867427197085, 1.0], [0.4370026243430548, 5.483487929914264e-05, 0.057119665936606924, 1.0], [0.42514782113532557, 2.374104938571485e-05, 0.024730259776786303, 1.0], [0.5289328539089442, 1.8259110427154738e-05, 0.019019906694952852, 1.0], [0.4704084862533218, 6.180194803122102e-05, 0.06437702919918857, 1.0], [0.5240034039254531, 2.1519010713348433e-05, 0.02241563615973795, 1.0], [0.5145532770494136, 1.621327607829907e-05, 0.016888829248228196, 1.0], [0.5777919434732394, 2.8655888851825448e-05, 0.029849884220651508, 1.0]], [[0.0, 0.0, 0.0, 0.0], [0.0, 0.0, 0.0, 0.0], [0.0, 0.0, 0.0, 0.0], [0.0, 0.0, 0.0, 0.0], [0.0, 0.0, 0.0, 0.0], [0.0, 0.0, 0.0, 0.0], [0.0, 0.0, 0.0, 0.0], [0.0, 0.0, 0.0, 0.0]], [[0.0, 0.0, 0.0, 0.0], [0.0, 0.0, 0.0, 0.0], [0.0, 0.0, 0.0, 0.0], [0.0, 0.0, 0.0, 0.0], [0.0, 0.0, 0.0, 0.0], [0.0, 0.0, 0.0, 0.0], [0.0, 0.0, 0.0, 0.0], [0.0, 0.0, 0.0, 0.0]], [[0.0, 0.0, 0.0, 0.0], [0.0, 0.0, 0.0, 0.0], [0.0, 0.0, 0.0, 0.0], [0.0, 0.0, 0.0, 0.0], [0.0, 0.0, 0.0, 0.0], [0.0, 0.0, 0.0, 0.0], [0.0, 0.0, 0.0, 0.0], [0.0, 0.0, 0.0, 0.0]]]}