{"Arena": [5.0, 25.0, 0.0, 50.0, 4.0], "Effectors": [[0.010221351215892405, 0.0, 0.010221351215892405, 0.0, 1.0, 0.002, 1.0, 0.0, 0.3333333333333333, 0.09, 0.05, 0.001], [0.0398833198352726, 0.0, 0.0398833198352726, 0.0, 0.0, 1.6666666666666667e-06, 1.0, 4e-05, 0.3333333333333333, 0.0015, 0.5, 0.001], [0.034219517148941773, 0.0, 0.034219517148941773, 0.0, 0.0, 1.6666666666666667e-06, 1.0, 4e-05, 0.3333333333333333, 0.0015, 0.5, 0.001], [0.01330073972885577, 0.0, 0.01330073972885577, 0.0, 0.0, 1.6666666666666667e-06, 1.0, 4e-05, 0.3333333333333333, 0.0015, 0.5, 0.001]], "Targets": [[0.0902177715930813, 0.0, 0.40279409714794306, 0.0], [0.0968399341198334, 0.0, 0.3608226497826042, 0.0], [0.07957615597796146, 0.0, 0.4063797616833908, 0.0], [0.08633604727280486, 0.0, 0.48893467773636967, 0.0], [0.0959088748298708, 0.0, 0.38091521717940036, 0.0], [0.05663869859882449, 0.0, 0.506144732437307, 0.0], [0.05857964095043019, 0.0, 0.5330025163199708, 0.0], [0.05857257830685404, 0.0, 0.5167190981606411, 0.0]], "Opportunities": [[[0.4108596739074333, 0.0, 0.0, 1.0], [0.6207441779551772, 0.0, 0.0, 1.0], [0.46306382103944255, 0.0, 0.0, 1.0], [0.5994327636170681, 0.0, 0.0, 1.0], [0.5797267545728819, 0.0, 0.0, 1.0], [0.5934994397148259, 0.0, 0.0, 1.0], [0.6839044801145753, 0.0, 0.0, 1.0], [0.43011684259696825, 0.0, 0.0, 1.0]], [[0.0, 0.0, 0.0, 0.0], [0.0, 0.0, 0.0, 0.0], [0.0, 0.0, 0.0, 0.0], [0.0, 0.0, 0.0, 0.0], [0.0, 0.0, 0.0, 0.0], [0.48685999491150495, 1.525537876355189e-05, 0.12712815636293243, 1.0], [0.412441614924921, 1.7196321115157586e-05, 0.14330267595964655, 1.0], [0.6471494455676656, 1.718925847158144e-05, 0.143243820596512, 1.0]], [[0.0, 0.0, 0.0, 0.0], [0.0, 0.0, 0.0, 0.0], [0.0, 0.0, 0.0, 0.0], [0.0, 0.0, 0.0, 0.0], [0.0, 0.0, 0.0, 0.0], [0.0, 0.0, 0.0, 0.0], [0.0, 0.0, 0.0, 0.0], [0.0, 0.0, 0.0, 0.0]], [[0.0, 0.0, 0.0, 0.0], [0.0, 0.0, 0.0, 0.0], [0.0, 0.0, 0.0, 0.0], [0.0, 0.0, 0.0, 0.0], [0.0, 0.0, 0.0, 0.0], [0.0, 0.0, 0.0, 0.0], [0.0, 0.0, 0.0, 0.0], [0.0, 0.0, 0.0, 0.0]]]}