{"Arena": [5.0, 25.0, 0.0, 50.0, 4.0], "Effectors": [[0.010911436005125438, 0.0, 0.010911436005125438, 0.0, 1.0, 0.002, 1.0, 0.0, 0.3333333333333333, 0.09, 0.05, 0.001], [0.01671601374810639, 0.0, 0.01671601374810639, 0.0, 0.0, 1.3333333333333333e-05, 1.0, 0.0005, 0.3333333333333333, 0.001, 0.07692307692307693, 0.001], [0.04761251000987213, 0.0, 0.04761251000987213, 0.0, 0.0, 1.3333333333333333e-05, 1.0, 0.0005, 0.3333333333333333, 0.001, 0.07692307692307693, 0.001], [0.02122319791614224, 0.0, 0.02122319791614224, 0.0, 0.0, 1.3333333333333333e-05, 1.0, 0.0005, 0.3333333333333333, 0.001, 0.07692307692307693, 0.001]], "Targets": [[0.07468137415454086, 0.0, 0.43045134906157895, 0.0], [0.09114192591832562, 0.0, 0.36720369379818657, 0.0], [0.07183546125308721, 0.0, 0.4913621194364201, 0.0], [0.06833900808182536, 0.0, 0.5389050529503415, 0.0], [0.05638054076286465, 0.0, 0.3597346581023832, 0.0], [0.07327936500071044, 0.0, 0.57827773539119, 0.0], [0.05091484353358789, 0.0, 0.5839738233856303, 0.0], [0.0808489473091752, 0.0, 0.5418368122249783, 0.0]], "Opportunities": [[[0.504089548552759, 0.0, 0.0, 1.0], [0.6760007404310139, 0.0, 0.0, 1.0], [0.5318020398256749, 0.0, 0.0, 1.0], [0.6980684881649667, 0.0, 0.0, 1.0], [0.6095103619974747, 0.0, 0.0, 1.0], [0.6607455066334915, 0.0, 0.0, 1.0], [0.6002708055852798, 0.0, 0.0, 1.0], [0.6287017441353115, 0.0, 0.0, 1.0]], [[0.593563384656538, 5.696536040643447e-05, 0.05933891709003591, 1.0], [0.6308461990311244, 7.342591217021924e-05, 0.07648532517731171, 1.0], [0.488051780607513, 5.4119447504980813e-05, 0.05637442448435502, 1.0], [0.5084751777786001, 5.062299433371897e-05, 0.05273228576429059, 1.0], [0.48784232409160194, 3.8664527014758264e-05, 0.040275548973706526, 1.0], [0.47521545359753514, 5.556335125260405e-05, 0.05787849088812922, 1.0], [0.5143388825069843, 3.31988297854815e-05, 0.03458211435987656, 1.0], [0.5880665283550887, 6.31329335610688e-05, 0.06576347245944668, 1.0]], [[0.6897625961978996, 2.6068864144668733e-05, 0.027155066817363262, 1.0], [0.6664334956573235, 4.2529415908453496e-05, 0.04430147490463906, 1.0], [0.5701092605436999, 2.322295124321508e-05, 0.024190574211682376, 1.0], [0.5522793526660738, 1.972649807195323e-05, 0.020548435491617948, 1.0], [0.508593524408421, 7.768030752992525e-06, 0.008091698701033882, 1.0], [0.5852054771313299, 2.4666854990838315e-05, 0.02569464061545658, 1.0], [0.5123088183987018, 2.302333523715763e-06, 0.0023982640872039196, 1.0], [0.49927334469633444, 3.223643729930307e-05, 0.03357962218677404, 1.0]], [[0.6639184600092514, 5.2458176238398615e-05, 0.05464393358166523, 1.0], [0.5019245771321608, 6.891872800218338e-05, 0.07179034166894102, 1.0], [0.5023186194557817, 4.961226333694496e-05, 0.051679440975984335, 1.0], [0.5890025254130123, 4.611581016568311e-05, 0.048037302255919914, 1.0], [0.47858371016730566, 3.4157342846722405e-05, 0.03558056546533584, 1.0], [0.6069286900871345, 5.10561670845682e-05, 0.05318350737975854, 1.0], [0.6224384525278058, 2.8691645617445647e-05, 0.029887130851505884, 1.0], [0.43556925310682154, 5.862574939303296e-05, 0.061068488951076, 1.0]]]}