{"Arena": [5.0, 25.0, 0.0, 50.0, 4.0], "Effectors": [[0.02236915748978494, 0.0, 0.02236915748978494, 0.0, 1.0, 0.002, 1.0, 0.0, 0.3333333333333333, 0.09, 0.05, 0.001], [0.0236241847382965, 0.0, 0.0236241847382965, 0.0, 1.0, 0.002, 1.0, 0.0, 0.3333333333333333, 0.09, 0.05, 0.001], [0.013808626717591203, 0.0, 0.013808626717591203, 0.0, 1.0, 0.002, 1.0, 0.0, 0.3333333333333333, 0.09, 0.05, 0.001], [0.030215175436085432, 0.0, 0.030215175436085432, 0.0, 0.0, 1.3333333333333333e-05, 1.0, 0.0005, 0.3333333333333333, 0.001, 0.07692307692307693, 0.001]], "Targets": [[0.08191188911853732, 0.0, 0.3589232881579628, 0.0], [0.06395714149012006, 0.0, 0.5131331013616944, 0.0], [0.09418918255424956, 0.0, 0.5793647086466515, 0.0], [0.05244187615159846, 0.0, 0.5980869203895222, 0.0], [0.060010198753717596, 0.0, 0.43285719302180514, 0.0], [0.08071936380840838, 0.0, 0.6126588723770618, 0.0], [0.05104136146431555, 0.0, 0.6437172507037252, 0.0], [0.05939280334655579, 0.0, 0.4814237730494273, 0.0]], "Opportunities": [[[0.47605788770080626, 0.0, 0.0, 1.0], [0.4975226313804038, 0.0, 0.0, 1.0], [0.5340291676846952, 0.0, 0.0, 1.0], [0.42145471992156586, 0.0, 0.0, 1.0], [0.4698521262149722, 0.0, 0.0, 1.0], [0.6747436203731416, 0.0, 0.0, 1.0], [0.6720194714966067, 0.0, 0.0, 1.0], [0.5122300004797382, 0.0, 0.0, 1.0]], [[0.6848814175233993, 0.0, 0.0, 1.0], [0.41723349501259105, 0.0, 0.0, 1.0], [0.6144879348857625, 0.0, 0.0, 1.0], [0.5366407312599051, 0.0, 0.0, 1.0], [0.4178949854049051, 0.0, 0.0, 1.0], [0.42006040709362064, 0.0, 0.0, 1.0], [0.6826517338664486, 0.0, 0.0, 1.0], [0.5553524820416135, 0.0, 0.0, 1.0]], [[0.5844439175043559, 0.0, 0.0, 1.0], [0.5777284616019884, 0.0, 0.0, 1.0], [0.4442887402174852, 0.0, 0.0, 1.0], [0.6374026224448525, 0.0, 0.0, 1.0], [0.5729858767384344, 0.0, 0.0, 1.0], [0.6509082282942176, 0.0, 0.0, 1.0], [0.6041063779699453, 0.0, 0.0, 1.0], [0.4777297576899071, 0.0, 0.0, 1.0]], [[0.5683578466904405, 5.069671368245189e-05, 0.05280907675255406, 1.0], [0.5704527667683806, 3.274196605403464e-05, 0.034106214639619416, 1.0], [0.5066308112505207, 6.297400711816413e-05, 0.06559792408142097, 1.0], [0.6077838355930192, 2.1226700715513028e-05, 0.022111146578659407, 1.0], [0.6569128323461075, 2.8795023317632162e-05, 0.029994815955866838, 1.0], [0.5820289653135434, 4.9504188372322954e-05, 0.051566862887836414, 1.0], [0.47420186850056717, 1.982618602823012e-05, 0.020652277112739707, 1.0], [0.5317515275083481, 2.8177627910470358e-05, 0.02935169574007329, 1.0]]]}