{"Arena": [5.0, 25.0, 0.0, 50.0, 4.0], "Effectors": [[0.020336384767204792, 0.0, 0.020336384767204792, 0.0, 1.0, 0.002, 1.0, 0.0, 0.3333333333333333, 0.09, 0.05, 0.001], [0.013717040506841865, 0.0, 0.013717040506841865, 0.0, 1.0, 0.002, 1.0, 0.0, 0.3333333333333333, 0.09, 0.05, 0.001], [0.0394125462248486, 0.0, 0.0394125462248486, 0.0, 1.0, 0.002, 1.0, 0.0, 0.3333333333333333, 0.09, 0.05, 0.001], [0.04080542862593345, 0.0, 0.04080542862593345, 0.0, 0.0, 1.3333333333333333e-05, 1.0, 0.0005, 0.3333333333333333, 0.001, 0.07692307692307693, 0.001]], "Targets": [[0.05693983699271137, 0.0, 0.4107173417432892, 0.0], [0.05373850185404085, 0.0, 0.4658114168281849, 0.0], [0.058143391061618914, 0.0, 0.6012441635831606, 0.0], [0.0646134988740143, 0.0, 0.4533652186977124, 0.0], [0.09001239588531965, 0.0, 0.4039327867289097, 0.0], [0.05360288579400791, 0.0, 0.47205090348231865, 0.0], [0.074963924710632, 0.0, 0.4459266991918538, 0.0], [0.09320090612354898, 0.0, 0.510520573372716, 0.0]], "Opportunities": [[[0.6791876443352057, 0.0, 0.0, 1.0], [0.577463261559359, 0.0, 0.0, 1.0], [0.5160370133589465, 0.0, 0.0, 1.0], [0.6054652837179495, 0.0, 0.0, 1.0], [0.5916105133615406, 0.0, 0.0, 1.0], [0.49887811822684663, 0.0, 0.0, 1.0], [0.6784440033279071, 0.0, 0.0, 1.0], [0.44268701783153425, 0.0, 0.0, 1.0]], [[0.42038179819302607, 0.0, 0.0, 1.0], [0.5861964403924531, 0.0, 0.0, 1.0], [0.4502187169767878, 0.0, 0.0, 1.0], [0.5784754216054839, 0.0, 0.0, 1.0], [0.687734161622771, 0.0, 0.0, 1.0], [0.6347842544230786, 0.0, 0.0, 1.0], [0.471610447433364, 0.0, 0.0, 1.0], [0.4544918678597142, 0.0, 0.0, 1.0]], [[0.6560367805810161, 0.0, 0.0, 1.0], [0.6742090521730492, 0.0, 0.0, 1.0], [0.620462059744861, 0.0, 0.0, 1.0], [0.6352144001250077, 0.0, 0.0, 1.0], [0.48790291247869655, 0.0, 0.0, 1.0], [0.49908245004891305, 0.0, 0.0, 1.0], [0.45297468313977585, 0.0, 0.0, 1.0], [0.6924176777641176, 0.0, 0.0, 1.0]], [[0.4117459858043349, 1.5134408366777923e-05, 0.01576500871539367, 1.0], [0.44588173889796956, 1.1933073228107403e-05, 0.01243028461261188, 1.0], [0.45719073650647185, 1.6337962435685465e-05, 0.01701871087050569, 1.0], [0.4767651574365307, 2.2808070248080847e-05, 0.02375840650841755, 1.0], [0.6323854543961588, 4.82069672593862e-05, 0.05021559089519396, 1.0], [0.49203442778241946, 1.1797457168074462e-05, 0.012289017883410898, 1.0], [0.5127786044121291, 3.315849608469855e-05, 0.03454010008822766, 1.0], [0.42630740251983734, 5.139547749761553e-05, 0.05353695572668284, 1.0]]]}