{"Arena": [5.0, 25.0, 0.0, 50.0, 4.0], "Effectors": [[0.04983803412328888, 0.0, 0.04983803412328888, 0.0, 1.0, 0.002, 1.0, 0.0, 0.3333333333333333, 0.09, 0.05, 0.001], [0.03437172230777227, 0.0, 0.03437172230777227, 0.0, 0.0, 1.6666666666666667e-06, 1.0, 4e-05, 0.3333333333333333, 0.0015, 0.5, 0.001], [0.044265646225957925, 0.0, 0.044265646225957925, 0.0, 0.0, 1.6666666666666667e-06, 1.0, 4e-05, 0.3333333333333333, 0.0015, 0.5, 0.001], [0.022921247562695212, 0.0, 0.022921247562695212, 0.0, 0.0, 1.6666666666666667e-06, 1.0, 4e-05, 0.3333333333333333, 0.0015, 0.5, 0.001]], "Targets": [[0.09805941391836824, 0.0, 0.602319190082587, 0.0], [0.09368145356837392, 0.0, 0.4372612728511181, 0.0], [0.06133985766314259, 0.0, 0.4957712118520656, 0.0], [0.06747432857202823, 0.0, 0.615446394280577, 0.0], [0.055541605554175526, 0.0, 0.4587513632716138, 0.0], [0.0632084457174347, 0.0, 0.36502479791643694, 0.0], [0.08970593365216002, 0.0, 0.5673975049463319, 0.0], [0.08140302439867066, 0.0, 0.5037913884166356, 0.0]], "Opportunities": [[[0.5992092768541583, 0.0, 0.0, 1.0], [0.6126561650531576, 0.0, 0.0, 1.0], [0.5140421728646326, 0.0, 0.0, 1.0], [0.512238084429123, 0.0, 0.0, 1.0], [0.6205842652533703, 0.0, 0.0, 1.0], [0.6517317099620754, 0.0, 0.0, 1.0], [0.6675536064969138, 0.0, 0.0, 1.0], [0.6989958945750302, 0.0, 0.0, 1.0]], [[0.0, 0.0, 0.0, 0.0], [0.0, 0.0, 0.0, 0.0], [0.0, 0.0, 0.0, 0.0], [0.0, 0.0, 0.0, 0.0], [0.4940921780682481, 1.9669883246403253e-05, 0.1639156937200271, 1.0], [0.0, 0.0, 0.0, 0.0], [0.0, 0.0, 0.0, 0.0], [0.0, 0.0, 0.0, 0.0]], [[0.0, 0.0, 0.0, 0.0], [0.0, 0.0, 0.0, 0.0], [0.6348390278344422, 1.5574211437184662e-05, 0.1297850953098722, 1.0], [0.0, 0.0, 0.0, 0.0], [0.624469908781502, 9.775959328217602e-06, 0.08146632773514668, 1.0], [0.6773957703058777, 1.7442799491476772e-05, 0.1453566624289731, 1.0], [0.0, 0.0, 0.0, 0.0], [0.0, 0.0, 0.0, 0.0]], [[0.0, 0.0, 0.0, 0.0], [0.0, 0.0, 0.0, 0.0], [0.0, 0.0, 0.0, 0.0], [0.0, 0.0, 0.0, 0.0], [0.0, 0.0, 0.0, 0.0], [0.0, 0.0, 0.0, 0.0], [0.0, 0.0, 0.0, 0.0], [0.0, 0.0, 0.0, 0.0]]]}