{"Arena": [5.0, 25.0, 0.0, 50.0, 4.0], "Effectors": [[0.014901671963164805, 0.0, 0.014901671963164805, 0.0, 1.0, 0.002, 1.0, 0.0, 0.3333333333333333, 0.09, 0.05, 0.001], [0.017025694622013126, 0.0, 0.017025694622013126, 0.0, 0.0, 1.6666666666666667e-06, 1.0, 4e-05, 0.3333333333333333, 0.0015, 0.5, 0.001], [0.020448309129281896, 0.0, 0.020448309129281896, 0.0, 0.0, 1.6666666666666667e-06, 1.0, 4e-05, 0.3333333333333333, 0.0015, 0.5, 0.001], [0.026790794021356788, 0.0, 0.026790794021356788, 0.0, 0.0, 1.6666666666666667e-06, 1.0, 4e-05, 0.3333333333333333, 0.0015, 0.5, 0.001]], "Targets": [[0.051233524449394954, 0.0, 0.6314808350437321, 0.0], [0.0840909429561371, 0.0, 0.5972919195754332, 0.0], [0.06254767288124807, 0.0, 0.45649306084569186, 0.0], [0.09919672038401095, 0.0, 0.5911863496412717, 0.0], [0.06644769880069462, 0.0, 0.5373475891493149, 0.0], [0.06599492027304582, 0.0, 0.5203391793346703, 0.0], [0.09920275953731325, 0.0, 0.619247731439103, 0.0], [0.0846826735906875, 0.0, 0.42994560431646234, 0.0]], "Opportunities": [[[0.4068112465728616, 0.0, 0.0, 1.0], [0.4982875879536288, 0.0, 0.0, 1.0], [0.5049022796011333, 0.0, 0.0, 1.0], [0.5897671225652567, 0.0, 0.0, 1.0], [0.47197825611264677, 0.0, 0.0, 1.0], [0.45818243180461654, 0.0, 0.0, 1.0], [0.5718837373982677, 0.0, 0.0, 1.0], [0.4807034249922862, 0.0, 0.0, 1.0]], [[0.0, 0.0, 0.0, 0.0], [0.0, 0.0, 0.0, 0.0], [0.0, 0.0, 0.0, 0.0], [0.0, 0.0, 0.0, 0.0], [0.0, 0.0, 0.0, 0.0], [0.0, 0.0, 0.0, 0.0], [0.0, 0.0, 0.0, 0.0], [0.0, 0.0, 0.0, 0.0]], [[0.0, 0.0, 0.0, 0.0], [0.0, 0.0, 0.0, 0.0], [0.0, 0.0, 0.0, 0.0], [0.0, 0.0, 0.0, 0.0], [0.0, 0.0, 0.0, 0.0], [0.0, 0.0, 0.0, 0.0], [0.0, 0.0, 0.0, 0.0], [0.0, 0.0, 0.0, 0.0]], [[0.0, 0.0, 0.0, 0.0], [0.0, 0.0, 0.0, 0.0], [0.0, 0.0, 0.0, 0.0], [0.0, 0.0, 0.0, 0.0], [0.0, 0.0, 0.0, 0.0], [0.0, 0.0, 0.0, 0.0], [0.0, 0.0, 0.0, 0.0], [0.0, 0.0, 0.0, 0.0]]]}