{"Arena": [5.0, 25.0, 0.0, 50.0, 4.0], "Effectors": [[0.028401299664995192, 0.0, 0.028401299664995192, 0.0, 1.0, 0.002, 1.0, 0.0, 0.3333333333333333, 0.09, 0.05, 0.001], [0.028269693325772637, 0.0, 0.028269693325772637, 0.0, 1.0, 0.002, 1.0, 0.0, 0.3333333333333333, 0.09, 0.05, 0.001], [0.027048949931697364, 0.0, 0.027048949931697364, 0.0, 1.0, 0.002, 1.0, 0.0, 0.3333333333333333, 0.09, 0.05, 0.001], [0.04182446924609778, 0.0, 0.04182446924609778, 0.0, 0.0, 1.3333333333333333e-05, 1.0, 0.0005, 0.3333333333333333, 0.001, 0.07692307692307693, 0.001]], "Targets": [[0.08211686865085864, 0.0, 0.643760966431606, 0.0], [0.09823246222326851, 0.0, 0.5444673627515928, 0.0], [0.09070680873788803, 0.0, 0.45732241110064425, 0.0], [0.06891453289981174, 0.0, 0.5508272469217758, 0.0], [0.08407951789815495, 0.0, 0.4780769039705832, 0.0], [0.08196684273773419, 0.0, 0.3952298027582042, 0.0], [0.09676318273393644, 0.0, 0.4498376179883514, 0.0], [0.08190521919933812, 0.0, 0.47643259537228705, 0.0]], "Opportunities": [[[0.4977043865509343, 0.0, 0.0, 1.0], [0.5804473544670204, 0.0, 0.0, 1.0], [0.6863074295474143, 0.0, 0.0, 1.0], [0.4092898701281412, 0.0, 0.0, 1.0], [0.4694773421587678, 0.0, 0.0, 1.0], [0.5014492616749024, 0.0, 0.0, 1.0], [0.6032798203405971, 0.0, 0.0, 1.0], [0.669722286309248, 0.0, 0.0, 1.0]], [[0.4207326118086239, 0.0, 0.0, 1.0], [0.6184699973790498, 0.0, 0.0, 1.0], [0.6957850060415536, 0.0, 0.0, 1.0], [0.4312817704599821, 0.0, 0.0, 1.0], [0.4535772903979269, 0.0, 0.0, 1.0], [0.41173025956629716, 0.0, 0.0, 1.0], [0.5851987767036526, 0.0, 0.0, 1.0], [0.40814562841203644, 0.0, 0.0, 1.0]], [[0.48893170298456057, 0.0, 0.0, 1.0], [0.47849097151393793, 0.0, 0.0, 1.0], [0.6772971499959011, 0.0, 0.0, 1.0], [0.44968127184356316, 0.0, 0.0, 1.0], [0.6085509277042022, 0.0, 0.0, 1.0], [0.433641117904179, 0.0, 0.0, 1.0], [0.656402189967935, 0.0, 0.0, 1.0], [0.49252787749802257, 0.0, 0.0, 1.0]], [[0.48240505106069215, 3.929239940476086e-05, 0.04092958271329257, 1.0], [0.6516275894051434, 5.540799297717073e-05, 0.057716659351219515, 1.0], [0.680462000079548, 4.788233949179025e-05, 0.04987743697061484, 1.0], [0.5359356578181251, 2.6090063653713962e-05, 0.02717714963928538, 1.0], [0.6839325173584045, 4.1255048652057166e-05, 0.04297400901255955, 1.0], [0.5254239534796405, 3.9142373491636414e-05, 0.0407733057204546, 1.0], [0.5256493399868014, 5.3938713487838666e-05, 0.056186159883165276, 1.0], [0.5209326822700884, 3.908074995324034e-05, 0.040709114534625356, 1.0]]]}