{"Arena": [5.0, 25.0, 0.0, 50.0, 4.0], "Effectors": [[0.04200690405787015, 0.0, 0.04200690405787015, 0.0, 1.0, 0.002, 1.0, 0.0, 0.3333333333333333, 0.09, 0.05, 0.001], [0.04576534961842022, 0.0, 0.04576534961842022, 0.0, 0.0, 1.3333333333333333e-05, 1.0, 0.0005, 0.3333333333333333, 0.001, 0.07692307692307693, 0.001], [0.03481503469938048, 0.0, 0.03481503469938048, 0.0, 0.0, 1.6666666666666667e-06, 1.0, 4e-05, 0.3333333333333333, 0.0015, 0.5, 0.001], [0.0331356406784269, 0.0, 0.0331356406784269, 0.0, 0.0, 1.6666666666666667e-06, 1.0, 4e-05, 0.3333333333333333, 0.0015, 0.5, 0.001]], "Targets": [[0.0576949633263986, 0.0, 0.5558717129891576, 0.0], [0.057105284346552834, 0.0, 0.485575331878611, 0.0], [0.08080692609838676, 0.0, 0.5970006555865652, 0.0], [0.07014549761091216, 0.0, 0.5102695581863005, 0.0], [0.052802404397433424, 0.0, 0.4887048472833936, 0.0], [0.09024284785065305, 0.0, 0.6169362561438237, 0.0], [0.06945544383993912, 0.0, 0.4818770632821252, 0.0], [0.05467209335831344, 0.0, 0.38963920012684056, 0.0]], "Opportunities": [[[0.628698791286786, 0.0, 0.0, 1.0], [0.696076455636233, 0.0, 0.0, 1.0], [0.5108178193221126, 0.0, 0.0, 1.0], [0.5591497235938385, 0.0, 0.0, 1.0], [0.5930679118243221, 0.0, 0.0, 1.0], [0.6824445884120776, 0.0, 0.0, 1.0], [0.5846588649175564, 0.0, 0.0, 1.0], [0.6133716979958169, 0.0, 0.0, 1.0]], [[0.49135109187468673, 1.0929613707978376e-05, 0.01138501427914414, 1.0], [0.618934269270895, 1.0339934728132612e-05, 0.010770765341804805, 1.0], [0.5655933764745242, 3.4041576479966534e-05, 0.03545997549996514, 1.0], [0.567998230762879, 2.3380147992491932e-05, 0.02435432082551243, 1.0], [0.5098807219491301, 6.0370547790132024e-06, 0.006288598728138753, 1.0], [0.6296759081253938, 4.3477498232232825e-05, 0.04528906065857586, 1.0], [0.5280265405600226, 2.26900942215189e-05, 0.02363551481408219, 1.0], [0.4670666362559669, 7.906743739893218e-06, 0.008236191395722101, 1.0]], [[0.0, 0.0, 0.0, 0.0], [0.0, 0.0, 0.0, 0.0], [0.0, 0.0, 0.0, 0.0], [0.0, 0.0, 0.0, 0.0], [0.4247097791026243, 1.6487369698052943e-05, 0.13739474748377453, 1.0], [0.0, 0.0, 0.0, 0.0], [0.0, 0.0, 0.0, 0.0], [0.42481998411888133, 1.835705865893296e-05, 0.15297548882444134, 1.0]], [[0.0, 0.0, 0.0, 0.0], [0.0, 0.0, 0.0, 0.0], [0.0, 0.0, 0.0, 0.0], [0.0, 0.0, 0.0, 0.0], [0.48820768701877415, 1.8166763719006525e-05, 0.1513896976583877, 1.0], [0.0, 0.0, 0.0, 0.0], [0.0, 0.0, 0.0, 0.0], [0.0, 0.0, 0.0, 0.0]]]}