{"Arena": [5.0, 25.0, 0.0, 50.0, 4.0], "Effectors": [[0.04686288974018724, 0.0, 0.04686288974018724, 0.0, 1.0, 0.002, 1.0, 0.0, 0.3333333333333333, 0.09, 0.05, 0.001], [0.02838084484896402, 0.0, 0.02838084484896402, 0.0, 1.0, 0.002, 1.0, 0.0, 0.3333333333333333, 0.09, 0.05, 0.001], [0.04698754111469779, 0.0, 0.04698754111469779, 0.0, 0.0, 1.3333333333333333e-05, 1.0, 0.0005, 0.3333333333333333, 0.001, 0.07692307692307693, 0.001], [0.04674298724636706, 0.0, 0.04674298724636706, 0.0, 0.0, 1.3333333333333333e-05, 1.0, 0.0005, 0.3333333333333333, 0.001, 0.07692307692307693, 0.001]], "Targets": [[0.055475761678908615, 0.0, 0.6461658525448284, 0.0], [0.08056940804702153, 0.0, 0.3866068326550607, 0.0], [0.0702286876839291, 0.0, 0.6268665595818791, 0.0], [0.07464603327999754, 0.0, 0.4992646856345625, 0.0], [0.06186669316532795, 0.0, 0.38208189848812524, 0.0], [0.08495381205605036, 0.0, 0.5268448267781137, 0.0], [0.058468998573834426, 0.0, 0.6059564861714946, 0.0], [0.07924774513538513, 0.0, 0.5211826079125108, 0.0]], "Opportunities": [[[0.4323098526141045, 0.0, 0.0, 1.0], [0.5938157877544357, 0.0, 0.0, 1.0], [0.5832166053680794, 0.0, 0.0, 1.0], [0.6358183085044672, 0.0, 0.0, 1.0], [0.5406648019040671, 0.0, 0.0, 1.0], [0.6213189129660717, 0.0, 0.0, 1.0], [0.5023859153540228, 0.0, 0.0, 1.0], [0.5862570312262861, 0.0, 0.0, 1.0]], [[0.5812975557418866, 0.0, 0.0, 1.0], [0.41742859685737443, 0.0, 0.0, 1.0], [0.4097099615135171, 0.0, 0.0, 1.0], [0.606087847355933, 0.0, 0.0, 1.0], [0.5506440265659336, 0.0, 0.0, 1.0], [0.4696698482898576, 0.0, 0.0, 1.0], [0.5743727167590335, 0.0, 0.0, 1.0], [0.5894275880489066, 0.0, 0.0, 1.0]], [[0.40924793491303885, 7.488220564210828e-06, 0.00780022975438628, 1.0], [0.4839308808206718, 3.2581866932323745e-05, 0.033939444721170574, 1.0], [0.5754525705739467, 2.224114656923132e-05, 0.02316786100961596, 1.0], [0.44496491164546065, 2.6658492165299754e-05, 0.027769262672187243, 1.0], [0.5324425254127043, 1.3879152050630166e-05, 0.014457450052739755, 1.0], [0.4273483701443287, 3.6966270941352577e-05, 0.0385065322305756, 1.0], [0.4621609544223056, 1.0481457459136639e-05, 0.010918184853267331, 1.0], [0.43743639361478126, 3.1260204020687343e-05, 0.03256271252154931, 1.0]], [[0.6284489860583832, 7.732774432541558e-06, 0.00805497336723079, 1.0], [0.44367377083224857, 3.2826420800654474e-05, 0.03419418833401508, 1.0], [0.6260304428714696, 2.2485700437562046e-05, 0.023422604622460465, 1.0], [0.5861787206566058, 2.690304603363048e-05, 0.028024006285031752, 1.0], [0.6917303080916695, 1.4123705918960893e-05, 0.014712193665584265, 1.0], [0.5897075354738962, 3.7210824809683306e-05, 0.03876127584342011, 1.0], [0.6065339307139797, 1.0726011327467366e-05, 0.01117292846611184, 1.0], [0.5062548602055572, 3.150475788901807e-05, 0.032817456134393824, 1.0]]]}