{"Arena": [5.0, 25.0, 0.0, 50.0, 4.0], "Effectors": [[0.03925787607943618, 0.0, 0.03925787607943618, 0.0, 0.0, 1.3333333333333333e-05, 1.0, 0.0005, 0.3333333333333333, 0.001, 0.07692307692307693, 0.001], [0.04076545917250967, 0.0, 0.04076545917250967, 0.0, 0.0, 1.6666666666666667e-06, 1.0, 4e-05, 0.3333333333333333, 0.0015, 0.5, 0.001], [0.02345315779587081, 0.0, 0.02345315779587081, 0.0, 0.0, 1.6666666666666667e-06, 1.0, 4e-05, 0.3333333333333333, 0.0015, 0.5, 0.001], [0.03997342528194564, 0.0, 0.03997342528194564, 0.0, 0.0, 1.6666666666666667e-06, 1.0, 4e-05, 0.3333333333333333, 0.0015, 0.5, 0.001]], "Targets": [[0.07166654990120096, 0.0, 0.4822419773455461, 0.0], [0.060284005191909414, 0.0, 0.445554948491485, 0.0], [0.06918229540218332, 0.0, 0.4903469424455624, 0.0], [0.08888104938769806, 0.0, 0.5639989498416135, 0.0], [0.08026877644499424, 0.0, 0.403085337439677, 0.0], [0.08901424248200364, 0.0, 0.6020544136374433, 0.0], [0.06085397157070207, 0.0, 0.6458030098884016, 0.0], [0.08808103398479498, 0.0, 0.3957134681502253, 0.0]], "Opportunities": [[[0.46270919916762265, 3.140867382176478e-05, 0.032717368564338316, 1.0], [0.4151343526927751, 2.0026129112473237e-05, 0.020860551158826287, 1.0], [0.4016691869485274, 2.892441932274714e-05, 0.03012960346119494, 1.0], [0.4216724893271083, 4.862317330826188e-05, 0.050649138862772794, 1.0], [0.49407066300828245, 4.001090036555806e-05, 0.04167802121412298, 1.0], [0.6687835811566887, 4.8756366402567465e-05, 0.05078788166934111, 1.0], [0.5746338377385068, 2.0596095491265893e-05, 0.021454266136735303, 1.0], [0.4943258621445807, 4.7823157905358805e-05, 0.04981578948474876, 1.0]], [[0.0, 0.0, 0.0, 0.0], [0.5869767318287198, 1.801854601939974e-05, 0.1501545501616645, 1.0], [0.0, 0.0, 0.0, 0.0], [0.0, 0.0, 0.0, 0.0], [0.0, 0.0, 0.0, 0.0], [0.0, 0.0, 0.0, 0.0], [0.5861735259764743, 1.8588512398192397e-05, 0.15490426998493664, 1.0], [0.0, 0.0, 0.0, 0.0]], [[0.0, 0.0, 0.0, 0.0], [0.0, 0.0, 0.0, 0.0], [0.0, 0.0, 0.0, 0.0], [0.0, 0.0, 0.0, 0.0], [0.0, 0.0, 0.0, 0.0], [0.0, 0.0, 0.0, 0.0], [0.0, 0.0, 0.0, 0.0], [0.0, 0.0, 0.0, 0.0]], [[0.0, 0.0, 0.0, 0.0], [0.6523606174382838, 1.8810579909963773e-05, 0.15675483258303144, 1.0], [0.0, 0.0, 0.0, 0.0], [0.0, 0.0, 0.0, 0.0], [0.0, 0.0, 0.0, 0.0], [0.0, 0.0, 0.0, 0.0], [0.4697167296945465, 1.9380546288756426e-05, 0.16150455240630357, 1.0], [0.0, 0.0, 0.0, 0.0]]]}