{"Arena": [5.0, 25.0, 0.0, 50.0, 4.0], "Effectors": [[0.023288843035737302, 0.0, 0.023288843035737302, 0.0, 0.0, 1.3333333333333333e-05, 1.0, 0.0005, 0.3333333333333333, 0.001, 0.07692307692307693, 0.001], [0.0205168956715748, 0.0, 0.0205168956715748, 0.0, 0.0, 1.6666666666666667e-06, 1.0, 4e-05, 0.3333333333333333, 0.0015, 0.5, 0.001], [0.04007652764853505, 0.0, 0.04007652764853505, 0.0, 0.0, 1.6666666666666667e-06, 1.0, 4e-05, 0.3333333333333333, 0.0015, 0.5, 0.001], [0.04733952069340138, 0.0, 0.04733952069340138, 0.0, 0.0, 1.6666666666666667e-06, 1.0, 4e-05, 0.3333333333333333, 0.0015, 0.5, 0.001]], "Targets": [[0.07370412268969807, 0.0, 0.5883312366235769, 0.0], [0.09929709632795473, 0.0, 0.5834132467031463, 0.0], [0.08604967217828721, 0.0, 0.6057316043062844, 0.0], [0.06701136790008404, 0.0, 0.5702315001336671, 0.0], [0.0529753729788976, 0.0, 0.49147374368005, 0.0], [0.08967133974094167, 0.0, 0.5066447815199276, 0.0], [0.09987785421945389, 0.0, 0.36496119014740996, 0.0], [0.07687109942765626, 0.0, 0.5398895566498807, 0.0]], "Opportunities": [[[0.6154864733151778, 4.941527965396077e-05, 0.05147424963954247, 1.0], [0.49577946376095455, 7.500825329221743e-05, 0.07813359717939315, 1.0], [0.6066650272745728, 6.176082914254991e-05, 0.06433419702348948, 1.0], [0.42996423993447724, 4.272252486434673e-05, 0.04450263006702784, 1.0], [0.48405492199832384, 2.86865299431603e-05, 0.029881802024125312, 1.0], [0.6176907772505789, 6.538249670520437e-05, 0.06810676740125456, 1.0], [0.6069179170792104, 7.558901118371659e-05, 0.07873855331637145, 1.0], [0.6684061616726149, 5.258225639191895e-05, 0.05477318374158224, 1.0]], [[0.0, 0.0, 0.0, 0.0], [0.0, 0.0, 0.0, 0.0], [0.0, 0.0, 0.0, 0.0], [0.0, 0.0, 0.0, 0.0], [0.0, 0.0, 0.0, 0.0], [0.0, 0.0, 0.0, 0.0], [0.0, 0.0, 0.0, 0.0], [0.0, 0.0, 0.0, 0.0]], [[0.0, 0.0, 0.0, 0.0], [0.0, 0.0, 0.0, 0.0], [0.0, 0.0, 0.0, 0.0], [0.0, 0.0, 0.0, 0.0], [0.4326967475257341, 1.139884533036255e-05, 0.09499037775302124, 1.0], [0.0, 0.0, 0.0, 0.0], [0.0, 0.0, 0.0, 0.0], [0.0, 0.0, 0.0, 0.0]], [[0.0, 0.0, 0.0, 0.0], [0.0, 0.0, 0.0, 0.0], [0.0, 0.0, 0.0, 0.0], [0.5632064751384271, 1.8171847206682656e-05, 0.1514320600556888, 1.0], [0.49671919045724394, 4.135852285496221e-06, 0.03446543571246851, 1.0], [0.0, 0.0, 0.0, 0.0], [0.0, 0.0, 0.0, 0.0], [0.0, 0.0, 0.0, 0.0]]]}