{"Arena": [5.0, 25.0, 0.0, 50.0, 4.0], "Effectors": [[0.011669130005122682, 0.0, 0.011669130005122682, 0.0, 0.0, 1.3333333333333333e-05, 1.0, 0.0005, 0.3333333333333333, 0.001, 0.07692307692307693, 0.001], [0.011592016770531316, 0.0, 0.011592016770531316, 0.0, 0.0, 1.3333333333333333e-05, 1.0, 0.0005, 0.3333333333333333, 0.001, 0.07692307692307693, 0.001], [0.030190284984764774, 0.0, 0.030190284984764774, 0.0, 0.0, 1.3333333333333333e-05, 1.0, 0.0005, 0.3333333333333333, 0.001, 0.07692307692307693, 0.001], [0.0374924841637793, 0.0, 0.0374924841637793, 0.0, 0.0, 1.6666666666666667e-06, 1.0, 4e-05, 0.3333333333333333, 0.0015, 0.5, 0.001]], "Targets": [[0.09538065345911756, 0.0, 0.5507041268615944, 0.0], [0.057249037171668946, 0.0, 0.5948454317389258, 0.0], [0.09830475881358094, 0.0, 0.5144027669472131, 0.0], [0.06587413278847287, 0.0, 0.5345239753397535, 0.0], [0.053235607384684025, 0.0, 0.5061507075675857, 0.0], [0.07822156782262184, 0.0, 0.6443617214183626, 0.0], [0.07307848481497582, 0.0, 0.4881414226558938, 0.0], [0.054239933645815565, 0.0, 0.5443716274281986, 0.0]], "Opportunities": [[[0.553157934864217, 8.271152345399489e-05, 0.08615783693124467, 1.0], [0.5405623066813694, 4.457990716654626e-05, 0.0464374032984857, 1.0], [0.6897595814622395, 8.563562880845827e-05, 0.0892037800088107, 1.0], [0.46368076507259287, 5.320500278335019e-05, 0.05542187789932312, 1.0], [0.5899507436228506, 4.056647737956135e-05, 0.0422567472703764, 1.0], [0.571632510262382, 6.555243781749916e-05, 0.0682837893932283, 1.0], [0.6015333499502896, 6.040935480985314e-05, 0.06292641126026369, 1.0], [0.6771723033584389, 4.157080364069288e-05, 0.04330292045905509, 1.0]], [[0.420775365259187, 8.278863668858625e-05, 0.08623816321727734, 1.0], [0.443177693725661, 4.465702040113763e-05, 0.046517729584518365, 1.0], [0.6372127391829394, 8.571274204304963e-05, 0.08928410629484336, 1.0], [0.628476380876821, 5.3282116017941553e-05, 0.055502204185355786, 1.0], [0.4902904311295031, 4.064359061415271e-05, 0.042337073556409074, 1.0], [0.49561234304510926, 6.562955105209052e-05, 0.06836411567926096, 1.0], [0.6528641468913686, 6.048646804444451e-05, 0.06300673754629636, 1.0], [0.4341486865489742, 4.164791687528425e-05, 0.04338324674508776, 1.0]], [[0.5565449289987223, 6.419036847435278e-05, 0.06686496716078415, 1.0], [0.6718270224335705, 2.605875218690417e-05, 0.027144533528025178, 1.0], [0.6735951187863862, 6.711447382881616e-05, 0.06991091023835017, 1.0], [0.6049594613185533, 3.4683847803708096e-05, 0.036129008128862605, 1.0], [0.5387671244962071, 2.204532239991925e-05, 0.022963877499915887, 1.0], [0.4797393454744838, 4.703128283785706e-05, 0.048990919622767776, 1.0], [0.5321933690408148, 4.188819983021105e-05, 0.043633541489803175, 1.0], [0.6277893518780502, 2.304964866105079e-05, 0.024010050688594572, 1.0]], [[0.0, 0.0, 0.0, 0.0], [0.6718973361649896, 1.8256553007889643e-05, 0.15213794173241368, 1.0], [0.0, 0.0, 0.0, 0.0], [0.0, 0.0, 0.0, 0.0], [0.6895518243895096, 1.4243123220904724e-05, 0.11869269350753936, 1.0], [0.0, 0.0, 0.0, 0.0], [0.0, 0.0, 0.0, 0.0], [0.6193372039729298, 1.5247449482036264e-05, 0.12706207901696887, 1.0]]]}