{"Arena": [5.0, 25.0, 0.0, 50.0, 4.0], "Effectors": [[0.019326450482528564, 0.0, 0.019326450482528564, 0.0, 1.0, 0.002, 1.0, 0.0, 0.3333333333333333, 0.09, 0.05, 0.001], [0.017817615203866318, 0.0, 0.017817615203866318, 0.0, 0.0, 1.3333333333333333e-05, 1.0, 0.0005, 0.3333333333333333, 0.001, 0.07692307692307693, 0.001], [0.02420637632734197, 0.0, 0.02420637632734197, 0.0, 0.0, 1.6666666666666667e-06, 1.0, 4e-05, 0.3333333333333333, 0.0015, 0.5, 0.001], [0.027922444365655778, 0.0, 0.027922444365655778, 0.0, 0.0, 1.6666666666666667e-06, 1.0, 4e-05, 0.3333333333333333, 0.0015, 0.5, 0.001]], "Targets": [[0.051287850359073746, 0.0, 0.4365668797397185, 0.0], [0.09109253138521285, 0.0, 0.3903890264714331, 0.0], [0.06794167658925476, 0.0, 0.38373432033512866, 0.0], [0.0905267869968114, 0.0, 0.43934064842049647, 0.0], [0.06093955466783315, 0.0, 0.44689006592064284, 0.0], [0.06362614174598583, 0.0, 0.4707325312356176, 0.0], [0.07162116187691969, 0.0, 0.38356044101806963, 0.0], [0.08329067866589294, 0.0, 0.5106748460501108, 0.0]], "Opportunities": [[[0.6255988461209163, 0.0, 0.0, 1.0], [0.5721630003382671, 0.0, 0.0, 1.0], [0.4944319280356639, 0.0, 0.0, 1.0], [0.6856777177153254, 0.0, 0.0, 1.0], [0.588699023760975, 0.0, 0.0, 1.0], [0.5433415927692026, 0.0, 0.0, 1.0], [0.5464468143930722, 0.0, 0.0, 1.0], [0.5114775806662676, 0.0, 0.0, 1.0]], [[0.5787254560003623, 3.247023515520743e-05, 0.033823161620007744, 1.0], [0.556255794326957, 7.227491618134653e-05, 0.07528637102223597, 1.0], [0.6021748157527483, 4.9124061385388444e-05, 0.051170897276446296, 1.0], [0.5566463745430354, 7.170917179294508e-05, 0.07469705395098446, 1.0], [0.4771113910726194, 4.212193946396684e-05, 0.043877020274965456, 1.0], [0.6138989254116858, 4.4808526542119505e-05, 0.046675548481374486, 1.0], [0.49362614367561036, 5.280354667305337e-05, 0.05500369445109726, 1.0], [0.6980862637208275, 6.447306346202663e-05, 0.06715944110627774, 1.0]], [[0.0, 0.0, 0.0, 0.0], [0.0, 0.0, 0.0, 0.0], [0.0, 0.0, 0.0, 0.0], [0.0, 0.0, 0.0, 0.0], [0.0, 0.0, 0.0, 0.0], [0.0, 0.0, 0.0, 0.0], [0.0, 0.0, 0.0, 0.0], [0.0, 0.0, 0.0, 0.0]], [[0.0, 0.0, 0.0, 0.0], [0.0, 0.0, 0.0, 0.0], [0.0, 0.0, 0.0, 0.0], [0.0, 0.0, 0.0, 0.0], [0.0, 0.0, 0.0, 0.0], [0.0, 0.0, 0.0, 0.0], [0.0, 0.0, 0.0, 0.0], [0.0, 0.0, 0.0, 0.0]]]}