{"Arena": [5.0, 25.0, 0.0, 50.0, 4.0], "Effectors": [[0.031067286023638015, 0.0, 0.031067286023638015, 0.0, 1.0, 0.002, 1.0, 0.0, 0.3333333333333333, 0.09, 0.05, 0.001], [0.03326934620338312, 0.0, 0.03326934620338312, 0.0, 0.0, 1.3333333333333333e-05, 1.0, 0.0005, 0.3333333333333333, 0.001, 0.07692307692307693, 0.001], [0.04896726811311467, 0.0, 0.04896726811311467, 0.0, 0.0, 1.6666666666666667e-06, 1.0, 4e-05, 0.3333333333333333, 0.0015, 0.5, 0.001], [0.028550057755334333, 0.0, 0.028550057755334333, 0.0, 0.0, 1.6666666666666667e-06, 1.0, 4e-05, 0.3333333333333333, 0.0015, 0.5, 0.001]], "Targets": [[0.0843575621035312, 0.0, 0.37434639362071503, 0.0], [0.09254827731589983, 0.0, 0.37004734157653346, 0.0], [0.08247241876061814, 0.0, 0.6173504689264018, 0.0], [0.055801844105630154, 0.0, 0.4650989858751577, 0.0], [0.05675054857560831, 0.0, 0.4808527201705315, 0.0], [0.07146119695437086, 0.0, 0.5322706028165192, 0.0], [0.08555211842414047, 0.0, 0.4303114333836301, 0.0], [0.05277382579861558, 0.0, 0.4227116821335649, 0.0]], "Opportunities": [[[0.4103071918263374, 0.0, 0.0, 1.0], [0.6961595364572926, 0.0, 0.0, 1.0], [0.6879888157940633, 0.0, 0.0, 1.0], [0.6100628743371727, 0.0, 0.0, 1.0], [0.6321897530945757, 0.0, 0.0, 1.0], [0.6590140963337077, 0.0, 0.0, 1.0], [0.655255001305715, 0.0, 0.0, 1.0], [0.42118622316358634, 0.0, 0.0, 1.0]], [[0.6192996003502231, 5.008821590014807e-05, 0.052175224895987575, 1.0], [0.4712797244909956, 5.827893111251671e-05, 0.060707219908871575, 1.0], [0.6114914972228569, 4.820307255723502e-05, 0.05021153391378648, 1.0], [0.4255746816454718, 2.1532497902247033e-05, 0.02242968531484066, 1.0], [0.5197007123162872, 2.2481202372225186e-05, 0.02341791913773457, 1.0], [0.673196298432369, 3.719185075098774e-05, 0.03874151119894557, 1.0], [0.5528622846838578, 5.1282772220757345e-05, 0.053419554396622236, 1.0], [0.4262683622641416, 1.850447959523246e-05, 0.019275499578367144, 1.0]], [[0.0, 0.0, 0.0, 0.0], [0.0, 0.0, 0.0, 0.0], [0.0, 0.0, 0.0, 0.0], [0.5377024347031828, 5.334575992515482e-06, 0.04445479993762902, 1.0], [0.6577383754448748, 6.283280462493637e-06, 0.05236067052078031, 1.0], [0.0, 0.0, 0.0, 0.0], [0.0, 0.0, 0.0, 0.0], [0.6353620296266512, 2.306557685500908e-06, 0.0192213140458409, 1.0]], [[0.0, 0.0, 0.0, 0.0], [0.0, 0.0, 0.0, 0.0], [0.0, 0.0, 0.0, 0.0], [0.0, 0.0, 0.0, 0.0], [0.0, 0.0, 0.0, 0.0], [0.0, 0.0, 0.0, 0.0], [0.0, 0.0, 0.0, 0.0], [0.0, 0.0, 0.0, 0.0]]]}