{"Arena": [5.0, 25.0, 0.0, 50.0, 4.0], "Effectors": [[0.04373956314067931, 0.0, 0.04373956314067931, 0.0, 1.0, 0.002, 1.0, 0.0, 0.3333333333333333, 0.09, 0.05, 0.001], [0.013918175810755929, 0.0, 0.013918175810755929, 0.0, 0.0, 1.3333333333333333e-05, 1.0, 0.0005, 0.3333333333333333, 0.001, 0.07692307692307693, 0.001], [0.02884533832968018, 0.0, 0.02884533832968018, 0.0, 0.0, 1.6666666666666667e-06, 1.0, 4e-05, 0.3333333333333333, 0.0015, 0.5, 0.001], [0.028943903652102854, 0.0, 0.028943903652102854, 0.0, 0.0, 1.6666666666666667e-06, 1.0, 4e-05, 0.3333333333333333, 0.0015, 0.5, 0.001]], "Targets": [[0.07811024042836563, 0.0, 0.4193405509911022, 0.0], [0.0950213569126672, 0.0, 0.48276727665135194, 0.0], [0.06765629503963157, 0.0, 0.4149707961957355, 0.0], [0.0647597443502722, 0.0, 0.6285170766827615, 0.0], [0.0903719785921148, 0.0, 0.41642562012092615, 0.0], [0.06543576348436976, 0.0, 0.6347298552752417, 0.0], [0.05620473631419655, 0.0, 0.6111283615496201, 0.0], [0.090191841214207, 0.0, 0.4023606540785182, 0.0]], "Opportunities": [[[0.44054813114731833, 0.0, 0.0, 1.0], [0.44951313140127036, 0.0, 0.0, 1.0], [0.40372523672719735, 0.0, 0.0, 1.0], [0.528183647214409, 0.0, 0.0, 1.0], [0.4447927259908855, 0.0, 0.0, 1.0], [0.5862664416223258, 0.0, 0.0, 1.0], [0.43273497047768394, 0.0, 0.0, 1.0], [0.6219432842754162, 0.0, 0.0, 1.0]], [[0.5335471126805159, 6.319206461760971e-05, 0.06582506731001012, 1.0], [0.4543366182288605, 8.010318110191127e-05, 0.08344081364782424, 1.0], [0.4475704261864067, 5.273811922887564e-05, 0.054935540863412125, 1.0], [0.4932486315816662, 4.984156853951627e-05, 0.05191830056199612, 1.0], [0.6944369065185974, 7.545380278135887e-05, 0.07859771123058215, 1.0], [0.4658634611158583, 5.051758767361384e-05, 0.052622487160014414, 1.0], [0.6072109360956817, 4.128656050344062e-05, 0.04300683385775065, 1.0], [0.5727447309995155, 7.527366540345107e-05, 0.07841006812859487, 1.0]], [[0.0, 0.0, 0.0, 0.0], [0.0, 0.0, 0.0, 0.0], [0.0, 0.0, 0.0, 0.0], [0.0, 0.0, 0.0, 0.0], [0.0, 0.0, 0.0, 0.0], [0.0, 0.0, 0.0, 0.0], [0.0, 0.0, 0.0, 0.0], [0.0, 0.0, 0.0, 0.0]], [[0.0, 0.0, 0.0, 0.0], [0.0, 0.0, 0.0, 0.0], [0.0, 0.0, 0.0, 0.0], [0.0, 0.0, 0.0, 0.0], [0.0, 0.0, 0.0, 0.0], [0.0, 0.0, 0.0, 0.0], [0.0, 0.0, 0.0, 0.0], [0.0, 0.0, 0.0, 0.0]]]}