{"Arena": [5.0, 25.0, 0.0, 50.0, 4.0], "Effectors": [[0.018229427748723468, 0.0, 0.018229427748723468, 0.0, 1.0, 0.002, 1.0, 0.0, 0.3333333333333333, 0.09, 0.05, 0.001], [0.04165324870314576, 0.0, 0.04165324870314576, 0.0, 0.0, 1.3333333333333333e-05, 1.0, 0.0005, 0.3333333333333333, 0.001, 0.07692307692307693, 0.001], [0.02881281226029941, 0.0, 0.02881281226029941, 0.0, 0.0, 1.3333333333333333e-05, 1.0, 0.0005, 0.3333333333333333, 0.001, 0.07692307692307693, 0.001], [0.0349203441159316, 0.0, 0.0349203441159316, 0.0, 0.0, 1.3333333333333333e-05, 1.0, 0.0005, 0.3333333333333333, 0.001, 0.07692307692307693, 0.001]], "Targets": [[0.06430633991031522, 0.0, 0.6435186523430305, 0.0], [0.08565105038567229, 0.0, 0.6011707327977771, 0.0], [0.056071044406638404, 0.0, 0.6174675987972633, 0.0], [0.08102303834652701, 0.0, 0.5251078563376057, 0.0], [0.05842370810453989, 0.0, 0.5285292779359069, 0.0], [0.0513389368377541, 0.0, 0.36876799632050394, 0.0], [0.08240136449362845, 0.0, 0.6460487413109637, 0.0], [0.07656622353534408, 0.0, 0.3685316768298505, 0.0]], "Opportunities": [[[0.49203338268007535, 0.0, 0.0, 1.0], [0.6805579300187287, 0.0, 0.0, 1.0], [0.6446459174786625, 0.0, 0.0, 1.0], [0.6505706187077862, 0.0, 0.0, 1.0], [0.4336038314058184, 0.0, 0.0, 1.0], [0.5628524045325228, 0.0, 0.0, 1.0], [0.5744013950386756, 0.0, 0.0, 1.0], [0.5339401151326079, 0.0, 0.0, 1.0]], [[0.6356783786413158, 2.1653091207169456e-05, 0.022555303340801514, 1.0], [0.4689994525112389, 4.299780168252653e-05, 0.0447893767526318, 1.0], [0.41825386902945044, 1.3417795703492642e-05, 0.013976870524471503, 1.0], [0.453370805786198, 3.8369789643381246e-05, 0.03996853087852213, 1.0], [0.569405222215681, 1.5770459401394127e-05, 0.016427561876452217, 1.0], [0.473987115504668, 8.685688134608336e-06, 0.009047591806883684, 1.0], [0.5460224094605497, 3.974811579048269e-05, 0.0414042872817528, 1.0], [0.5442485703479052, 3.391297483219832e-05, 0.03532601545020658, 1.0]], [[0.5200487112337578, 3.44935276500158e-05, 0.035930757968766464, 1.0], [0.6541479213053963, 5.583823812537288e-05, 0.05816483138059675, 1.0], [0.6668683970699214, 2.6258232146338992e-05, 0.027352325152436453, 1.0], [0.55358246045385, 5.121022608622759e-05, 0.05334398550648708, 1.0], [0.6655172351935135, 2.8610895844240477e-05, 0.029803016504417166, 1.0], [0.5142942359006872, 2.1526124577454686e-05, 0.02242304643484863, 1.0], [0.5990323655697003, 5.258855223332904e-05, 0.054779741909717745, 1.0], [0.670812446131448, 4.6753411275044665e-05, 0.04870147007817153, 1.0]], [[0.6201397799904205, 2.838599579438362e-05, 0.029568745619149604, 1.0], [0.4877035922961702, 4.9730706269740696e-05, 0.05180281903097989, 1.0], [0.6676393904049058, 2.0150700290706807e-05, 0.02099031280281959, 1.0], [0.45856549893596404, 4.510269423059541e-05, 0.04698197315687022, 1.0], [0.5067988798881103, 2.250336398860829e-05, 0.023441004154800302, 1.0], [0.5436363580895949, 1.54185927218225e-05, 0.01606103408523177, 1.0], [0.6662659497112609, 4.648102037769685e-05, 0.04841772956010089, 1.0], [0.5973709450133982, 4.064587941941248e-05, 0.042339457728554665, 1.0]]]}