{"Arena": [5.0, 25.0, 0.0, 50.0, 4.0], "Effectors": [[0.016634804144863402, 0.0, 0.016634804144863402, 0.0, 1.0, 0.002, 1.0, 0.0, 0.3333333333333333, 0.09, 0.05, 0.001], [0.0472020232829863, 0.0, 0.0472020232829863, 0.0, 0.0, 1.3333333333333333e-05, 1.0, 0.0005, 0.3333333333333333, 0.001, 0.07692307692307693, 0.001], [0.011229239593139458, 0.0, 0.011229239593139458, 0.0, 0.0, 1.3333333333333333e-05, 1.0, 0.0005, 0.3333333333333333, 0.001, 0.07692307692307693, 0.001], [0.03662223558854065, 0.0, 0.03662223558854065, 0.0, 0.0, 1.6666666666666667e-06, 1.0, 4e-05, 0.3333333333333333, 0.0015, 0.5, 0.001]], "Targets": [[0.07845280078973829, 0.0, 0.6265781864574378, 0.0], [0.08105318696404791, 0.0, 0.4072207593270605, 0.0], [0.05569019004325642, 0.0, 0.639433948465371, 0.0], [0.06951476722081083, 0.0, 0.6251453999560611, 0.0], [0.08023166230439495, 0.0, 0.5089184675972309, 0.0], [0.07458812048672928, 0.0, 0.5857683731804756, 0.0], [0.07715472368924199, 0.0, 0.36408484281649445, 0.0], [0.0741483745306159, 0.0, 0.37980209985905444, 0.0]], "Opportunities": [[[0.678552418881204, 0.0, 0.0, 1.0], [0.44041369722831275, 0.0, 0.0, 1.0], [0.6105034443687378, 0.0, 0.0, 1.0], [0.4034122004143394, 0.0, 0.0, 1.0], [0.5093260588684304, 0.0, 0.0, 1.0], [0.4775861037343274, 0.0, 0.0, 1.0], [0.5443350808168752, 0.0, 0.0, 1.0], [0.6354478808726273, 0.0, 0.0, 1.0]], [[0.5356063550158767, 3.0250777506751995e-05, 0.03151122656953333, 1.0], [0.6161859312919792, 3.285116368106161e-05, 0.03421996216777252, 1.0], [0.652711760623853, 7.488166760270123e-06, 0.007800173708614712, 1.0], [0.6308386125967294, 2.1312743937824536e-05, 0.022200774935233893, 1.0], [0.44235908363256576, 3.202963902140865e-05, 0.033364207313967345, 1.0], [0.6173884479624614, 2.6386097203742977e-05, 0.027485517920565604, 1.0], [0.673641886903026, 2.8952700406255695e-05, 0.030159062923183017, 1.0], [0.5819621212409688, 2.5946351247629603e-05, 0.02702744921628084, 1.0]], [[0.5423872284749114, 6.622356119659884e-05, 0.06898287624645712, 1.0], [0.6789524528851448, 6.882394737090845e-05, 0.0716916118446963, 1.0], [0.40923194082158354, 4.346095045011697e-05, 0.04527182338553851, 1.0], [0.573208975038193, 5.7285527627671376e-05, 0.05967242461215769, 1.0], [0.6167366051749892, 6.800242271125549e-05, 0.07083585699089114, 1.0], [0.5381478345898943, 6.235888089358982e-05, 0.0649571675974894, 1.0], [0.6193316731037233, 6.492548409610254e-05, 0.06763071260010681, 1.0], [0.4619801115358457, 6.191913493747645e-05, 0.06449909889320463, 1.0]], [[0.0, 0.0, 0.0, 0.0], [0.0, 0.0, 0.0, 0.0], [0.6877754106730712, 1.756795445471577e-05, 0.14639962045596475, 1.0], [0.0, 0.0, 0.0, 0.0], [0.0, 0.0, 0.0, 0.0], [0.0, 0.0, 0.0, 0.0], [0.0, 0.0, 0.0, 0.0], [0.0, 0.0, 0.0, 0.0]]]}