{"Arena": [5.0, 25.0, 0.0, 50.0, 4.0], "Effectors": [[0.039563426513616225, 0.0, 0.039563426513616225, 0.0, 1.0, 0.002, 1.0, 0.0, 0.3333333333333333, 0.09, 0.05, 0.001], [0.041867168079942375, 0.0, 0.041867168079942375, 0.0, 0.0, 1.3333333333333333e-05, 1.0, 0.0005, 0.3333333333333333, 0.001, 0.07692307692307693, 0.001], [0.04501252413783342, 0.0, 0.04501252413783342, 0.0, 0.0, 1.6666666666666667e-06, 1.0, 4e-05, 0.3333333333333333, 0.0015, 0.5, 0.001], [0.04234469802291903, 0.0, 0.04234469802291903, 0.0, 0.0, 1.6666666666666667e-06, 1.0, 4e-05, 0.3333333333333333, 0.0015, 0.5, 0.001]], "Targets": [[0.09314132564963615, 0.0, 0.4665769275298412, 0.0], [0.08217194709137436, 0.0, 0.4157101953262481, 0.0], [0.08282319120734473, 0.0, 0.4498545293301178, 0.0], [0.07405071139774876, 0.0, 0.41217549528649666, 0.0], [0.07741077675830334, 0.0, 0.44116938665615846, 0.0], [0.09545941093894336, 0.0, 0.569709192986998, 0.0], [0.0907233731532314, 0.0, 0.607268197270376, 0.0], [0.09421085538071163, 0.0, 0.5536932919105103, 0.0]], "Opportunities": [[[0.5270290040792915, 0.0, 0.0, 1.0], [0.6027585445704343, 0.0, 0.0, 1.0], [0.4644238176142334, 0.0, 0.0, 1.0], [0.6472981644744962, 0.0, 0.0, 1.0], [0.6899555484209872, 0.0, 0.0, 1.0], [0.6386570034974794, 0.0, 0.0, 1.0], [0.49814007664573806, 0.0, 0.0, 1.0], [0.4654696679418579, 0.0, 0.0, 1.0]], [[0.4455433262726957, 5.027415756969377e-05, 0.05236891413509768, 1.0], [0.5672945047159947, 3.930477901143198e-05, 0.04094247813690832, 1.0], [0.48457627196065023, 3.995602312740235e-05, 0.041620857424377454, 1.0], [0.49208100402529087, 3.118354331780638e-05, 0.03248285762271498, 1.0], [0.629496805172199, 3.454360867836096e-05, 0.035982925706626, 1.0], [0.49451200590788014, 5.259224285900099e-05, 0.05478358631145936, 1.0], [0.516984183139934, 4.785620507328902e-05, 0.0498502136180094, 1.0], [0.5622612545707967, 5.134368730076925e-05, 0.05348300760496797, 1.0]], [[0.0, 0.0, 0.0, 0.0], [0.0, 0.0, 0.0, 0.0], [0.0, 0.0, 0.0, 0.0], [0.0, 0.0, 0.0, 0.0], [0.0, 0.0, 0.0, 0.0], [0.0, 0.0, 0.0, 0.0], [0.0, 0.0, 0.0, 0.0], [0.0, 0.0, 0.0, 0.0]], [[0.0, 0.0, 0.0, 0.0], [0.0, 0.0, 0.0, 0.0], [0.0, 0.0, 0.0, 0.0], [0.0, 0.0, 0.0, 0.0], [0.0, 0.0, 0.0, 0.0], [0.0, 0.0, 0.0, 0.0], [0.0, 0.0, 0.0, 0.0], [0.0, 0.0, 0.0, 0.0]]]}