{"Arena": [5.0, 25.0, 0.0, 50.0, 4.0], "Effectors": [[0.03772436905933398, 0.0, 0.03772436905933398, 0.0, 1.0, 0.002, 1.0, 0.0, 0.3333333333333333, 0.09, 0.05, 0.001], [0.0358771492786955, 0.0, 0.0358771492786955, 0.0, 1.0, 0.002, 1.0, 0.0, 0.3333333333333333, 0.09, 0.05, 0.001], [0.035315539509568984, 0.0, 0.035315539509568984, 0.0, 1.0, 0.002, 1.0, 0.0, 0.3333333333333333, 0.09, 0.05, 0.001], [0.020744459303328442, 0.0, 0.020744459303328442, 0.0, 0.0, 1.3333333333333333e-05, 1.0, 0.0005, 0.3333333333333333, 0.001, 0.07692307692307693, 0.001]], "Targets": [[0.09414159729479891, 0.0, 0.3527962096190676, 0.0], [0.06479745338615193, 0.0, 0.44552817096194397, 0.0], [0.05944073826458346, 0.0, 0.4822871645786993, 0.0], [0.07477295959767442, 0.0, 0.6346884654060865, 0.0], [0.07999546394310685, 0.0, 0.6394680074052359, 0.0], [0.06242110813975989, 0.0, 0.38862210373650363, 0.0], [0.0916218193054313, 0.0, 0.6425473666270254, 0.0], [0.07276518098713688, 0.0, 0.5001808422192395, 0.0]], "Opportunities": [[[0.5836405846499251, 0.0, 0.0, 1.0], [0.5677578965539494, 0.0, 0.0, 1.0], [0.4030580344848106, 0.0, 0.0, 1.0], [0.6752079511008948, 0.0, 0.0, 1.0], [0.5150168026091299, 0.0, 0.0, 1.0], [0.4436127122255945, 0.0, 0.0, 1.0], [0.5447295433529076, 0.0, 0.0, 1.0], [0.568023859454893, 0.0, 0.0, 1.0]], [[0.5397689652389779, 0.0, 0.0, 1.0], [0.5825982160212572, 0.0, 0.0, 1.0], [0.5614144121173057, 0.0, 0.0, 1.0], [0.6298730773583097, 0.0, 0.0, 1.0], [0.5141878797008052, 0.0, 0.0, 1.0], [0.6601167394078691, 0.0, 0.0, 1.0], [0.47053034464273835, 0.0, 0.0, 1.0], [0.6440164572472894, 0.0, 0.0, 1.0]], [[0.6208338184761096, 0.0, 0.0, 1.0], [0.47209081307546563, 0.0, 0.0, 1.0], [0.5197466308475034, 0.0, 0.0, 1.0], [0.5735214683804402, 0.0, 0.0, 1.0], [0.6236226667071956, 0.0, 0.0, 1.0], [0.5749447133005916, 0.0, 0.0, 1.0], [0.5485220773152752, 0.0, 0.0, 1.0], [0.44095551846592523, 0.0, 0.0, 1.0]], [[0.42531268330914634, 7.239713799147048e-05, 0.07541368540778175, 1.0], [0.65765603399338, 4.30529940828235e-05, 0.04484686883627448, 1.0], [0.4132853813170612, 3.769627896125502e-05, 0.03926695725130731, 1.0], [0.4136018158538023, 5.3028500294345984e-05, 0.055238021139943735, 1.0], [0.4039755993358808, 5.8251004639778404e-05, 0.06067812983310251, 1.0], [0.4118387276272978, 4.067664883643145e-05, 0.04237150920461609, 1.0], [0.5188799899141252, 6.987736000210286e-05, 0.07278891666885715, 1.0], [0.5817731422089417, 5.1020721683808446e-05, 0.05314658508730047, 1.0]]]}