{"Arena": [5.0, 25.0, 0.0, 50.0, 4.0], "Effectors": [[0.025441887458790752, 0.0, 0.025441887458790752, 0.0, 0.0, 1.3333333333333333e-05, 1.0, 0.0005, 0.3333333333333333, 0.001, 0.07692307692307693, 0.001], [0.02813959686956654, 0.0, 0.02813959686956654, 0.0, 0.0, 1.3333333333333333e-05, 1.0, 0.0005, 0.3333333333333333, 0.001, 0.07692307692307693, 0.001], [0.04415301530629562, 0.0, 0.04415301530629562, 0.0, 0.0, 1.3333333333333333e-05, 1.0, 0.0005, 0.3333333333333333, 0.001, 0.07692307692307693, 0.001], [0.021441743752911593, 0.0, 0.021441743752911593, 0.0, 0.0, 1.3333333333333333e-05, 1.0, 0.0005, 0.3333333333333333, 0.001, 0.07692307692307693, 0.001]], "Targets": [[0.09180516497423648, 0.0, 0.5658143268949, 0.0], [0.05535624123690696, 0.0, 0.44233626767795275, 0.0], [0.07419053784592239, 0.0, 0.5016656614272426, 0.0], [0.05239624427786204, 0.0, 0.37558349405263375, 0.0], [0.0649136482923818, 0.0, 0.45936853326516625, 0.0], [0.07788743158398585, 0.0, 0.4922865711490738, 0.0], [0.050523520989427514, 0.0, 0.5779345463870948, 0.0], [0.06378413268829475, 0.0, 0.40990992115855396, 0.0]], "Opportunities": [[[0.6449129872678885, 6.536327751544573e-05, 0.06808674741192264, 1.0], [0.6143415819702526, 2.891435377811621e-05, 0.03011911851887105, 1.0], [0.5305054918828526, 4.7748650387131634e-05, 0.04973817748659545, 1.0], [0.4198941293875701, 2.5954356819071288e-05, 0.02703578835319926, 1.0], [0.6947556776309884, 3.847176083359105e-05, 0.040074750868324016, 1.0], [0.5860743566844604, 5.14455441251951e-05, 0.0535891084637449, 1.0], [0.532759117038841, 2.4081633530636763e-05, 0.02508503492774663, 1.0], [0.6467711876276333, 3.7342245229504e-05, 0.03889817211406666, 1.0]], [[0.4429799825957892, 6.266556810466994e-05, 0.06527663344236453, 1.0], [0.676587350557369, 2.621664436734042e-05, 0.027309004549312937, 1.0], [0.4073826183004096, 4.5050940976355846e-05, 0.04692806351703734, 1.0], [0.6448840484081482, 2.32566474082955e-05, 0.024225674383641146, 1.0], [0.529719284304034, 3.5774051422815265e-05, 0.0372646368987659, 1.0], [0.6940084697875758, 4.8747834714419315e-05, 0.05077899449418678, 1.0], [0.6177293637662205, 2.1383924119860975e-05, 0.022274920958188515, 1.0], [0.4913122044152384, 3.464453581872821e-05, 0.03608805814450855, 1.0]], [[0.4218349366475764, 4.665214966794086e-05, 0.048595989237438394, 1.0], [0.41992587513608925, 1.020322593061134e-05, 0.010628360344386814, 1.0], [0.5255776942198165, 2.9037522539626772e-05, 0.03024741931211122, 1.0], [0.4330339233971672, 7.243228971566423e-06, 0.007545030178715024, 1.0], [0.6526841097299287, 1.9760632986086185e-05, 0.020583992693839776, 1.0], [0.5789257273959707, 3.273441627769024e-05, 0.034098350289260664, 1.0], [0.6840701395590174, 5.370505683131897e-06, 0.005594276753262393, 1.0], [0.6322662698829006, 1.863111738199913e-05, 0.019407413939582428, 1.0]], [[0.5875306036242575, 6.936342122132489e-05, 0.07225356377221342, 1.0], [0.4802667847315053, 3.291449748399537e-05, 0.03428593487916184, 1.0], [0.6465371978256029, 5.1748794093010796e-05, 0.05390499384688625, 1.0], [0.41438213932779244, 2.9954500524950447e-05, 0.03120260471349005, 1.0], [0.5096577537601501, 4.247190453947021e-05, 0.0442415672286148, 1.0], [0.42257227603152986, 5.544568783107426e-05, 0.05775592482403569, 1.0], [0.5547516553280344, 2.8081777236515922e-05, 0.02925185128803742, 1.0], [0.6985311660623006, 4.134238893538315e-05, 0.043064988474357455, 1.0]]]}