{"Arena": [5.0, 25.0, 0.0, 50.0, 4.0], "Effectors": [[0.020421880052283122, 0.0, 0.020421880052283122, 0.0, 1.0, 0.002, 1.0, 0.0, 0.3333333333333333, 0.09, 0.05, 0.001], [0.03848718249349183, 0.0, 0.03848718249349183, 0.0, 0.0, 1.3333333333333333e-05, 1.0, 0.0005, 0.3333333333333333, 0.001, 0.07692307692307693, 0.001], [0.0273129266623403, 0.0, 0.0273129266623403, 0.0, 0.0, 1.3333333333333333e-05, 1.0, 0.0005, 0.3333333333333333, 0.001, 0.07692307692307693, 0.001], [0.044647433532741615, 0.0, 0.044647433532741615, 0.0, 0.0, 1.6666666666666667e-06, 1.0, 4e-05, 0.3333333333333333, 0.0015, 0.5, 0.001]], "Targets": [[0.08101304752051879, 0.0, 0.46242085585486126, 0.0], [0.07053595633800981, 0.0, 0.410722389433383, 0.0], [0.07811548933304754, 0.0, 0.44767870890183004, 0.0], [0.05323422117339062, 0.0, 0.5738179935046682, 0.0], [0.062288992370114066, 0.0, 0.4742383523514405, 0.0], [0.0846986348888486, 0.0, 0.44896205124822075, 0.0], [0.0724310764371198, 0.0, 0.4746595560635274, 0.0], [0.09926237828886829, 0.0, 0.4927022316558922, 0.0]], "Opportunities": [[[0.4946649957516587, 0.0, 0.0, 1.0], [0.5396811720568337, 0.0, 0.0, 1.0], [0.5403992145750753, 0.0, 0.0, 1.0], [0.6789861153351944, 0.0, 0.0, 1.0], [0.5490448042847995, 0.0, 0.0, 1.0], [0.5600398131150208, 0.0, 0.0, 1.0], [0.5681855883113823, 0.0, 0.0, 1.0], [0.6985944102383443, 0.0, 0.0, 1.0]], [[0.5196935600014136, 4.152586502702695e-05, 0.043256109403153074, 1.0], [0.6820748030944132, 3.104877384451798e-05, 0.032342472754706225, 1.0], [0.5519739993236787, 3.8628306839555714e-05, 0.0402378196245372, 1.0], [0.42785684093578336, 1.3747038679898786e-05, 0.014319831958227903, 1.0], [0.5231552285211728, 2.2801809876622234e-05, 0.02375188528814816, 1.0], [0.4369308487703225, 4.521145239535677e-05, 0.047095262911829965, 1.0], [0.5520031270716497, 3.2943893943627964e-05, 0.03431655619127913, 1.0], [0.5140175958127228, 5.9775195795376456e-05, 0.06226582895351714, 1.0]], [[0.4035977825954959, 5.270012085817849e-05, 0.05489595922726926, 1.0], [0.5759515448678956, 4.222302967566951e-05, 0.04398232257882241, 1.0], [0.6720477100396511, 4.980256267070725e-05, 0.051877669448653387, 1.0], [0.515235437911915, 2.492129451105032e-05, 0.025959681782344084, 1.0], [0.6677514013987433, 3.397606570777377e-05, 0.035391735112264344, 1.0], [0.6816458241184368, 5.6385708226508306e-05, 0.05873511273594615, 1.0], [0.5665955735821872, 4.41181497747795e-05, 0.045956406015395315, 1.0], [0.4069640100471321, 7.094945162652799e-05, 0.07390567877763334, 1.0]], [[0.0, 0.0, 0.0, 0.0], [0.0, 0.0, 0.0, 0.0], [0.0, 0.0, 0.0, 0.0], [0.5633942233035025, 7.086787640649005e-06, 0.05905656367207504, 1.0], [0.5130286488151585, 1.6141558837372448e-05, 0.1345129903114371, 1.0], [0.0, 0.0, 0.0, 0.0], [0.0, 0.0, 0.0, 0.0], [0.0, 0.0, 0.0, 0.0]]]}