{"Arena": [5.0, 25.0, 0.0, 50.0, 4.0], "Effectors": [[0.03670773635852318, 0.0, 0.03670773635852318, 0.0, 0.0, 1.3333333333333333e-05, 1.0, 0.0005, 0.3333333333333333, 0.001, 0.07692307692307693, 0.001], [0.02143727689906553, 0.0, 0.02143727689906553, 0.0, 0.0, 1.3333333333333333e-05, 1.0, 0.0005, 0.3333333333333333, 0.001, 0.07692307692307693, 0.001], [0.026441213835522205, 0.0, 0.026441213835522205, 0.0, 0.0, 1.3333333333333333e-05, 1.0, 0.0005, 0.3333333333333333, 0.001, 0.07692307692307693, 0.001], [0.03316132652278017, 0.0, 0.03316132652278017, 0.0, 0.0, 1.6666666666666667e-06, 1.0, 4e-05, 0.3333333333333333, 0.0015, 0.5, 0.001]], "Targets": [[0.0554298769738388, 0.0, 0.48376260175121655, 0.0], [0.0658006090575695, 0.0, 0.6045770944685485, 0.0], [0.05810500798683316, 0.0, 0.41605348574606654, 0.0], [0.09300570608336753, 0.0, 0.5053770134764447, 0.0], [0.06310301583096337, 0.0, 0.4203928605522499, 0.0], [0.07973455428225955, 0.0, 0.6201888912119593, 0.0], [0.058494216403711025, 0.0, 0.4869530322204701, 0.0], [0.07998761936109884, 0.0, 0.45914924680236946, 0.0]], "Opportunities": [[[0.6771514800148319, 1.7722140615315616e-05, 0.018460563140953765, 1.0], [0.49450927184350335, 2.809287269904632e-05, 0.02926340906150658, 1.0], [0.584363226319026, 2.0397271628309975e-05, 0.021247157946156225, 1.0], [0.591448711696315, 5.5297969724844345e-05, 0.057602051796712864, 1.0], [0.4929412097117799, 2.5395279472440185e-05, 0.026453416117125192, 1.0], [0.6191729532346074, 4.202681792373637e-05, 0.043777935337225383, 1.0], [0.4236898971179101, 2.0786480045187843e-05, 0.021652583380404003, 1.0], [0.4768884812744923, 4.227988300257566e-05, 0.044041544794349644, 1.0]], [[0.6643231285409623, 3.299260007477327e-05, 0.03436729174455549, 1.0], [0.46333642113506407, 4.3363332158503974e-05, 0.04517013766510831, 1.0], [0.5291751406446062, 3.566773108776763e-05, 0.037153886549757945, 1.0], [0.5702629840673618, 7.056842918430201e-05, 0.0735087804003146, 1.0], [0.6883642495919393, 4.066573893189784e-05, 0.04236014472072692, 1.0], [0.6156076276928699, 5.729727738319402e-05, 0.0596846639408271, 1.0], [0.49481897070983516, 3.6056939504645496e-05, 0.03755931198400572, 1.0], [0.5314272161806132, 5.755034246203331e-05, 0.05994827339795137, 1.0]], [[0.4872569154916076, 2.798866313831659e-05, 0.02915485743574645, 1.0], [0.40955328910966504, 3.83593952220473e-05, 0.039957703356299265, 1.0], [0.5737877296590481, 3.066379415131095e-05, 0.03194145224094891, 1.0], [0.40687048664866654, 6.556449224784533e-05, 0.06829634609150556, 1.0], [0.5801360994534028, 3.5661801995441164e-05, 0.037147710411917875, 1.0], [0.5266814885889612, 5.2293340446737346e-05, 0.05447222963201807, 1.0], [0.5989041899213736, 3.105300256818882e-05, 0.032346877675196686, 1.0], [0.41686497273229534, 5.2546405525576635e-05, 0.054735839089142334, 1.0]], [[0.0, 0.0, 0.0, 0.0], [0.0, 0.0, 0.0, 0.0], [0.0, 0.0, 0.0, 0.0], [0.0, 0.0, 0.0, 0.0], [0.0, 0.0, 0.0, 0.0], [0.0, 0.0, 0.0, 0.0], [0.0, 0.0, 0.0, 0.0], [0.0, 0.0, 0.0, 0.0]]]}