{"Arena": [5.0, 25.0, 0.0, 50.0, 4.0], "Effectors": [[0.017361793875115338, 0.0, 0.017361793875115338, 0.0, 0.0, 1.3333333333333333e-05, 1.0, 0.0005, 0.3333333333333333, 0.001, 0.07692307692307693, 0.001], [0.016832988354863018, 0.0, 0.016832988354863018, 0.0, 0.0, 1.3333333333333333e-05, 1.0, 0.0005, 0.3333333333333333, 0.001, 0.07692307692307693, 0.001], [0.030423785449328538, 0.0, 0.030423785449328538, 0.0, 0.0, 1.3333333333333333e-05, 1.0, 0.0005, 0.3333333333333333, 0.001, 0.07692307692307693, 0.001], [0.028476566624852085, 0.0, 0.028476566624852085, 0.0, 0.0, 1.6666666666666667e-06, 1.0, 4e-05, 0.3333333333333333, 0.0015, 0.5, 0.001]], "Targets": [[0.0946785531788286, 0.0, 0.506102463452305, 0.0], [0.08758610215302051, 0.0, 0.6279015412390101, 0.0], [0.08273580063914167, 0.0, 0.5283516065684015, 0.0], [0.05934355519586367, 0.0, 0.4187549636745164, 0.0], [0.08837776872262393, 0.0, 0.6372261860681308, 0.0], [0.08155550913985263, 0.0, 0.4419623035534072, 0.0], [0.06301625926916114, 0.0, 0.5214133676898847, 0.0], [0.08533359178299371, 0.0, 0.3705168536586123, 0.0]], "Opportunities": [[[0.533358736113491, 7.631675930371327e-05, 0.07949662427470132, 1.0], [0.5592110543908348, 6.922430827790517e-05, 0.07210865445615122, 1.0], [0.5162049083075034, 6.437400676402633e-05, 0.06705625704586075, 1.0], [0.52662777383979, 4.098176132074834e-05, 0.042689334709112854, 1.0], [0.52339145216667, 7.001597484750858e-05, 0.07293330713282145, 1.0], [0.44544747637102117, 6.319371526473728e-05, 0.06582678673410135, 1.0], [0.544455856815508, 4.46544653940458e-05, 0.04651506811879771, 1.0], [0.47367259772167236, 6.697179790787837e-05, 0.0697622894873733, 1.0]], [[0.5260991250447773, 7.684556482396558e-05, 0.08004746335829749, 1.0], [0.6610223515010479, 6.97531137981575e-05, 0.07265949353974739, 1.0], [0.5229054102618793, 6.490281228427865e-05, 0.06760709612945692, 1.0], [0.5894409511047932, 4.151056684100066e-05, 0.043240173792709016, 1.0], [0.5929473659557183, 7.054478036776091e-05, 0.07348414621641762, 1.0], [0.4007482932592826, 6.37225207849896e-05, 0.0663776258176975, 1.0], [0.6513630745713358, 4.518327091429812e-05, 0.04706590720239388, 1.0], [0.549053973115367, 6.750060342813069e-05, 0.07031312857096947, 1.0]], [[0.620935896392341, 6.325476772950006e-05, 0.06589038305156257, 1.0], [0.54771509130185, 5.6162316703691974e-05, 0.058502413233012474, 1.0], [0.4657251012174511, 5.1312015189813125e-05, 0.053450015822722005, 1.0], [0.6057172781312725, 2.7919769746535133e-05, 0.0290830934859741, 1.0], [0.6980597298300407, 5.695398327329539e-05, 0.059327065909682695, 1.0], [0.6610691028316045, 5.0131723690524084e-05, 0.05222054551096259, 1.0], [0.5767765343155444, 3.1592473819832604e-05, 0.03290882689565896, 1.0], [0.5981622622845781, 5.390980633366517e-05, 0.05615604826423455, 1.0]], [[0.0, 0.0, 0.0, 0.0], [0.0, 0.0, 0.0, 0.0], [0.0, 0.0, 0.0, 0.0], [0.0, 0.0, 0.0, 0.0], [0.0, 0.0, 0.0, 0.0], [0.0, 0.0, 0.0, 0.0], [0.0, 0.0, 0.0, 0.0], [0.0, 0.0, 0.0, 0.0]]]}