{"Arena": [5.0, 25.0, 0.0, 50.0, 4.0], "Effectors": [[0.024173025135264405, 0.0, 0.024173025135264405, 0.0, 1.0, 0.002, 1.0, 0.0, 0.3333333333333333, 0.09, 0.05, 0.001], [0.02461092564938392, 0.0, 0.02461092564938392, 0.0, 0.0, 1.3333333333333333e-05, 1.0, 0.0005, 0.3333333333333333, 0.001, 0.07692307692307693, 0.001], [0.023139593184291145, 0.0, 0.023139593184291145, 0.0, 0.0, 1.3333333333333333e-05, 1.0, 0.0005, 0.3333333333333333, 0.001, 0.07692307692307693, 0.001], [0.012345041436077935, 0.0, 0.012345041436077935, 0.0, 0.0, 1.3333333333333333e-05, 1.0, 0.0005, 0.3333333333333333, 0.001, 0.07692307692307693, 0.001]], "Targets": [[0.07474542341039288, 0.0, 0.521172201247311, 0.0], [0.09814201443568288, 0.0, 0.48535885644644744, 0.0], [0.0747086178095872, 0.0, 0.5172965573143393, 0.0], [0.08771209738516111, 0.0, 0.4589763797787081, 0.0], [0.08864460034917139, 0.0, 0.6129062166243604, 0.0], [0.09816153456811588, 0.0, 0.3536443228472853, 0.0], [0.066634272873573, 0.0, 0.5936598414424198, 0.0], [0.05023865715681809, 0.0, 0.564682546608487, 0.0]], "Opportunities": [[[0.5499633725873171, 0.0, 0.0, 1.0], [0.5317999462453749, 0.0, 0.0, 1.0], [0.5568606247411392, 0.0, 0.0, 1.0], [0.6976985606139766, 0.0, 0.0, 1.0], [0.5349287889147268, 0.0, 0.0, 1.0], [0.49774099548789175, 0.0, 0.0, 1.0], [0.49195801193695554, 0.0, 0.0, 1.0], [0.6114355389046369, 0.0, 0.0, 1.0]], [[0.44353283902157536, 4.913449776100896e-05, 0.051181768501050995, 1.0], [0.47143181399584655, 7.253108878629897e-05, 0.07555321748572809, 1.0], [0.607869200189741, 4.909769216020327e-05, 0.05114342933354508, 1.0], [0.40184470800687044, 6.21011717357772e-05, 0.06468872055810125, 1.0], [0.41292543680011246, 6.303367469978746e-05, 0.0656600778122786, 1.0], [0.6876825740498433, 7.255060891873197e-05, 0.07557355095701247, 1.0], [0.5538849770081249, 4.102334722418908e-05, 0.04273265335853029, 1.0], [0.5081300666090811, 2.4627731507434172e-05, 0.025653886986910596, 1.0]], [[0.5885330746484123, 5.0605830226101735e-05, 0.05271440648552264, 1.0], [0.4317126119164718, 7.400242125139172e-05, 0.07708585547019972, 1.0], [0.6113571316771004, 5.056902462529605e-05, 0.05267606731801672, 1.0], [0.5111504372762384, 6.357250420086996e-05, 0.06622135854257288, 1.0], [0.4367769249293324, 6.450500716488025e-05, 0.06719271579675026, 1.0], [0.6911051370430157, 7.402194138382474e-05, 0.07710618894148409, 1.0], [0.5868690168856966, 4.249467968928186e-05, 0.04426529134300193, 1.0], [0.5616904720762389, 2.6099063972526948e-05, 0.02718652497138224, 1.0]], [[0.5869531972729796, 6.140038197431495e-05, 0.06395873122324473, 1.0], [0.5172342324852099, 8.479697299960494e-05, 0.08833018020792181, 1.0], [0.5112715865737495, 6.136357637350925e-05, 0.06392039205573881, 1.0], [0.48843619109301306, 7.436705594908318e-05, 0.07746568328029498, 1.0], [0.45776776691563875, 7.529955891309346e-05, 0.07843704053447234, 1.0], [0.4986161395282981, 8.481649313203794e-05, 0.0883505136792062, 1.0], [0.6532726267601372, 5.328923143749506e-05, 0.05550961608072402, 1.0], [0.4517819786405739, 3.6893615720740155e-05, 0.03843084970910433, 1.0]]]}