{"Arena": [5.0, 25.0, 0.0, 50.0, 4.0], "Effectors": [[0.02787469012595439, 0.0, 0.02787469012595439, 0.0, 1.0, 0.002, 1.0, 0.0, 0.3333333333333333, 0.09, 0.05, 0.001], [0.026941613659169854, 0.0, 0.026941613659169854, 0.0, 0.0, 1.3333333333333333e-05, 1.0, 0.0005, 0.3333333333333333, 0.001, 0.07692307692307693, 0.001], [0.041247296813104385, 0.0, 0.041247296813104385, 0.0, 0.0, 1.3333333333333333e-05, 1.0, 0.0005, 0.3333333333333333, 0.001, 0.07692307692307693, 0.001], [0.012722344434388898, 0.0, 0.012722344434388898, 0.0, 0.0, 1.3333333333333333e-05, 1.0, 0.0005, 0.3333333333333333, 0.001, 0.07692307692307693, 0.001]], "Targets": [[0.07951148070566788, 0.0, 0.6329877405287181, 0.0], [0.06303924084625467, 0.0, 0.48789673089517543, 0.0], [0.07135855271186468, 0.0, 0.4611181483884292, 0.0], [0.08055037038820081, 0.0, 0.5018944125597907, 0.0], [0.06170158680198921, 0.0, 0.4957571900112169, 0.0], [0.0639618670497396, 0.0, 0.43531696840961515, 0.0], [0.0652156917357887, 0.0, 0.5259267407933881, 0.0], [0.09554120599263183, 0.0, 0.42629879603778786, 0.0]], "Opportunities": [[[0.5064934073598713, 0.0, 0.0, 1.0], [0.529094429784949, 0.0, 0.0, 1.0], [0.4885332763000815, 0.0, 0.0, 1.0], [0.44577142509376233, 0.0, 0.0, 1.0], [0.5969354522100543, 0.0, 0.0, 1.0], [0.5164299691028539, 0.0, 0.0, 1.0], [0.6290832969610171, 0.0, 0.0, 1.0], [0.4864215978540983, 0.0, 0.0, 1.0]], [[0.6135032395960339, 5.156986704649803e-05, 0.05371861150676878, 1.0], [0.44201412144178026, 3.509762718708482e-05, 0.03656002831988002, 1.0], [0.4275782660900906, 4.341693905269483e-05, 0.04522597817989045, 1.0], [0.4618644184941255, 5.260875672903096e-05, 0.054800788259407256, 1.0], [0.6220515815882519, 3.375997314281935e-05, 0.035166638690436826, 1.0], [0.48193525388255787, 3.6020253390569754e-05, 0.037521097281843496, 1.0], [0.5626262585470425, 3.727407807661885e-05, 0.038827164663144634, 1.0], [0.6197848767153289, 6.759959233346197e-05, 0.07041624201402288, 1.0]], [[0.5898109797051633, 3.72641838925635e-05, 0.03881685822142031, 1.0], [0.6745461415072469, 2.0791944033150288e-05, 0.02165827503453155, 1.0], [0.5444272888450331, 2.9111255898760298e-05, 0.03032422489454198, 1.0], [0.6876648249735005, 3.830307357509643e-05, 0.039899034974058785, 1.0], [0.4362996632825575, 1.945428998888482e-05, 0.020264885405088355, 1.0], [0.6570625352732224, 2.171457023663522e-05, 0.022619343996495022, 1.0], [0.41285913977449157, 2.2968394922684315e-05, 0.023925411377796163, 1.0], [0.5883987565490169, 5.329390917952744e-05, 0.05551448872867442, 1.0]], [[0.5510108655505008, 6.578913627127899e-05, 0.06853035028258228, 1.0], [0.43538053680728916, 4.931689641186578e-05, 0.05137176709569352, 1.0], [0.5026556874517997, 5.763620827747579e-05, 0.060037716955703944, 1.0], [0.5442467134894188, 6.682802595381191e-05, 0.06961252703522075, 1.0], [0.5764829775743834, 4.797924236760031e-05, 0.04997837746625033, 1.0], [0.43895548499429765, 5.023952261535071e-05, 0.05233283605765699, 1.0], [0.4094034912602308, 5.149334730139981e-05, 0.05363890343895813, 1.0], [0.6514159660643855, 8.181886155824293e-05, 0.08522798078983639, 1.0]]]}