{"Arena": [5.0, 25.0, 0.0, 50.0, 4.0], "Effectors": [[0.019020117739015983, 0.0, 0.019020117739015983, 0.0, 0.0, 1.3333333333333333e-05, 1.0, 0.0005, 0.3333333333333333, 0.001, 0.07692307692307693, 0.001], [0.037629959695351815, 0.0, 0.037629959695351815, 0.0, 0.0, 1.3333333333333333e-05, 1.0, 0.0005, 0.3333333333333333, 0.001, 0.07692307692307693, 0.001], [0.010294294600518835, 0.0, 0.010294294600518835, 0.0, 0.0, 1.3333333333333333e-05, 1.0, 0.0005, 0.3333333333333333, 0.001, 0.07692307692307693, 0.001], [0.01203064585337009, 0.0, 0.01203064585337009, 0.0, 0.0, 1.3333333333333333e-05, 1.0, 0.0005, 0.3333333333333333, 0.001, 0.07692307692307693, 0.001]], "Targets": [[0.09917118823222905, 0.0, 0.3878145590893263, 0.0], [0.06246609765923616, 0.0, 0.508641481189117, 0.0], [0.06584667298716226, 0.0, 0.6346853683182905, 0.0], [0.05022369432069858, 0.0, 0.4802646054039831, 0.0], [0.07025928899951256, 0.0, 0.4561948061900602, 0.0], [0.08532320739984922, 0.0, 0.47395076596729946, 0.0], [0.06275302185555706, 0.0, 0.4813578166904805, 0.0], [0.0986116463022592, 0.0, 0.49129329626340323, 0.0]], "Opportunities": [[[0.6182352642168734, 7.915107049321308e-05, 0.08244903176376361, 1.0], [0.5292228978301037, 4.2445979920220174e-05, 0.04421456241689602, 1.0], [0.4196452373215683, 4.582655524814628e-05, 0.04773599505015238, 1.0], [0.6501178986479887, 3.0203576581682595e-05, 0.031462058939252704, 1.0], [0.562837333747933, 5.023917126049657e-05, 0.052332470063017264, 1.0], [0.4899575784967303, 6.530308966083324e-05, 0.06802405173003462, 1.0], [0.5864241001408108, 4.273290411654108e-05, 0.04451344178806362, 1.0], [0.4691622187712019, 7.859152856324323e-05, 0.08186617558671169, 1.0]], [[0.5189815823860316, 6.0541228536877236e-05, 0.06306377972591379, 1.0], [0.6400183786104189, 2.3836137963884342e-05, 0.02482931037904619, 1.0], [0.43077939182511105, 2.721671329181045e-05, 0.02835074301230255, 1.0], [0.6485765831572855, 1.1593734625346763e-05, 0.012076806901402877, 1.0], [0.5541978484907758, 3.162932930416074e-05, 0.032947218025167445, 1.0], [0.5552558987951673, 4.6693247704497405e-05, 0.0486387996921848, 1.0], [0.43446538339151086, 2.4123062160205246e-05, 0.0251281897502138, 1.0], [0.5929062036007271, 5.9981686606907384e-05, 0.06248092354886186, 1.0]], [[0.5780956558585008, 8.787689363171021e-05, 0.0915384308663648, 1.0], [0.6467379727910552, 5.1171803058717325e-05, 0.05330396151949721, 1.0], [0.6348868837316828, 5.4552378386643425e-05, 0.05682539415275357, 1.0], [0.45018164788782894, 3.892939972017974e-05, 0.040551458041853894, 1.0], [0.5235278692343731, 5.8964994398993724e-05, 0.06142186916561846, 1.0], [0.4679020758898635, 7.402891279933039e-05, 0.07711345083263582, 1.0], [0.6524439644745057, 5.145872725503822e-05, 0.05360284089066482, 1.0], [0.5484646566339828, 8.731735170174037e-05, 0.09095557468931288, 1.0]], [[0.6610183703521377, 8.614054237885896e-05, 0.08972973164464475, 1.0], [0.6881563225207358, 4.9435451805866066e-05, 0.05149526229777716, 1.0], [0.5807080802502816, 5.281602713379217e-05, 0.05501669493103352, 1.0], [0.5830058408483426, 3.7193048467328486e-05, 0.038742758820133845, 1.0], [0.5041996967758581, 5.722864314614247e-05, 0.059613169943898404, 1.0], [0.47740788075042406, 7.229256154647913e-05, 0.07530475161091577, 1.0], [0.4404018245574626, 4.9722376002186976e-05, 0.05179414166894476, 1.0], [0.5495646558979057, 8.558100044888911e-05, 0.08914687546759283, 1.0]]]}