{"Arena": [5.0, 25.0, 0.0, 50.0, 4.0], "Effectors": [[0.022753235135235025, 0.0, 0.022753235135235025, 0.0, 0.0, 1.3333333333333333e-05, 1.0, 0.0005, 0.3333333333333333, 0.001, 0.07692307692307693, 0.001], [0.04745405724044417, 0.0, 0.04745405724044417, 0.0, 0.0, 1.3333333333333333e-05, 1.0, 0.0005, 0.3333333333333333, 0.001, 0.07692307692307693, 0.001], [0.038425514889961994, 0.0, 0.038425514889961994, 0.0, 0.0, 1.3333333333333333e-05, 1.0, 0.0005, 0.3333333333333333, 0.001, 0.07692307692307693, 0.001], [0.022187670345557076, 0.0, 0.022187670345557076, 0.0, 0.0, 1.3333333333333333e-05, 1.0, 0.0005, 0.3333333333333333, 0.001, 0.07692307692307693, 0.001]], "Targets": [[0.08844698438803794, 0.0, 0.47690921024908106, 0.0], [0.07337161795860785, 0.0, 0.43267481139514097, 0.0], [0.08575483676846506, 0.0, 0.4684709611968125, 0.0], [0.09942065668295137, 0.0, 0.4326006793870213, 0.0], [0.06826377135998035, 0.0, 0.5593040612719389, 0.0], [0.0766309211585795, 0.0, 0.5361936078434626, 0.0], [0.09478059145884375, 0.0, 0.5365738954774726, 0.0], [0.0731229750166396, 0.0, 0.559670085912869, 0.0]], "Opportunities": [[[0.5999094235614338, 6.469374925280292e-05, 0.06738932213833637, 1.0], [0.555462513866707, 4.961838282337282e-05, 0.051685815441013354, 1.0], [0.6230911675884802, 6.200160163323003e-05, 0.06458500170128129, 1.0], [0.4177167060398298, 7.566742154771635e-05, 0.0788202307788712, 1.0], [0.4842654574214905, 4.4510536224745324e-05, 0.04636514190077638, 1.0], [0.47619857746876915, 5.287768602334447e-05, 0.05508092294098383, 1.0], [0.6632353744623043, 7.102735632360873e-05, 0.0739868295037591, 1.0], [0.6084625573313782, 4.936973988140457e-05, 0.0514268123764631, 1.0]], [[0.6294859371454598, 3.999292714759377e-05, 0.041659299112076845, 1.0], [0.4347237293987267, 2.4917560718163675e-05, 0.025955792414753827, 1.0], [0.5639787032991337, 3.730077952802088e-05, 0.03885497867502175, 1.0], [0.44112810043348505, 5.09665994425072e-05, 0.05309020775261167, 1.0], [0.40395459091151215, 1.980971411953618e-05, 0.020635118874516852, 1.0], [0.47994546838746316, 2.817686391813533e-05, 0.0293508999147243, 1.0], [0.6818075248113287, 4.632653421839958e-05, 0.04825680647749956, 1.0], [0.6167042007124669, 2.4668917776195426e-05, 0.02569678935020357, 1.0]], [[0.4801256320421402, 4.9021469498075946e-05, 0.051064030727162445, 1.0], [0.644642195213825, 3.394610306864585e-05, 0.03536052402983943, 1.0], [0.5535241024674049, 4.632932187850306e-05, 0.04825971029010736, 1.0], [0.6415826314764739, 5.999514179298938e-05, 0.06249493936769727, 1.0], [0.5273721920351219, 2.8838256470018356e-05, 0.030039850489602456, 1.0], [0.6493655419836486, 3.720540626861751e-05, 0.0387556315298099, 1.0], [0.5488318974576023, 5.5355076568881756e-05, 0.05766153809258517, 1.0], [0.6448731175986433, 3.3697460126677604e-05, 0.03510152096528917, 1.0]], [[0.663881973583166, 6.525931404248087e-05, 0.06797845212758424, 1.0], [0.6165243685432054, 5.018394761305077e-05, 0.05227494543026122, 1.0], [0.40578546598746157, 6.256716642290798e-05, 0.06517413169052914, 1.0], [0.490540161032776, 7.62329863373943e-05, 0.07940936076811907, 1.0], [0.6807936068137994, 4.507610101442327e-05, 0.04695427189002425, 1.0], [0.6787972339627376, 5.344325081302243e-05, 0.055670052930231695, 1.0], [0.5474378740779258, 7.159292111328668e-05, 0.07457595949300695, 1.0], [0.5051290973927479, 4.993530467108252e-05, 0.052015942365710964, 1.0]]]}