{"Arena": [5.0, 25.0, 0.0, 50.0, 4.0], "Effectors": [[0.0439356010488559, 0.0, 0.0439356010488559, 0.0, 0.0, 1.3333333333333333e-05, 1.0, 0.0005, 0.3333333333333333, 0.001, 0.07692307692307693, 0.001], [0.030302928361567085, 0.0, 0.030302928361567085, 0.0, 0.0, 1.6666666666666667e-06, 1.0, 4e-05, 0.3333333333333333, 0.0015, 0.5, 0.001], [0.01759790137504545, 0.0, 0.01759790137504545, 0.0, 0.0, 1.6666666666666667e-06, 1.0, 4e-05, 0.3333333333333333, 0.0015, 0.5, 0.001], [0.019129457358237255, 0.0, 0.019129457358237255, 0.0, 0.0, 1.6666666666666667e-06, 1.0, 4e-05, 0.3333333333333333, 0.0015, 0.5, 0.001]], "Targets": [[0.050856920993229214, 0.0, 0.5794255649658544, 0.0], [0.0879109822170652, 0.0, 0.6336111105398794, 0.0], [0.09539568041202688, 0.0, 0.4749485701354349, 0.0], [0.06824081381474219, 0.0, 0.48109908075326935, 0.0], [0.09095752871913766, 0.0, 0.5582988968053508, 0.0], [0.07989977096185105, 0.0, 0.4502234306870283, 0.0], [0.09921361010364983, 0.0, 0.5483447058166073, 0.0], [0.05852418689441726, 0.0, 0.5631960474710469, 0.0]], "Opportunities": [[[0.4737380965014502, 5.921319944373311e-06, 0.006168041608722199, 1.0], [0.43844699263771475, 4.2975381168209295e-05, 0.04476602205021801, 1.0], [0.6955756721814337, 5.046007936317098e-05, 0.05256258266996977, 1.0], [0.4800327273779511, 2.3305212765886284e-05, 0.024276263297798212, 1.0], [0.446246720622008, 4.6021927670281757e-05, 0.04793950798987683, 1.0], [0.6092564816881827, 3.496416991299515e-05, 0.03642101032603661, 1.0], [0.5503942270587205, 5.427800905479393e-05, 0.056539592765410346, 1.0], [0.6644623262151286, 1.3588585845561358e-05, 0.014154776922459748, 1.0]], [[0.5963700494064221, 1.9053992631662127e-05, 0.15878327193051775, 1.0], [0.0, 0.0, 0.0, 0.0], [0.0, 0.0, 0.0, 0.0], [0.0, 0.0, 0.0, 0.0], [0.0, 0.0, 0.0, 0.0], [0.0, 0.0, 0.0, 0.0], [0.0, 0.0, 0.0, 0.0], [0.0, 0.0, 0.0, 0.0]], [[0.0, 0.0, 0.0, 0.0], [0.0, 0.0, 0.0, 0.0], [0.0, 0.0, 0.0, 0.0], [0.0, 0.0, 0.0, 0.0], [0.0, 0.0, 0.0, 0.0], [0.0, 0.0, 0.0, 0.0], [0.0, 0.0, 0.0, 0.0], [0.0, 0.0, 0.0, 0.0]], [[0.0, 0.0, 0.0, 0.0], [0.0, 0.0, 0.0, 0.0], [0.0, 0.0, 0.0, 0.0], [0.0, 0.0, 0.0, 0.0], [0.0, 0.0, 0.0, 0.0], [0.0, 0.0, 0.0, 0.0], [0.0, 0.0, 0.0, 0.0], [0.0, 0.0, 0.0, 0.0]]]}