{"Arena": [5.0, 25.0, 0.0, 50.0, 4.0], "Effectors": [[0.0109422639782162, 0.0, 0.0109422639782162, 0.0, 1.0, 0.002, 1.0, 0.0, 0.3333333333333333, 0.09, 0.05, 0.001], [0.04856216547570582, 0.0, 0.04856216547570582, 0.0, 0.0, 1.3333333333333333e-05, 1.0, 0.0005, 0.3333333333333333, 0.001, 0.07692307692307693, 0.001], [0.025260895207098257, 0.0, 0.025260895207098257, 0.0, 0.0, 1.6666666666666667e-06, 1.0, 4e-05, 0.3333333333333333, 0.0015, 0.5, 0.001], [0.02025189575559127, 0.0, 0.02025189575559127, 0.0, 0.0, 1.6666666666666667e-06, 1.0, 4e-05, 0.3333333333333333, 0.0015, 0.5, 0.001]], "Targets": [[0.09268414987652807, 0.0, 0.5809351046781139, 0.0], [0.08476945867074516, 0.0, 0.5601508356688271, 0.0], [0.09191027236072877, 0.0, 0.6246453838545029, 0.0], [0.09463665661877875, 0.0, 0.43272138293562246, 0.0], [0.08128939362947031, 0.0, 0.46549381800969114, 0.0], [0.06408133153215294, 0.0, 0.3670313673605054, 0.0], [0.09052241109923019, 0.0, 0.4040741897456359, 0.0], [0.06394518792878967, 0.0, 0.568038080348766, 0.0]], "Opportunities": [[[0.45097068234216703, 0.0, 0.0, 1.0], [0.673910540386603, 0.0, 0.0, 1.0], [0.5389787991194472, 0.0, 0.0, 1.0], [0.4946801127405571, 0.0, 0.0, 1.0], [0.6180623861906425, 0.0, 0.0, 1.0], [0.6354684736906334, 0.0, 0.0, 1.0], [0.578080581427233, 0.0, 0.0, 1.0], [0.4935141096153349, 0.0, 0.0, 1.0]], [[0.5955912054981136, 4.3121984400822246e-05, 0.044918733750856504, 1.0], [0.6397029330597738, 3.520729319503934e-05, 0.036674263744832646, 1.0], [0.5472464294911963, 4.234810688502295e-05, 0.044112611338565574, 1.0], [0.5766120946456242, 4.507449114307293e-05, 0.04695259494070097, 1.0], [0.4866808657284258, 3.172722815376449e-05, 0.03304919599350468, 1.0], [0.4854478847143493, 1.4519166056447118e-05, 0.01512413130879908, 1.0], [0.6364196627712302, 4.096024562352437e-05, 0.042666922524504554, 1.0], [0.4382123368812694, 1.438302245308385e-05, 0.014982315055295677, 1.0]], [[0.0, 0.0, 0.0, 0.0], [0.0, 0.0, 0.0, 0.0], [0.0, 0.0, 0.0, 0.0], [0.0, 0.0, 0.0, 0.0], [0.0, 0.0, 0.0, 0.0], [0.0, 0.0, 0.0, 0.0], [0.0, 0.0, 0.0, 0.0], [0.0, 0.0, 0.0, 0.0]], [[0.0, 0.0, 0.0, 0.0], [0.0, 0.0, 0.0, 0.0], [0.0, 0.0, 0.0, 0.0], [0.0, 0.0, 0.0, 0.0], [0.0, 0.0, 0.0, 0.0], [0.0, 0.0, 0.0, 0.0], [0.0, 0.0, 0.0, 0.0], [0.0, 0.0, 0.0, 0.0]]]}