{"Arena": [5.0, 25.0, 0.0, 50.0, 4.0], "Effectors": [[0.04778101040000036, 0.0, 0.04778101040000036, 0.0, 0.0, 1.3333333333333333e-05, 1.0, 0.0005, 0.3333333333333333, 0.001, 0.07692307692307693, 0.001], [0.026475853579024412, 0.0, 0.026475853579024412, 0.0, 0.0, 1.6666666666666667e-06, 1.0, 4e-05, 0.3333333333333333, 0.0015, 0.5, 0.001], [0.020218245257954206, 0.0, 0.020218245257954206, 0.0, 0.0, 1.6666666666666667e-06, 1.0, 4e-05, 0.3333333333333333, 0.0015, 0.5, 0.001], [0.03272163040546994, 0.0, 0.03272163040546994, 0.0, 0.0, 1.6666666666666667e-06, 1.0, 4e-05, 0.3333333333333333, 0.0015, 0.5, 0.001]], "Targets": [[0.08678745457125174, 0.0, 0.5465563607970217, 0.0], [0.08502340386124664, 0.0, 0.4801313801249023, 0.0], [0.09322876754500418, 0.0, 0.5563308815004072, 0.0], [0.060284164173907764, 0.0, 0.5634485895491383, 0.0], [0.08534000163463826, 0.0, 0.5104394974357791, 0.0], [0.09431682598401384, 0.0, 0.5783864972951601, 0.0], [0.09312623494805677, 0.0, 0.5181718494017362, 0.0], [0.05091979626781016, 0.0, 0.5839151934477198, 0.0]], "Opportunities": [[[0.47484661239173176, 3.800644417125138e-05, 0.03959004601172019, 1.0], [0.5886533039425434, 3.624239346124628e-05, 0.03775249318879821, 1.0], [0.6043938351844553, 4.444775714500383e-05, 0.046299747026045654, 1.0], [0.5637068364101978, 1.1503153773907405e-05, 0.011982451847820215, 1.0], [0.4701575569997829, 3.65589912346379e-05, 0.03808228253608115, 1.0], [0.6855703746843277, 4.5535815584013476e-05, 0.047433141233347374, 1.0], [0.5761928496096929, 4.4345224548056415e-05, 0.046192942237558765, 1.0], [0.41845057078832815, 2.1387858678098014e-06, 0.00222790194563521, 1.0]], [[0.0, 0.0, 0.0, 0.0], [0.0, 0.0, 0.0, 0.0], [0.0, 0.0, 0.0, 0.0], [0.0, 0.0, 0.0, 0.0], [0.0, 0.0, 0.0, 0.0], [0.0, 0.0, 0.0, 0.0], [0.0, 0.0, 0.0, 0.0], [0.0, 0.0, 0.0, 0.0]], [[0.0, 0.0, 0.0, 0.0], [0.0, 0.0, 0.0, 0.0], [0.0, 0.0, 0.0, 0.0], [0.0, 0.0, 0.0, 0.0], [0.0, 0.0, 0.0, 0.0], [0.0, 0.0, 0.0, 0.0], [0.0, 0.0, 0.0, 0.0], [0.0, 0.0, 0.0, 0.0]], [[0.0, 0.0, 0.0, 0.0], [0.0, 0.0, 0.0, 0.0], [0.0, 0.0, 0.0, 0.0], [0.0, 0.0, 0.0, 0.0], [0.0, 0.0, 0.0, 0.0], [0.0, 0.0, 0.0, 0.0], [0.0, 0.0, 0.0, 0.0], [0.44905260283723336, 1.669816586234022e-05, 0.13915138218616852, 1.0]]]}