{"Arena": [5.0, 25.0, 0.0, 50.0, 4.0], "Effectors": [[0.02659381898129055, 0.0, 0.02659381898129055, 0.0, 1.0, 0.002, 1.0, 0.0, 0.3333333333333333, 0.09, 0.05, 0.001], [0.043865747684524045, 0.0, 0.043865747684524045, 0.0, 1.0, 0.002, 1.0, 0.0, 0.3333333333333333, 0.09, 0.05, 0.001], [0.04180599373249906, 0.0, 0.04180599373249906, 0.0, 1.0, 0.002, 1.0, 0.0, 0.3333333333333333, 0.09, 0.05, 0.001], [0.02409433237431806, 0.0, 0.02409433237431806, 0.0, 0.0, 1.6666666666666667e-06, 1.0, 4e-05, 0.3333333333333333, 0.0015, 0.5, 0.001]], "Targets": [[0.061091544838168046, 0.0, 0.5258047885794777, 0.0], [0.0805758739854004, 0.0, 0.6470538462282236, 0.0], [0.07218184185552372, 0.0, 0.5513255428929456, 0.0], [0.051938920204944776, 0.0, 0.5460643928026695, 0.0], [0.07994995844421973, 0.0, 0.505222163805279, 0.0], [0.06629687590397643, 0.0, 0.4166597601209133, 0.0], [0.058191688740034664, 0.0, 0.6115653733251596, 0.0], [0.07554830726744946, 0.0, 0.578913425145805, 0.0]], "Opportunities": [[[0.49180663223586696, 0.0, 0.0, 1.0], [0.6380838036985477, 0.0, 0.0, 1.0], [0.4350067350448217, 0.0, 0.0, 1.0], [0.4505444841504727, 0.0, 0.0, 1.0], [0.6293487004610369, 0.0, 0.0, 1.0], [0.5050442908716924, 0.0, 0.0, 1.0], [0.5692618480366012, 0.0, 0.0, 1.0], [0.5663221501634312, 0.0, 0.0, 1.0]], [[0.48598440157205386, 0.0, 0.0, 1.0], [0.5840186410824293, 0.0, 0.0, 1.0], [0.6074596565204593, 0.0, 0.0, 1.0], [0.6305802005257732, 0.0, 0.0, 1.0], [0.5371690029637484, 0.0, 0.0, 1.0], [0.5764692742600532, 0.0, 0.0, 1.0], [0.6953059125273688, 0.0, 0.0, 1.0], [0.6496637161247856, 0.0, 0.0, 1.0]], [[0.4442637474933083, 0.0, 0.0, 1.0], [0.41768817698903826, 0.0, 0.0, 1.0], [0.5010627144431108, 0.0, 0.0, 1.0], [0.5548673719491342, 0.0, 0.0, 1.0], [0.4954892670537412, 0.0, 0.0, 1.0], [0.49989939286170926, 0.0, 0.0, 1.0], [0.5944360310909096, 0.0, 0.0, 1.0], [0.6528263721984129, 0.0, 0.0, 1.0]], [[0.0, 0.0, 0.0, 0.0], [0.0, 0.0, 0.0, 0.0], [0.0, 0.0, 0.0, 0.0], [0.0, 0.0, 0.0, 0.0], [0.0, 0.0, 0.0, 0.0], [0.0, 0.0, 0.0, 0.0], [0.0, 0.0, 0.0, 0.0], [0.0, 0.0, 0.0, 0.0]]]}