{"Arena": [5.0, 25.0, 0.0, 50.0, 4.0], "Effectors": [[0.021403218165361487, 0.0, 0.021403218165361487, 0.0, 1.0, 0.002, 1.0, 0.0, 0.3333333333333333, 0.09, 0.05, 0.001], [0.035691447732655986, 0.0, 0.035691447732655986, 0.0, 0.0, 1.3333333333333333e-05, 1.0, 0.0005, 0.3333333333333333, 0.001, 0.07692307692307693, 0.001], [0.020253466212565307, 0.0, 0.020253466212565307, 0.0, 0.0, 1.3333333333333333e-05, 1.0, 0.0005, 0.3333333333333333, 0.001, 0.07692307692307693, 0.001], [0.013503100955652943, 0.0, 0.013503100955652943, 0.0, 0.0, 1.6666666666666667e-06, 1.0, 4e-05, 0.3333333333333333, 0.0015, 0.5, 0.001]], "Targets": [[0.05641934492773345, 0.0, 0.437765825412849, 0.0], [0.0628156768256118, 0.0, 0.48747377509894485, 0.0], [0.08204650733042945, 0.0, 0.48317753864410296, 0.0], [0.08026570227670096, 0.0, 0.37323103988576983, 0.0], [0.05682991520238933, 0.0, 0.5070068498933693, 0.0], [0.05966914693511729, 0.0, 0.5741488577438308, 0.0], [0.06606129038562049, 0.0, 0.46922259086996954, 0.0], [0.0792548543350038, 0.0, 0.4201389615921576, 0.0]], "Opportunities": [[[0.5820991963431011, 0.0, 0.0, 1.0], [0.6050189989358148, 0.0, 0.0, 1.0], [0.5289497892204164, 0.0, 0.0, 1.0], [0.6467140952097338, 0.0, 0.0, 1.0], [0.6046447180874611, 0.0, 0.0, 1.0], [0.6840088619235194, 0.0, 0.0, 1.0], [0.6130046082432434, 0.0, 0.0, 1.0], [0.43019807686102873, 0.0, 0.0, 1.0]], [[0.41300058974866893, 1.9727897195077464e-05, 0.020549892911539025, 1.0], [0.4255642949963373, 2.6124229092955817e-05, 0.027212738638495642, 1.0], [0.5163056006247181, 4.535505959777347e-05, 0.0472448537476807, 1.0], [0.5123081925256103, 4.3574254544044974e-05, 0.04538984848338019, 1.0], [0.418776531180074, 2.0138467469733343e-05, 0.020977570280972233, 1.0], [0.5388183809976754, 2.2977699202461304e-05, 0.02393510333589719, 1.0], [0.5484142119645963, 2.9369842652964502e-05, 0.030593586096838023, 1.0], [0.48305613606134307, 4.256340660234782e-05, 0.044336881877445646, 1.0]], [[0.5728251941718737, 3.516587871516815e-05, 0.036631123661633486, 1.0], [0.577746272018673, 4.156221061304649e-05, 0.0432939693885901, 1.0], [0.5110636016524758, 6.0793041117864144e-05, 0.06332608449777515, 1.0], [0.4443671463766794, 5.901223606413565e-05, 0.06147107923347464, 1.0], [0.5316814677135868, 3.5576448989824025e-05, 0.03705880103106669, 1.0], [0.40651444900430855, 3.841568072255199e-05, 0.04001633408599165, 1.0], [0.652947840156936, 4.480782417305518e-05, 0.046674816846932476, 1.0], [0.4256913477663379, 5.8001388122438494e-05, 0.0604181126275401, 1.0]], [[0.0, 0.0, 0.0, 0.0], [0.0, 0.0, 0.0, 0.0], [0.0, 0.0, 0.0, 0.0], [0.0, 0.0, 0.0, 0.0], [0.0, 0.0, 0.0, 0.0], [0.0, 0.0, 0.0, 0.0], [0.0, 0.0, 0.0, 0.0], [0.0, 0.0, 0.0, 0.0]]]}