{"Arena": [5.0, 25.0, 0.0, 50.0, 4.0], "Effectors": [[0.021258064796573585, 0.0, 0.021258064796573585, 0.0, 0.0, 1.3333333333333333e-05, 1.0, 0.0005, 0.3333333333333333, 0.001, 0.07692307692307693, 0.001], [0.014323067908873725, 0.0, 0.014323067908873725, 0.0, 0.0, 1.6666666666666667e-06, 1.0, 4e-05, 0.3333333333333333, 0.0015, 0.5, 0.001], [0.011942807890435723, 0.0, 0.011942807890435723, 0.0, 0.0, 1.6666666666666667e-06, 1.0, 4e-05, 0.3333333333333333, 0.0015, 0.5, 0.001], [0.02790453504202324, 0.0, 0.02790453504202324, 0.0, 0.0, 1.6666666666666667e-06, 1.0, 4e-05, 0.3333333333333333, 0.0015, 0.5, 0.001]], "Targets": [[0.056629551800815345, 0.0, 0.544975439246787, 0.0], [0.07727954597031106, 0.0, 0.4433345699067025, 0.0], [0.0681226900060638, 0.0, 0.5133855940751646, 0.0], [0.07966323804771079, 0.0, 0.4940013287790337, 0.0], [0.0642006769614441, 0.0, 0.3785097479245509, 0.0], [0.06856447495739106, 0.0, 0.3870210777700446, 0.0], [0.05788026127391762, 0.0, 0.6070719520054628, 0.0], [0.08763417119971766, 0.0, 0.4287176404821372, 0.0]], "Opportunities": [[[0.6483191006679514, 3.437148700424176e-05, 0.035803632296085165, 1.0], [0.6322821550697225, 5.502148117373747e-05, 0.05731404288930987, 1.0], [0.4096417950240231, 4.586462520949022e-05, 0.04777565125988564, 1.0], [0.4414482007621645, 5.740517325113721e-05, 0.05979705546993459, 1.0], [0.5061892579142051, 4.194261216487052e-05, 0.04369022100507346, 1.0], [0.4111416491420263, 4.6306410160817474e-05, 0.0482358439175182, 1.0], [0.570356376810049, 3.562219647734404e-05, 0.037106454663900036, 1.0], [0.43509842098221896, 6.537610640314406e-05, 0.0681001108366084, 1.0]], [[0.0, 0.0, 0.0, 0.0], [0.0, 0.0, 0.0, 0.0], [0.0, 0.0, 0.0, 0.0], [0.0, 0.0, 0.0, 0.0], [0.0, 0.0, 0.0, 0.0], [0.0, 0.0, 0.0, 0.0], [0.0, 0.0, 0.0, 0.0], [0.0, 0.0, 0.0, 0.0]], [[0.0, 0.0, 0.0, 0.0], [0.0, 0.0, 0.0, 0.0], [0.0, 0.0, 0.0, 0.0], [0.0, 0.0, 0.0, 0.0], [0.0, 0.0, 0.0, 0.0], [0.0, 0.0, 0.0, 0.0], [0.0, 0.0, 0.0, 0.0], [0.0, 0.0, 0.0, 0.0]], [[0.0, 0.0, 0.0, 0.0], [0.0, 0.0, 0.0, 0.0], [0.0, 0.0, 0.0, 0.0], [0.0, 0.0, 0.0, 0.0], [0.0, 0.0, 0.0, 0.0], [0.0, 0.0, 0.0, 0.0], [0.0, 0.0, 0.0, 0.0], [0.0, 0.0, 0.0, 0.0]]]}