{"Arena": [5.0, 25.0, 0.0, 50.0, 4.0], "Effectors": [[0.020580627855748088, 0.0, 0.020580627855748088, 0.0, 1.0, 0.002, 1.0, 0.0, 0.3333333333333333, 0.09, 0.05, 0.001], [0.01070664468080347, 0.0, 0.01070664468080347, 0.0, 0.0, 1.3333333333333333e-05, 1.0, 0.0005, 0.3333333333333333, 0.001, 0.07692307692307693, 0.001], [0.04140875989743046, 0.0, 0.04140875989743046, 0.0, 0.0, 1.3333333333333333e-05, 1.0, 0.0005, 0.3333333333333333, 0.001, 0.07692307692307693, 0.001], [0.04499288754391567, 0.0, 0.04499288754391567, 0.0, 0.0, 1.3333333333333333e-05, 1.0, 0.0005, 0.3333333333333333, 0.001, 0.07692307692307693, 0.001]], "Targets": [[0.07698390591749574, 0.0, 0.5093650426484811, 0.0], [0.06600469036206409, 0.0, 0.4226935224633672, 0.0], [0.09267167975655533, 0.0, 0.6220526185737696, 0.0], [0.06797158751634522, 0.0, 0.37069962319672517, 0.0], [0.05186716884836445, 0.0, 0.4418216138033969, 0.0], [0.07924260617251622, 0.0, 0.6250160579301602, 0.0], [0.08981099707196696, 0.0, 0.6477787731920519, 0.0], [0.07470760421865925, 0.0, 0.5625359975365269, 0.0]], "Opportunities": [[[0.6930636009352587, 0.0, 0.0, 1.0], [0.4655675381998108, 0.0, 0.0, 1.0], [0.5338411671616663, 0.0, 0.0, 1.0], [0.48473672587949274, 0.0, 0.0, 1.0], [0.42175139885098045, 0.0, 0.0, 1.0], [0.4145421329092187, 0.0, 0.0, 1.0], [0.5341244874842306, 0.0, 0.0, 1.0], [0.6710714673904021, 0.0, 0.0, 1.0]], [[0.6547190176450117, 6.527726123669226e-05, 0.06799714712155444, 1.0], [0.4340293073539851, 5.429804568126062e-05, 0.05656046425131315, 1.0], [0.4511517804424098, 8.096503507575185e-05, 0.08433857820390818, 1.0], [0.5566167250055323, 5.6264942835541745e-05, 0.05860931545368932, 1.0], [0.6473387243738121, 4.016052416756098e-05, 0.04183387934120936, 1.0], [0.47670919723588717, 6.753596149171274e-05, 0.07034995988720077, 1.0], [0.5887254119102812, 7.81043523911635e-05, 0.08135870040746197, 1.0], [0.6181503152055822, 6.300095953785579e-05, 0.06562599951859978, 1.0]], [[0.547292805935998, 3.4575146020065275e-05, 0.03601577710423466, 1.0], [0.630561112781939, 2.3595930464633632e-05, 0.024579094233993366, 1.0], [0.5541644300031461, 5.0262919859124866e-05, 0.0523572081865884, 1.0], [0.5125846279337183, 2.5562827618914756e-05, 0.026627945436369538, 1.0], [0.645081191484088, 9.458408950933992e-06, 0.009852509323889575, 1.0], [0.510987836115195, 3.683384627508576e-05, 0.038368589869880995, 1.0], [0.4121015005017284, 4.7402237174536505e-05, 0.04937733039014219, 1.0], [0.5468612159277924, 3.229884432122879e-05, 0.03364462950127999, 1.0]], [[0.6976430401505216, 3.0991018373580064e-05, 0.03228231080581257, 1.0], [0.5466156078767344, 2.0011802818148418e-05, 0.020845627935571272, 1.0], [0.4388915774380743, 4.6678792212639655e-05, 0.04862374188816631, 1.0], [0.6833381245428642, 2.1978699972429545e-05, 0.022894479137947444, 1.0], [0.4189939058667037, 5.8742813044487815e-06, 0.006119043025467481, 1.0], [0.481350680785779, 3.324971862860054e-05, 0.034635123571458905, 1.0], [0.4488611106629529, 4.3818109528051294e-05, 0.045643864091720096, 1.0], [0.6868048373728413, 2.871471667474358e-05, 0.029911163202857898, 1.0]]]}