{"Arena": [5.0, 25.0, 0.0, 50.0, 4.0], "Effectors": [[0.044399504452226186, 0.0, 0.044399504452226186, 0.0, 1.0, 0.002, 1.0, 0.0, 0.3333333333333333, 0.09, 0.05, 0.001], [0.03882128238831997, 0.0, 0.03882128238831997, 0.0, 1.0, 0.002, 1.0, 0.0, 0.3333333333333333, 0.09, 0.05, 0.001], [0.04976494175000269, 0.0, 0.04976494175000269, 0.0, 1.0, 0.002, 1.0, 0.0, 0.3333333333333333, 0.09, 0.05, 0.001], [0.04283260951674118, 0.0, 0.04283260951674118, 0.0, 0.0, 1.6666666666666667e-06, 1.0, 4e-05, 0.3333333333333333, 0.0015, 0.5, 0.001]], "Targets": [[0.07959094695138862, 0.0, 0.5757865491605458, 0.0], [0.08625195600153455, 0.0, 0.5209743660721878, 0.0], [0.05051029658856749, 0.0, 0.4872982365436587, 0.0], [0.06694859242985186, 0.0, 0.5659917136033753, 0.0], [0.0923725474040066, 0.0, 0.4227593201961514, 0.0], [0.07015542464681812, 0.0, 0.46479756640107844, 0.0], [0.079208532711006, 0.0, 0.3894205587770644, 0.0], [0.08272912842782901, 0.0, 0.6248933766423854, 0.0]], "Opportunities": [[[0.4247047078257531, 0.0, 0.0, 1.0], [0.6306811325281165, 0.0, 0.0, 1.0], [0.4720040463345756, 0.0, 0.0, 1.0], [0.4724984358870861, 0.0, 0.0, 1.0], [0.5692895188300292, 0.0, 0.0, 1.0], [0.4669933974941358, 0.0, 0.0, 1.0], [0.5314264590285538, 0.0, 0.0, 1.0], [0.45078920883414664, 0.0, 0.0, 1.0]], [[0.6177876796696157, 0.0, 0.0, 1.0], [0.41258327448628274, 0.0, 0.0, 1.0], [0.5555214105048225, 0.0, 0.0, 1.0], [0.41596853143062107, 0.0, 0.0, 1.0], [0.42423139601390425, 0.0, 0.0, 1.0], [0.43304409341093797, 0.0, 0.0, 1.0], [0.5190450332251412, 0.0, 0.0, 1.0], [0.5429340635306534, 0.0, 0.0, 1.0]], [[0.48924795641258856, 0.0, 0.0, 1.0], [0.5836175887157895, 0.0, 0.0, 1.0], [0.6614950297017492, 0.0, 0.0, 1.0], [0.43435024806015127, 0.0, 0.0, 1.0], [0.6368787781598253, 0.0, 0.0, 1.0], [0.6309467386334076, 0.0, 0.0, 1.0], [0.4793408557353566, 0.0, 0.0, 1.0], [0.6969194734553186, 0.0, 0.0, 1.0]], [[0.0, 0.0, 0.0, 0.0], [0.0, 0.0, 0.0, 0.0], [0.5174765988677515, 6.1776870718263115e-06, 0.0514807255985526, 1.0], [0.0, 0.0, 0.0, 0.0], [0.0, 0.0, 0.0, 0.0], [0.0, 0.0, 0.0, 0.0], [0.0, 0.0, 0.0, 0.0], [0.0, 0.0, 0.0, 0.0]]]}