{"Arena": [5.0, 25.0, 0.0, 50.0, 4.0], "Effectors": [[0.035382341383087705, 0.0, 0.035382341383087705, 0.0, 0.0, 1.3333333333333333e-05, 1.0, 0.0005, 0.3333333333333333, 0.001, 0.07692307692307693, 0.001], [0.02819828180897086, 0.0, 0.02819828180897086, 0.0, 0.0, 1.3333333333333333e-05, 1.0, 0.0005, 0.3333333333333333, 0.001, 0.07692307692307693, 0.001], [0.035814991829186564, 0.0, 0.035814991829186564, 0.0, 0.0, 1.3333333333333333e-05, 1.0, 0.0005, 0.3333333333333333, 0.001, 0.07692307692307693, 0.001], [0.04136370977737941, 0.0, 0.04136370977737941, 0.0, 0.0, 1.3333333333333333e-05, 1.0, 0.0005, 0.3333333333333333, 0.001, 0.07692307692307693, 0.001]], "Targets": [[0.09446084234054206, 0.0, 0.5283632883859481, 0.0], [0.08757562030697368, 0.0, 0.5739000693978467, 0.0], [0.09403002523195074, 0.0, 0.523143823028035, 0.0], [0.09895735975444006, 0.0, 0.5153069402664169, 0.0], [0.07402256416648406, 0.0, 0.6092090765402955, 0.0], [0.09299041971055216, 0.0, 0.505107502417204, 0.0], [0.06330325284771975, 0.0, 0.4322829578182128, 0.0], [0.08716779136776474, 0.0, 0.5905863232925216, 0.0]], "Opportunities": [[[0.6759473265565819, 5.8078500957454354e-05, 0.06049843849734828, 1.0], [0.622005105355547, 5.119327892388597e-05, 0.05332633221238122, 1.0], [0.5571858910522082, 5.7647683848863034e-05, 0.060049670675898996, 1.0], [0.5912042971492713, 6.257501837135235e-05, 0.06518231080349203, 1.0], [0.6225342476341552, 3.764022278339636e-05, 0.039208565399371204, 1.0], [0.46938702333600635, 5.660807832746446e-05, 0.05896674825777548, 1.0], [0.6890513759459362, 2.692091146463204e-05, 0.02804261610899171, 1.0], [0.6149299379817292, 5.078544998467704e-05, 0.05290151040070525, 1.0]], [[0.698877179527065, 6.52625605315712e-05, 0.06798183388705334, 1.0], [0.6076451890954576, 5.8377338498002814e-05, 0.060809727602086264, 1.0], [0.46610320909145464, 6.483174342297988e-05, 0.06753306606560404, 1.0], [0.5157748673916173, 6.97590779454692e-05, 0.0726657061931971, 1.0], [0.5153070810888032, 4.48242823575132e-05, 0.04669196078907625, 1.0], [0.6934380741460957, 6.379213790158131e-05, 0.06645014364748053, 1.0], [0.4916324864563634, 3.4104971038748884e-05, 0.035526011498696754, 1.0], [0.634653074805766, 5.796950955879388e-05, 0.060384905790410295, 1.0]], [[0.6671904215424729, 5.764585051135549e-05, 0.06004776094932864, 1.0], [0.47956085934706766, 5.0760628477787114e-05, 0.052875654664361574, 1.0], [0.5483590083773763, 5.721503340276418e-05, 0.05959899312787935, 1.0], [0.41640252287653107, 6.214236792525349e-05, 0.06473163325547239, 1.0], [0.4230243953015965, 3.7207572337297494e-05, 0.03875788785135156, 1.0], [0.6995113634073192, 5.61754278813656e-05, 0.058516070709755834, 1.0], [0.6865873006804274, 2.648826101853318e-05, 0.027591938560972064, 1.0], [0.4769195350723466, 5.035279953857818e-05, 0.052450832852685605, 1.0]], [[0.49042677427933007, 5.209713256316265e-05, 0.05426784641996109, 1.0], [0.44898284325038446, 4.5211910529594266e-05, 0.04709574013499403, 1.0], [0.4013850206266915, 5.166631545457133e-05, 0.0538190785985118, 1.0], [0.4968589050310087, 5.659364997706065e-05, 0.05895171872610484, 1.0], [0.6608609389470824, 3.165885438910465e-05, 0.03297797332198402, 1.0], [0.5086612941373382, 5.0626709933172755e-05, 0.05273615618038829, 1.0], [0.586324598180387, 2.0939543070340336e-05, 0.021812024031604517, 1.0], [0.6044857300764714, 4.4804081590385334e-05, 0.04667091832331806, 1.0]]]}