{"Arena": [5.0, 25.0, 0.0, 50.0, 4.0], "Effectors": [[0.039067336337080975, 0.0, 0.039067336337080975, 0.0, 1.0, 0.002, 1.0, 0.0, 0.3333333333333333, 0.09, 0.05, 0.001], [0.04932335074234749, 0.0, 0.04932335074234749, 0.0, 0.0, 1.3333333333333333e-05, 1.0, 0.0005, 0.3333333333333333, 0.001, 0.07692307692307693, 0.001], [0.03254733359496759, 0.0, 0.03254733359496759, 0.0, 0.0, 1.6666666666666667e-06, 1.0, 4e-05, 0.3333333333333333, 0.0015, 0.5, 0.001], [0.015097729249523883, 0.0, 0.015097729249523883, 0.0, 0.0, 1.6666666666666667e-06, 1.0, 4e-05, 0.3333333333333333, 0.0015, 0.5, 0.001]], "Targets": [[0.07539057902474294, 0.0, 0.39712901162862757, 0.0], [0.07949771490497483, 0.0, 0.6010872029971506, 0.0], [0.07160126577259322, 0.0, 0.42532456218817816, 0.0], [0.05011491374308178, 0.0, 0.4896883930498566, 0.0], [0.06446703532021336, 0.0, 0.3915240711363829, 0.0], [0.08182168263594304, 0.0, 0.36683615843957135, 0.0], [0.06639109204063404, 0.0, 0.4430553355101004, 0.0], [0.05497142993164882, 0.0, 0.40514551610034655, 0.0]], "Opportunities": [[[0.5913822073413052, 0.0, 0.0, 1.0], [0.5639270561569321, 0.0, 0.0, 1.0], [0.5993133111039046, 0.0, 0.0, 1.0], [0.6784024908624042, 0.0, 0.0, 1.0], [0.5331577096024414, 0.0, 0.0, 1.0], [0.6768147393474102, 0.0, 0.0, 1.0], [0.6734421369273956, 0.0, 0.0, 1.0], [0.5478063862284436, 0.0, 0.0, 1.0]], [[0.4000597715530784, 2.506722828239545e-05, 0.02611169612749526, 1.0], [0.4975676963750708, 2.9174364162627335e-05, 0.030389962669403477, 1.0], [0.4665319670136493, 2.127791503024573e-05, 0.022164494823172638, 1.0], [0.4114661552061478, 0.0, 0.0, 1.0], [0.5863463199051671, 1.414368457786587e-05, 0.014733004768610282, 1.0], [0.6360808053061809, 3.149833189359555e-05, 0.03281076238916203, 1.0], [0.6267080787734494, 1.6067741298286546e-05, 0.016737230519048484, 1.0], [0.6983480716089008, 4.648079189301332e-06, 0.004841749155522221, 1.0]], [[0.0, 0.0, 0.0, 0.0], [0.0, 0.0, 0.0, 0.0], [0.0, 0.0, 0.0, 0.0], [0.46427651843064577, 1.6067580148114194e-05, 0.13389650123428495, 1.0], [0.0, 0.0, 0.0, 0.0], [0.0, 0.0, 0.0, 0.0], [0.0, 0.0, 0.0, 0.0], [0.0, 0.0, 0.0, 0.0]], [[0.0, 0.0, 0.0, 0.0], [0.0, 0.0, 0.0, 0.0], [0.0, 0.0, 0.0, 0.0], [0.0, 0.0, 0.0, 0.0], [0.0, 0.0, 0.0, 0.0], [0.0, 0.0, 0.0, 0.0], [0.0, 0.0, 0.0, 0.0], [0.0, 0.0, 0.0, 0.0]]]}