{"Arena": [5.0, 25.0, 0.0, 50.0, 4.0], "Effectors": [[0.022067168176020963, 0.0, 0.022067168176020963, 0.0, 1.0, 0.002, 1.0, 0.0, 0.3333333333333333, 0.09, 0.05, 0.001], [0.015305132616277622, 0.0, 0.015305132616277622, 0.0, 1.0, 0.002, 1.0, 0.0, 0.3333333333333333, 0.09, 0.05, 0.001], [0.038642964120780776, 0.0, 0.038642964120780776, 0.0, 0.0, 1.6666666666666667e-06, 1.0, 4e-05, 0.3333333333333333, 0.0015, 0.5, 0.001], [0.026370659674819434, 0.0, 0.026370659674819434, 0.0, 0.0, 1.6666666666666667e-06, 1.0, 4e-05, 0.3333333333333333, 0.0015, 0.5, 0.001]], "Targets": [[0.08825841254953418, 0.0, 0.5865456276834837, 0.0], [0.0692803475093322, 0.0, 0.5084924716369852, 0.0], [0.0642735544743556, 0.0, 0.4838236585854747, 0.0], [0.07523980142895152, 0.0, 0.640978970787245, 0.0], [0.09980660125709423, 0.0, 0.5361714164378764, 0.0], [0.05369682585684637, 0.0, 0.5431996269299396, 0.0], [0.07122336891612625, 0.0, 0.5817651189242656, 0.0], [0.06823472494826041, 0.0, 0.4582548867890786, 0.0]], "Opportunities": [[[0.439347359985761, 0.0, 0.0, 1.0], [0.42251477888750927, 0.0, 0.0, 1.0], [0.505151288919172, 0.0, 0.0, 1.0], [0.4971356111724683, 0.0, 0.0, 1.0], [0.5681652339485701, 0.0, 0.0, 1.0], [0.4591470127039345, 0.0, 0.0, 1.0], [0.6398670885956612, 0.0, 0.0, 1.0], [0.6214008673096412, 0.0, 0.0, 1.0]], [[0.5762182370111615, 0.0, 0.0, 1.0], [0.6571439103170825, 0.0, 0.0, 1.0], [0.6351871904809363, 0.0, 0.0, 1.0], [0.48267583200037684, 0.0, 0.0, 1.0], [0.6181325836566073, 0.0, 0.0, 1.0], [0.6128914333875572, 0.0, 0.0, 1.0], [0.5680356460684366, 0.0, 0.0, 1.0], [0.5491802809327664, 0.0, 0.0, 1.0]], [[0.0, 0.0, 0.0, 0.0], [0.0, 0.0, 0.0, 0.0], [0.0, 0.0, 0.0, 0.0], [0.0, 0.0, 0.0, 0.0], [0.0, 0.0, 0.0, 0.0], [0.4801441555804161, 1.3553861736065593e-05, 0.1129488478005466, 1.0], [0.0, 0.0, 0.0, 0.0], [0.0, 0.0, 0.0, 0.0]], [[0.0, 0.0, 0.0, 0.0], [0.0, 0.0, 0.0, 0.0], [0.0, 0.0, 0.0, 0.0], [0.0, 0.0, 0.0, 0.0], [0.0, 0.0, 0.0, 0.0], [0.0, 0.0, 0.0, 0.0], [0.0, 0.0, 0.0, 0.0], [0.0, 0.0, 0.0, 0.0]]]}