{"Arena": [5.0, 25.0, 0.0, 50.0, 4.0], "Effectors": [[0.01790420501635343, 0.0, 0.01790420501635343, 0.0, 1.0, 0.002, 1.0, 0.0, 0.3333333333333333, 0.09, 0.05, 0.001], [0.033704923635816786, 0.0, 0.033704923635816786, 0.0, 0.0, 1.3333333333333333e-05, 1.0, 0.0005, 0.3333333333333333, 0.001, 0.07692307692307693, 0.001], [0.041756254124154506, 0.0, 0.041756254124154506, 0.0, 0.0, 1.3333333333333333e-05, 1.0, 0.0005, 0.3333333333333333, 0.001, 0.07692307692307693, 0.001], [0.01314736047674225, 0.0, 0.01314736047674225, 0.0, 0.0, 1.6666666666666667e-06, 1.0, 4e-05, 0.3333333333333333, 0.0015, 0.5, 0.001]], "Targets": [[0.0776531802451671, 0.0, 0.36513331296003104, 0.0], [0.05618078625977526, 0.0, 0.4729771519040278, 0.0], [0.052454105950263785, 0.0, 0.5775439408497649, 0.0], [0.07854127789402912, 0.0, 0.5418357206266069, 0.0], [0.08556910412941118, 0.0, 0.5835802321343624, 0.0], [0.0538265332296619, 0.0, 0.6487395300951919, 0.0], [0.06690832220764949, 0.0, 0.6436865941357375, 0.0], [0.07892465726393044, 0.0, 0.41372585096471237, 0.0]], "Opportunities": [[[0.47685020644032705, 0.0, 0.0, 1.0], [0.6706891011892276, 0.0, 0.0, 1.0], [0.6449422201522778, 0.0, 0.0, 1.0], [0.498524322706165, 0.0, 0.0, 1.0], [0.5579181867278049, 0.0, 0.0, 1.0], [0.6507018896859872, 0.0, 0.0, 1.0], [0.5785947454206627, 0.0, 0.0, 1.0], [0.6778596053163587, 0.0, 0.0, 1.0]], [[0.6457471384645149, 4.294825660935031e-05, 0.04473776730140658, 1.0], [0.644192683180439, 2.1475862623958474e-05, 0.022370690233290077, 1.0], [0.45692985204465514, 1.7749182314447e-05, 0.018488731577548958, 1.0], [0.5090508844944771, 4.3836354258212336e-05, 0.04566286901897118, 1.0], [0.42315546602199283, 5.0864180493594395e-05, 0.052983521347494164, 1.0], [0.457246656799542, 1.9121609593845117e-05, 0.019918343326921998, 1.0], [0.598128137693007, 3.22033985718327e-05, 0.033545206845659065, 1.0], [0.5855827063241964, 4.421973362811365e-05, 0.04606222252928506, 1.0]], [[0.5792285681859226, 3.4896926121012594e-05, 0.03635096470938812, 1.0], [0.5598558254483188, 1.3424532135620753e-05, 0.01398388764127162, 1.0], [0.4076987277448175, 9.697851826109279e-06, 0.010101928985530499, 1.0], [0.6496953494238258, 3.5785023769874615e-05, 0.03727606642695273, 1.0], [0.6941190374452229, 4.2812850005256674e-05, 0.0445967187554757, 1.0], [0.61917341702215, 1.1070279105507397e-05, 0.011531540734903539, 1.0], [0.5426695945398959, 2.415206808349498e-05, 0.025158404253640607, 1.0], [0.4062417145825488, 3.616840313977594e-05, 0.0376754199372666, 1.0]], [[0.0, 0.0, 0.0, 0.0], [0.0, 0.0, 0.0, 0.0], [0.0, 0.0, 0.0, 0.0], [0.0, 0.0, 0.0, 0.0], [0.0, 0.0, 0.0, 0.0], [0.0, 0.0, 0.0, 0.0], [0.0, 0.0, 0.0, 0.0], [0.0, 0.0, 0.0, 0.0]]]}