{"Arena": [5.0, 25.0, 0.0, 50.0, 4.0], "Effectors": [[0.049232522303462534, 0.0, 0.049232522303462534, 0.0, 1.0, 0.002, 1.0, 0.0, 0.3333333333333333, 0.09, 0.05, 0.001], [0.028673474552392074, 0.0, 0.028673474552392074, 0.0, 1.0, 0.002, 1.0, 0.0, 0.3333333333333333, 0.09, 0.05, 0.001], [0.018945206416237207, 0.0, 0.018945206416237207, 0.0, 1.0, 0.002, 1.0, 0.0, 0.3333333333333333, 0.09, 0.05, 0.001], [0.04526679169669445, 0.0, 0.04526679169669445, 0.0, 0.0, 1.3333333333333333e-05, 1.0, 0.0005, 0.3333333333333333, 0.001, 0.07692307692307693, 0.001]], "Targets": [[0.09199305912426493, 0.0, 0.45830719317145124, 0.0], [0.09636742232351714, 0.0, 0.5251581486572634, 0.0], [0.05036460315911756, 0.0, 0.3703799494531047, 0.0], [0.06816782745593918, 0.0, 0.5575760683928246, 0.0], [0.09015254754536974, 0.0, 0.6462146923712232, 0.0], [0.05798773073862791, 0.0, 0.4036258340184289, 0.0], [0.09097480546061436, 0.0, 0.4362482163240432, 0.0], [0.05161099816299522, 0.0, 0.5362870788919875, 0.0]], "Opportunities": [[[0.6689448335023749, 0.0, 0.0, 1.0], [0.5237719303794902, 0.0, 0.0, 1.0], [0.5119994587682484, 0.0, 0.0, 1.0], [0.4382404058842246, 0.0, 0.0, 1.0], [0.6228040551834224, 0.0, 0.0, 1.0], [0.48880641545728654, 0.0, 0.0, 1.0], [0.5568765413922712, 0.0, 0.0, 1.0], [0.40168049436511327, 0.0, 0.0, 1.0]], [[0.549677325295304, 0.0, 0.0, 1.0], [0.6036535153130963, 0.0, 0.0, 1.0], [0.6919218406276665, 0.0, 0.0, 1.0], [0.4785439180907159, 0.0, 0.0, 1.0], [0.6368182894468355, 0.0, 0.0, 1.0], [0.5616485472736298, 0.0, 0.0, 1.0], [0.6812421500655708, 0.0, 0.0, 1.0], [0.505583017694124, 0.0, 0.0, 1.0]], [[0.4967976749910573, 0.0, 0.0, 1.0], [0.4798125790227977, 0.0, 0.0, 1.0], [0.6355239303599857, 0.0, 0.0, 1.0], [0.5182837331519358, 0.0, 0.0, 1.0], [0.5213186915746674, 0.0, 0.0, 1.0], [0.5990276149308862, 0.0, 0.0, 1.0], [0.6013635214782488, 0.0, 0.0, 1.0], [0.5142163151254355, 0.0, 0.0, 1.0]], [[0.4534050430298372, 4.572626742757048e-05, 0.04763152857038592, 1.0], [0.6508783574214743, 5.0100630626822685e-05, 0.0521881569029403, 1.0], [0.6524395286493052, 4.097811462423108e-06, 0.004268553606690737, 1.0], [0.5975767917487904, 2.1901035759244723e-05, 0.022813578915879918, 1.0], [0.68073512194256, 4.388575584867528e-05, 0.045714329009036755, 1.0], [0.6207315628543095, 1.1720939041933457e-05, 0.012209311502014018, 1.0], [0.5103142972960741, 4.470801376391991e-05, 0.0465708476707499, 1.0], [0.5437971980774012, 5.344206466300767e-06, 0.005566881735729966, 1.0]]]}