{"Arena": [5.0, 25.0, 0.0, 50.0, 4.0], "Effectors": [[0.03559134316844079, 0.0, 0.03559134316844079, 0.0, 0.0, 1.3333333333333333e-05, 1.0, 0.0005, 0.3333333333333333, 0.001, 0.07692307692307693, 0.001], [0.02708250697246995, 0.0, 0.02708250697246995, 0.0, 0.0, 1.6666666666666667e-06, 1.0, 4e-05, 0.3333333333333333, 0.0015, 0.5, 0.001], [0.021153094067123547, 0.0, 0.021153094067123547, 0.0, 0.0, 1.6666666666666667e-06, 1.0, 4e-05, 0.3333333333333333, 0.0015, 0.5, 0.001], [0.047860176072754834, 0.0, 0.047860176072754834, 0.0, 0.0, 1.6666666666666667e-06, 1.0, 4e-05, 0.3333333333333333, 0.0015, 0.5, 0.001]], "Targets": [[0.09037905708209885, 0.0, 0.4000633162333514, 0.0], [0.06746552450168883, 0.0, 0.419913829604995, 0.0], [0.06342701380263652, 0.0, 0.47857419324975226, 0.0], [0.09901297328913033, 0.0, 0.35660330935483586, 0.0], [0.06982382030696178, 0.0, 0.5789810889603468, 0.0], [0.09088066555149202, 0.0, 0.4312293067635571, 0.0], [0.07241900816055036, 0.0, 0.4257223803046629, 0.0], [0.09135739518119597, 0.0, 0.392310103452899, 0.0]], "Opportunities": [[[0.6993338473656451, 5.378771391365807e-05, 0.05602886866006049, 1.0], [0.6847313464470649, 3.087418133324804e-05, 0.03216060555546671, 1.0], [0.42400647727744695, 2.683567063419573e-05, 0.02795382357728722, 1.0], [0.6111963741389186, 6.242163012068954e-05, 0.06502253137571828, 1.0], [0.5404420814075495, 3.3232477138521e-05, 0.03461716368595937, 1.0], [0.460619574570029, 5.428932238305123e-05, 0.05655137748234503, 1.0], [0.5534933292769403, 3.582766499210957e-05, 0.0373204843667808, 1.0], [0.6419673465262047, 5.4766052012755184e-05, 0.057047970846619986, 1.0]], [[0.0, 0.0, 0.0, 0.0], [0.0, 0.0, 0.0, 0.0], [0.0, 0.0, 0.0, 0.0], [0.0, 0.0, 0.0, 0.0], [0.0, 0.0, 0.0, 0.0], [0.0, 0.0, 0.0, 0.0], [0.0, 0.0, 0.0, 0.0], [0.0, 0.0, 0.0, 0.0]], [[0.0, 0.0, 0.0, 0.0], [0.0, 0.0, 0.0, 0.0], [0.0, 0.0, 0.0, 0.0], [0.0, 0.0, 0.0, 0.0], [0.0, 0.0, 0.0, 0.0], [0.0, 0.0, 0.0, 0.0], [0.0, 0.0, 0.0, 0.0], [0.0, 0.0, 0.0, 0.0]], [[0.0, 0.0, 0.0, 0.0], [0.648918134750033, 1.8105348428933994e-05, 0.15087790357444994, 1.0], [0.6632426587536784, 1.4066837729881684e-05, 0.11722364774901403, 1.0], [0.0, 0.0, 0.0, 0.0], [0.0, 0.0, 0.0, 0.0], [0.0, 0.0, 0.0, 0.0], [0.0, 0.0, 0.0, 0.0], [0.0, 0.0, 0.0, 0.0]]]}