{"Arena": [5.0, 25.0, 0.0, 50.0, 4.0], "Effectors": [[0.048971315960449416, 0.0, 0.048971315960449416, 0.0, 1.0, 0.002, 1.0, 0.0, 0.3333333333333333, 0.09, 0.05, 0.001], [0.029997840766631863, 0.0, 0.029997840766631863, 0.0, 1.0, 0.002, 1.0, 0.0, 0.3333333333333333, 0.09, 0.05, 0.001], [0.031216138385216096, 0.0, 0.031216138385216096, 0.0, 0.0, 1.6666666666666667e-06, 1.0, 4e-05, 0.3333333333333333, 0.0015, 0.5, 0.001], [0.03236347467442296, 0.0, 0.03236347467442296, 0.0, 0.0, 1.6666666666666667e-06, 1.0, 4e-05, 0.3333333333333333, 0.0015, 0.5, 0.001]], "Targets": [[0.08362762311028583, 0.0, 0.47166065006034286, 0.0], [0.09139755137254105, 0.0, 0.3883355371743732, 0.0], [0.09304330043484996, 0.0, 0.39161701512346414, 0.0], [0.07834039963024317, 0.0, 0.6400913862666793, 0.0], [0.09019030215953902, 0.0, 0.5855384873687768, 0.0], [0.07856556611168773, 0.0, 0.39913974204126307, 0.0], [0.07533960086454634, 0.0, 0.44132497660504266, 0.0], [0.054360484714984905, 0.0, 0.6119896804160613, 0.0]], "Opportunities": [[[0.46780524746110735, 0.0, 0.0, 1.0], [0.6188890499511281, 0.0, 0.0, 1.0], [0.4842961180447469, 0.0, 0.0, 1.0], [0.5413742232302085, 0.0, 0.0, 1.0], [0.5951482024493078, 0.0, 0.0, 1.0], [0.48169021167106524, 0.0, 0.0, 1.0], [0.46683857146106195, 0.0, 0.0, 1.0], [0.6751820846317952, 0.0, 0.0, 1.0]], [[0.6007655014427662, 0.0, 0.0, 1.0], [0.6562123646999685, 0.0, 0.0, 1.0], [0.42798434988121103, 0.0, 0.0, 1.0], [0.6488689615435893, 0.0, 0.0, 1.0], [0.47674870880064574, 0.0, 0.0, 1.0], [0.432394572255132, 0.0, 0.0, 1.0], [0.460133333493698, 0.0, 0.0, 1.0], [0.41638567022765416, 0.0, 0.0, 1.0]], [[0.0, 0.0, 0.0, 0.0], [0.0, 0.0, 0.0, 0.0], [0.0, 0.0, 0.0, 0.0], [0.0, 0.0, 0.0, 0.0], [0.0, 0.0, 0.0, 0.0], [0.0, 0.0, 0.0, 0.0], [0.0, 0.0, 0.0, 0.0], [0.0, 0.0, 0.0, 0.0]], [[0.0, 0.0, 0.0, 0.0], [0.0, 0.0, 0.0, 0.0], [0.0, 0.0, 0.0, 0.0], [0.0, 0.0, 0.0, 0.0], [0.0, 0.0, 0.0, 0.0], [0.0, 0.0, 0.0, 0.0], [0.0, 0.0, 0.0, 0.0], [0.0, 0.0, 0.0, 0.0]]]}