{"Arena": [5.0, 25.0, 0.0, 50.0, 4.0], "Effectors": [[0.015750133370183633, 0.0, 0.015750133370183633, 0.0, 1.0, 0.002, 1.0, 0.0, 0.3333333333333333, 0.09, 0.05, 0.001], [0.027265827370057404, 0.0, 0.027265827370057404, 0.0, 1.0, 0.002, 1.0, 0.0, 0.3333333333333333, 0.09, 0.05, 0.001], [0.014842169655315804, 0.0, 0.014842169655315804, 0.0, 1.0, 0.002, 1.0, 0.0, 0.3333333333333333, 0.09, 0.05, 0.001], [0.025498262456975875, 0.0, 0.025498262456975875, 0.0, 1.0, 0.002, 1.0, 0.0, 0.3333333333333333, 0.09, 0.05, 0.001]], "Targets": [[0.09068590907497204, 0.0, 0.5187490611651437, 0.0], [0.07064385094245793, 0.0, 0.35921221314152124, 0.0], [0.06513471252908777, 0.0, 0.5401346367537596, 0.0], [0.05491516694059245, 0.0, 0.4651060449925313, 0.0], [0.09940637348116832, 0.0, 0.4524259772551402, 0.0], [0.05740172068684838, 0.0, 0.4492866335910402, 0.0], [0.08884968022589299, 0.0, 0.4747664509685827, 0.0], [0.07528362085931553, 0.0, 0.5514535591175709, 0.0]], "Opportunities": [[[0.6693502225104282, 0.0, 0.0, 1.0], [0.5489472541714929, 0.0, 0.0, 1.0], [0.5796304004763144, 0.0, 0.0, 1.0], [0.5104788993143563, 0.0, 0.0, 1.0], [0.6774704746088782, 0.0, 0.0, 1.0], [0.5867720869793027, 0.0, 0.0, 1.0], [0.4485430138274501, 0.0, 0.0, 1.0], [0.4832916297505824, 0.0, 0.0, 1.0]], [[0.6875905197108241, 0.0, 0.0, 1.0], [0.6381732908809509, 0.0, 0.0, 1.0], [0.41692879997873494, 0.0, 0.0, 1.0], [0.4057044153404675, 0.0, 0.0, 1.0], [0.6952378434243749, 0.0, 0.0, 1.0], [0.502763541664837, 0.0, 0.0, 1.0], [0.5458445435464746, 0.0, 0.0, 1.0], [0.6450586088460907, 0.0, 0.0, 1.0]], [[0.6610213442670507, 0.0, 0.0, 1.0], [0.44424193307294824, 0.0, 0.0, 1.0], [0.6255798346996876, 0.0, 0.0, 1.0], [0.631079665324125, 0.0, 0.0, 1.0], [0.5132306819640939, 0.0, 0.0, 1.0], [0.6962058268182874, 0.0, 0.0, 1.0], [0.6960382327516332, 0.0, 0.0, 1.0], [0.4297374977648776, 0.0, 0.0, 1.0]], [[0.6586706240809119, 0.0, 0.0, 1.0], [0.5108646953358308, 0.0, 0.0, 1.0], [0.5626975525687176, 0.0, 0.0, 1.0], [0.4934254823283104, 0.0, 0.0, 1.0], [0.6186328551569832, 0.0, 0.0, 1.0], [0.603917791557824, 0.0, 0.0, 1.0], [0.4600232955174017, 0.0, 0.0, 1.0], [0.5273865660700997, 0.0, 0.0, 1.0]]]}