{"Arena": [5.0, 25.0, 0.0, 50.0, 4.0], "Effectors": [[0.01241325910211357, 0.0, 0.01241325910211357, 0.0, 0.0, 1.3333333333333333e-05, 1.0, 0.0005, 0.3333333333333333, 0.001, 0.07692307692307693, 0.001], [0.016182016815217325, 0.0, 0.016182016815217325, 0.0, 0.0, 1.3333333333333333e-05, 1.0, 0.0005, 0.3333333333333333, 0.001, 0.07692307692307693, 0.001], [0.019751092215662035, 0.0, 0.019751092215662035, 0.0, 0.0, 1.3333333333333333e-05, 1.0, 0.0005, 0.3333333333333333, 0.001, 0.07692307692307693, 0.001], [0.03157422154297381, 0.0, 0.03157422154297381, 0.0, 0.0, 1.6666666666666667e-06, 1.0, 4e-05, 0.3333333333333333, 0.0015, 0.5, 0.001]], "Targets": [[0.06001218435544816, 0.0, 0.5352236523748374, 0.0], [0.05521135007447586, 0.0, 0.478492329265416, 0.0], [0.059329361496319136, 0.0, 0.5372144408355313, 0.0], [0.09282206092567422, 0.0, 0.5334007677162832, 0.0], [0.07145054959404304, 0.0, 0.4535603363236634, 0.0], [0.0786033600518912, 0.0, 0.42714135139415393, 0.0], [0.0922868315550616, 0.0, 0.6347554509952837, 0.0], [0.07938498842968848, 0.0, 0.5424687483549981, 0.0]], "Opportunities": [[[0.5181603199293154, 4.659892525333459e-05, 0.0485405471388902, 1.0], [0.4035673864366804, 4.1798090972362295e-05, 0.04353967809621072, 1.0], [0.6518074905790143, 4.591610239420557e-05, 0.047829273327297465, 1.0], [0.6732548175241182, 7.940880182356064e-05, 0.08271750189954233, 1.0], [0.4329807628120131, 5.803729049192947e-05, 0.060455510929093195, 1.0], [0.695306564763051, 6.519010094977762e-05, 0.06790635515601835, 1.0], [0.4570121777220169, 7.887357245294802e-05, 0.08215997130515419, 1.0], [0.4308025549683925, 6.597172932757492e-05, 0.06872055138289054, 1.0]], [[0.658363878139532, 4.2830167540230836e-05, 0.04461475785440712, 1.0], [0.40237308616529827, 3.802933325925854e-05, 0.03961388881172764, 1.0], [0.6207762208801623, 4.214734468110181e-05, 0.04390348404281439, 1.0], [0.6148047620188639, 7.564004411045688e-05, 0.07879171261505925, 1.0], [0.40727282407983806, 5.426853277882571e-05, 0.05652972164461012, 1.0], [0.5399027798361005, 6.142134323667387e-05, 0.06398056587153529, 1.0], [0.4023241475391145, 7.510481473984427e-05, 0.0782341820206711, 1.0], [0.4751307946707792, 6.220297161447117e-05, 0.06479476209840747, 1.0]], [[0.6142776549984749, 3.9261092139786126e-05, 0.04089697097894388, 1.0], [0.45678840835245604, 3.446025785881383e-05, 0.035896101936264406, 1.0], [0.6182825969817838, 3.85782692806571e-05, 0.040185697167351146, 1.0], [0.6167158057682465, 7.207096871001217e-05, 0.07507392573959602, 1.0], [0.49090931737654175, 5.0699457378381e-05, 0.05281193476914688, 1.0], [0.5947727978043269, 5.785226783622916e-05, 0.06026277899607205, 1.0], [0.463385921690134, 7.153573933939956e-05, 0.07451639514520787, 1.0], [0.5094164003290074, 5.8633896214026446e-05, 0.06107697522294422, 1.0]], [[0.0, 0.0, 0.0, 0.0], [0.0, 0.0, 0.0, 0.0], [0.0, 0.0, 0.0, 0.0], [0.0, 0.0, 0.0, 0.0], [0.0, 0.0, 0.0, 0.0], [0.0, 0.0, 0.0, 0.0], [0.0, 0.0, 0.0, 0.0], [0.0, 0.0, 0.0, 0.0]]]}