{"Arena": [5.0, 25.0, 0.0, 50.0, 4.0], "Effectors": [[0.015675926959207206, 0.0, 0.015675926959207206, 0.0, 0.0, 1.3333333333333333e-05, 1.0, 0.0005, 0.3333333333333333, 0.001, 0.07692307692307693, 0.001], [0.011342065786444455, 0.0, 0.011342065786444455, 0.0, 0.0, 1.3333333333333333e-05, 1.0, 0.0005, 0.3333333333333333, 0.001, 0.07692307692307693, 0.001], [0.03915525908275237, 0.0, 0.03915525908275237, 0.0, 0.0, 1.6666666666666667e-06, 1.0, 4e-05, 0.3333333333333333, 0.0015, 0.5, 0.001], [0.04526639202956733, 0.0, 0.04526639202956733, 0.0, 0.0, 1.6666666666666667e-06, 1.0, 4e-05, 0.3333333333333333, 0.0015, 0.5, 0.001]], "Targets": [[0.07284154247542719, 0.0, 0.4301848203011969, 0.0], [0.05973374234256829, 0.0, 0.430058623458636, 0.0], [0.06982166116029967, 0.0, 0.3957487475572551, 0.0], [0.08868945064825158, 0.0, 0.3548844649279906, 0.0], [0.07697698471872635, 0.0, 0.5946207111474107, 0.0], [0.07030876724460311, 0.0, 0.5926006358138027, 0.0], [0.07658625624558925, 0.0, 0.5006655738118896, 0.0], [0.0988996735692382, 0.0, 0.47724830632637416, 0.0]], "Opportunities": [[[0.4377910842033803, 5.6165615516219985e-05, 0.05850584949606249, 1.0], [0.5699247833707751, 4.305781538336109e-05, 0.04485189102433446, 1.0], [0.5264276113579526, 5.314573420109246e-05, 0.05536013979280465, 1.0], [0.5343126886492099, 7.201352368904438e-05, 0.07501408717608789, 1.0], [0.5051024611632646, 6.030105775951915e-05, 0.06281360183283245, 1.0], [0.507581111488393, 5.36328402853959e-05, 0.05586754196395407, 1.0], [0.559543845255198, 5.9910329286382043e-05, 0.06240659300664796, 1.0], [0.695621814281439, 8.2223746610031e-05, 0.08564973605211562, 1.0]], [[0.5939622083657686, 6.049947668898274e-05, 0.06302028821769035, 1.0], [0.6767843914613404, 4.7391676556123835e-05, 0.04936632974596233, 1.0], [0.5694816448684589, 5.7479595373855214e-05, 0.059874578514432515, 1.0], [0.49801359078169105, 7.634738486180713e-05, 0.07952852589771577, 1.0], [0.6350101612427348, 6.46349189322819e-05, 0.06732804055446032, 1.0], [0.6420970859223948, 5.7966701458158655e-05, 0.06038198068558193, 1.0], [0.606153439671952, 6.42441904591448e-05, 0.06692103172827583, 1.0], [0.574050214846641, 8.655760778279376e-05, 0.0901641747737435, 1.0]], [[0.0, 0.0, 0.0, 0.0], [0.4388063336052527, 1.907848325981592e-05, 0.15898736049846598, 1.0], [0.0, 0.0, 0.0, 0.0], [0.0, 0.0, 0.0, 0.0], [0.0, 0.0, 0.0, 0.0], [0.0, 0.0, 0.0, 0.0], [0.0, 0.0, 0.0, 0.0], [0.0, 0.0, 0.0, 0.0]], [[0.0, 0.0, 0.0, 0.0], [0.6394014815308356, 1.2967350313000963e-05, 0.10806125260834136, 1.0], [0.0, 0.0, 0.0, 0.0], [0.0, 0.0, 0.0, 0.0], [0.0, 0.0, 0.0, 0.0], [0.0, 0.0, 0.0, 0.0], [0.0, 0.0, 0.0, 0.0], [0.0, 0.0, 0.0, 0.0]]]}