{"Arena": [5.0, 25.0, 0.0, 50.0, 4.0], "Effectors": [[0.048057722197957856, 0.0, 0.048057722197957856, 0.0, 0.0, 1.3333333333333333e-05, 1.0, 0.0005, 0.3333333333333333, 0.001, 0.07692307692307693, 0.001], [0.01045084721671651, 0.0, 0.01045084721671651, 0.0, 0.0, 1.3333333333333333e-05, 1.0, 0.0005, 0.3333333333333333, 0.001, 0.07692307692307693, 0.001], [0.02942882960535077, 0.0, 0.02942882960535077, 0.0, 0.0, 1.6666666666666667e-06, 1.0, 4e-05, 0.3333333333333333, 0.0015, 0.5, 0.001], [0.027648369703325643, 0.0, 0.027648369703325643, 0.0, 0.0, 1.6666666666666667e-06, 1.0, 4e-05, 0.3333333333333333, 0.0015, 0.5, 0.001]], "Targets": [[0.08533415369947665, 0.0, 0.5345536580511401, 0.0], [0.0929444193002686, 0.0, 0.4613260776964974, 0.0], [0.06950315821838227, 0.0, 0.4423375187466855, 0.0], [0.05959394270480035, 0.0, 0.6250191547448587, 0.0], [0.05480973441255683, 0.0, 0.6147742520956934, 0.0], [0.09447234540436535, 0.0, 0.5647127165639749, 0.0], [0.07561047247465466, 0.0, 0.5659527784308045, 0.0], [0.08673548360844134, 0.0, 0.379729540303186, 0.0]], "Opportunities": [[[0.4931257295236774, 3.62764315015188e-05, 0.03778794948074875, 1.0], [0.4337804131643819, 4.3886697102310744e-05, 0.04571530948157369, 1.0], [0.45758477120961244, 2.044543602042441e-05, 0.021297329187942093, 1.0], [0.42131673216631965, 1.053622050684249e-05, 0.010975229694627595, 1.0], [0.5542233691593687, 5.752012214598972e-06, 0.005991679390207263, 1.0], [0.44676485027994156, 4.541462320640749e-05, 0.04730689917334114, 1.0], [0.44704213516982694, 2.6552750276696805e-05, 0.02765911487155917, 1.0], [0.6689892123996309, 3.767776141048348e-05, 0.039247668135920295, 1.0]], [[0.627496313703939, 7.388330648276015e-05, 0.0769617775862085, 1.0], [0.5958305780216081, 8.14935720835521e-05, 0.08488913758703344, 1.0], [0.508972063505551, 5.805231100166575e-05, 0.06047115729340183, 1.0], [0.4526022560483905, 4.814309548808383e-05, 0.05014905780008733, 1.0], [0.4509354445335844, 4.335888719584031e-05, 0.045165507495666994, 1.0], [0.47754277526812505, 8.302149818764884e-05, 0.08648072727880088, 1.0], [0.581379823855567, 6.415962525793815e-05, 0.06683294297701892, 1.0], [0.49585405761458656, 7.528463639172483e-05, 0.07842149624138003, 1.0]], [[0.0, 0.0, 0.0, 0.0], [0.0, 0.0, 0.0, 0.0], [0.0, 0.0, 0.0, 0.0], [0.0, 0.0, 0.0, 0.0], [0.0, 0.0, 0.0, 0.0], [0.0, 0.0, 0.0, 0.0], [0.0, 0.0, 0.0, 0.0], [0.0, 0.0, 0.0, 0.0]], [[0.0, 0.0, 0.0, 0.0], [0.0, 0.0, 0.0, 0.0], [0.0, 0.0, 0.0, 0.0], [0.0, 0.0, 0.0, 0.0], [0.0, 0.0, 0.0, 0.0], [0.0, 0.0, 0.0, 0.0], [0.0, 0.0, 0.0, 0.0], [0.0, 0.0, 0.0, 0.0]]]}