{"Arena": [5.0, 25.0, 0.0, 50.0, 4.0], "Effectors": [[0.015808738365593482, 0.0, 0.015808738365593482, 0.0, 1.0, 0.002, 1.0, 0.0, 0.3333333333333333, 0.09, 0.05, 0.001], [0.015241303832755118, 0.0, 0.015241303832755118, 0.0, 0.0, 1.6666666666666667e-06, 1.0, 4e-05, 0.3333333333333333, 0.0015, 0.5, 0.001], [0.03920244911084822, 0.0, 0.03920244911084822, 0.0, 0.0, 1.6666666666666667e-06, 1.0, 4e-05, 0.3333333333333333, 0.0015, 0.5, 0.001], [0.027682693298673115, 0.0, 0.027682693298673115, 0.0, 0.0, 1.6666666666666667e-06, 1.0, 4e-05, 0.3333333333333333, 0.0015, 0.5, 0.001]], "Targets": [[0.06592101936652542, 0.0, 0.4180904776328192, 0.0], [0.09164924898231595, 0.0, 0.48652679070912114, 0.0], [0.0504927160945768, 0.0, 0.6308679629998507, 0.0], [0.06454643922817227, 0.0, 0.3812600591418271, 0.0], [0.0854385921107687, 0.0, 0.5075834746477333, 0.0], [0.058204047242822306, 0.0, 0.6289545932916161, 0.0], [0.08523537756074183, 0.0, 0.6195826074980313, 0.0], [0.07917119528100434, 0.0, 0.4780843836905829, 0.0]], "Opportunities": [[[0.4199772518753674, 0.0, 0.0, 1.0], [0.6889393311867269, 0.0, 0.0, 1.0], [0.6473977771640478, 0.0, 0.0, 1.0], [0.4723059417149801, 0.0, 0.0, 1.0], [0.5707334541833857, 0.0, 0.0, 1.0], [0.610279873440608, 0.0, 0.0, 1.0], [0.5728252885799343, 0.0, 0.0, 1.0], [0.6951558423257458, 0.0, 0.0, 1.0]], [[0.0, 0.0, 0.0, 0.0], [0.0, 0.0, 0.0, 0.0], [0.0, 0.0, 0.0, 0.0], [0.0, 0.0, 0.0, 0.0], [0.0, 0.0, 0.0, 0.0], [0.0, 0.0, 0.0, 0.0], [0.0, 0.0, 0.0, 0.0], [0.0, 0.0, 0.0, 0.0]], [[0.0, 0.0, 0.0, 0.0], [0.0, 0.0, 0.0, 0.0], [0.6030342729145356, 9.790266983728578e-06, 0.08158555819773816, 1.0], [0.0, 0.0, 0.0, 0.0], [0.0, 0.0, 0.0, 0.0], [0.47208281561705323, 1.7501598131974086e-05, 0.14584665109978404, 1.0], [0.0, 0.0, 0.0, 0.0], [0.0, 0.0, 0.0, 0.0]], [[0.0, 0.0, 0.0, 0.0], [0.0, 0.0, 0.0, 0.0], [0.0, 0.0, 0.0, 0.0], [0.0, 0.0, 0.0, 0.0], [0.0, 0.0, 0.0, 0.0], [0.0, 0.0, 0.0, 0.0], [0.0, 0.0, 0.0, 0.0], [0.0, 0.0, 0.0, 0.0]]]}