{"Arena": [5.0, 25.0, 0.0, 50.0, 4.0], "Effectors": [[0.03455057006589188, 0.0, 0.03455057006589188, 0.0, 0.0, 1.3333333333333333e-05, 1.0, 0.0005, 0.3333333333333333, 0.001, 0.07692307692307693, 0.001], [0.045324641549794285, 0.0, 0.045324641549794285, 0.0, 0.0, 1.6666666666666667e-06, 1.0, 4e-05, 0.3333333333333333, 0.0015, 0.5, 0.001], [0.016513458144950453, 0.0, 0.016513458144950453, 0.0, 0.0, 1.6666666666666667e-06, 1.0, 4e-05, 0.3333333333333333, 0.0015, 0.5, 0.001], [0.046123308030733313, 0.0, 0.046123308030733313, 0.0, 0.0, 1.6666666666666667e-06, 1.0, 4e-05, 0.3333333333333333, 0.0015, 0.5, 0.001]], "Targets": [[0.0551064651250315, 0.0, 0.41478458352124054, 0.0], [0.09914890621806664, 0.0, 0.41262975076289976, 0.0], [0.08880975713573573, 0.0, 0.5173688555047267, 0.0], [0.07035176871315134, 0.0, 0.5941851950302988, 0.0], [0.08745270871351954, 0.0, 0.5852206646346086, 0.0], [0.06684023268517875, 0.0, 0.5238637660532599, 0.0], [0.09090803984512641, 0.0, 0.51081590955477, 0.0], [0.07363418342004362, 0.0, 0.5285855698759829, 0.0]], "Opportunities": [[[0.4455017064180983, 1.955589505913962e-05, 0.020370724019937104, 1.0], [0.48225394061651305, 6.359833615217476e-05, 0.06624826682518205, 1.0], [0.48160181932391805, 5.3259187069843854e-05, 0.05547831986442068, 1.0], [0.6194839812933078, 3.4801198647259464e-05, 0.03625124859089527, 1.0], [0.5636842569926553, 5.190213864762766e-05, 0.054064727757945484, 1.0], [0.4282240604259671, 3.128966261928687e-05, 0.03259339856175716, 1.0], [0.4983782323216518, 5.5357469779234535e-05, 0.05766403102003597, 1.0], [0.4119650191947433, 3.808361335415174e-05, 0.03967043057724139, 1.0]], [[0.5272660984135231, 8.281823575237214e-06, 0.06901519646031012, 1.0], [0.0, 0.0, 0.0, 0.0], [0.0, 0.0, 0.0, 0.0], [0.0, 0.0, 0.0, 0.0], [0.0, 0.0, 0.0, 0.0], [0.0, 0.0, 0.0, 0.0], [0.0, 0.0, 0.0, 0.0], [0.0, 0.0, 0.0, 0.0]], [[0.0, 0.0, 0.0, 0.0], [0.0, 0.0, 0.0, 0.0], [0.0, 0.0, 0.0, 0.0], [0.0, 0.0, 0.0, 0.0], [0.0, 0.0, 0.0, 0.0], [0.0, 0.0, 0.0, 0.0], [0.0, 0.0, 0.0, 0.0], [0.0, 0.0, 0.0, 0.0]], [[0.6308588259593434, 7.483157094298186e-06, 0.06235964245248489, 1.0], [0.0, 0.0, 0.0, 0.0], [0.0, 0.0, 0.0, 0.0], [0.0, 0.0, 0.0, 0.0], [0.0, 0.0, 0.0, 0.0], [0.6985762594739193, 1.9216924654445432e-05, 0.16014103878704528, 1.0], [0.0, 0.0, 0.0, 0.0], [0.0, 0.0, 0.0, 0.0]]]}