{"Arena": [5.0, 25.0, 0.0, 50.0, 4.0], "Effectors": [[0.022936873912024112, 0.0, 0.022936873912024112, 0.0, 1.0, 0.002, 1.0, 0.0, 0.3333333333333333, 0.09, 0.05, 0.001], [0.03591977078784745, 0.0, 0.03591977078784745, 0.0, 0.0, 1.3333333333333333e-05, 1.0, 0.0005, 0.3333333333333333, 0.001, 0.07692307692307693, 0.001], [0.03924220486222083, 0.0, 0.03924220486222083, 0.0, 0.0, 1.3333333333333333e-05, 1.0, 0.0005, 0.3333333333333333, 0.001, 0.07692307692307693, 0.001], [0.018215980415785184, 0.0, 0.018215980415785184, 0.0, 0.0, 1.6666666666666667e-06, 1.0, 4e-05, 0.3333333333333333, 0.0015, 0.5, 0.001]], "Targets": [[0.0717171306898798, 0.0, 0.5823789626190762, 0.0], [0.06196968121031627, 0.0, 0.365326804424991, 0.0], [0.05491308425177424, 0.0, 0.5475643785243257, 0.0], [0.07462469195951443, 0.0, 0.46062211592604474, 0.0], [0.05351788044517172, 0.0, 0.3814120471533778, 0.0], [0.05010027857378658, 0.0, 0.5118505881751131, 0.0], [0.059829486315914227, 0.0, 0.36345262778254067, 0.0], [0.0718953838076751, 0.0, 0.6033615865778759, 0.0]], "Opportunities": [[[0.686541213168659, 0.0, 0.0, 1.0], [0.5628326966488127, 0.0, 0.0, 1.0], [0.6019908700741353, 0.0, 0.0, 1.0], [0.6853538377155547, 0.0, 0.0, 1.0], [0.45128392997403055, 0.0, 0.0, 1.0], [0.4714438462975597, 0.0, 0.0, 1.0], [0.5867559789436069, 0.0, 0.0, 1.0], [0.6363761741788024, 0.0, 0.0, 1.0]], [[0.694888168599129, 3.479735990203234e-05, 0.03624724989795036, 1.0], [0.5091541477518774, 2.504991042246882e-05, 0.026093656690071687, 1.0], [0.6964375872521498, 1.799331346392679e-05, 0.018743034858257072, 1.0], [0.5162253296115354, 3.7704921171666985e-05, 0.039275959553819774, 1.0], [0.5806082257157223, 1.6598109657324273e-05, 0.017289697559712783, 1.0], [0.6966196334660192, 1.3180507785939128e-05, 0.013729695610353258, 1.0], [0.6754591586471502, 2.2909715528066776e-05, 0.02386428700840289, 1.0], [0.552029319735212, 3.497561301982765e-05, 0.03643293022898714, 1.0]], [[0.5120266095167874, 3.147492582765897e-05, 0.032786381070478085, 1.0], [0.5082868941099686, 2.1727476348095436e-05, 0.022632787862599413, 1.0], [0.5152644594659569, 1.4670879389553408e-05, 0.0152821660307848, 1.0], [0.4322952934168146, 3.43824870972936e-05, 0.035815090726347504, 1.0], [0.6461364886671943, 1.327567558295089e-05, 0.013828828732240511, 1.0], [0.5215961669434237, 9.858073711565746e-06, 0.010268826782880986, 1.0], [0.47295983398897057, 1.9587281453693394e-05, 0.020403418180930617, 1.0], [0.5679471849515842, 3.165317894545427e-05, 0.03297206140151486, 1.0]], [[0.0, 0.0, 0.0, 0.0], [0.0, 0.0, 0.0, 0.0], [0.0, 0.0, 0.0, 0.0], [0.0, 0.0, 0.0, 0.0], [0.0, 0.0, 0.0, 0.0], [0.0, 0.0, 0.0, 0.0], [0.0, 0.0, 0.0, 0.0], [0.0, 0.0, 0.0, 0.0]]]}