{"Arena": [5.0, 25.0, 0.0, 50.0, 4.0], "Effectors": [[0.03487614163217952, 0.0, 0.03487614163217952, 0.0, 0.0, 1.3333333333333333e-05, 1.0, 0.0005, 0.3333333333333333, 0.001, 0.07692307692307693, 0.001], [0.02854438829522011, 0.0, 0.02854438829522011, 0.0, 0.0, 1.3333333333333333e-05, 1.0, 0.0005, 0.3333333333333333, 0.001, 0.07692307692307693, 0.001], [0.022722974860991448, 0.0, 0.022722974860991448, 0.0, 0.0, 1.6666666666666667e-06, 1.0, 4e-05, 0.3333333333333333, 0.0015, 0.5, 0.001], [0.03634486063284879, 0.0, 0.03634486063284879, 0.0, 0.0, 1.6666666666666667e-06, 1.0, 4e-05, 0.3333333333333333, 0.0015, 0.5, 0.001]], "Targets": [[0.0915025756743378, 0.0, 0.5997652432862399, 0.0], [0.05716099106030933, 0.0, 0.5886308161240367, 0.0], [0.07447326828029235, 0.0, 0.6170440581858552, 0.0], [0.06183706982901493, 0.0, 0.4208768942323211, 0.0], [0.06463349306170589, 0.0, 0.44622361830659457, 0.0], [0.0842784199488458, 0.0, 0.48183514233905606, 0.0], [0.056418389349071583, 0.0, 0.41953239482671145, 0.0], [0.060291141289609496, 0.0, 0.3810693598290665, 0.0]], "Opportunities": [[[0.6916160239495139, 5.562643404215827e-05, 0.057944202127248205, 1.0], [0.6224285411795907, 2.1284849428129805e-05, 0.02217171815430188, 1.0], [0.5631569853976379, 3.859712664811283e-05, 0.040205340258450864, 1.0], [0.5300955052760973, 2.5960928196835404e-05, 0.027042633538370213, 1.0], [0.5398481769418892, 2.875735142952637e-05, 0.029955574405756632, 1.0], [0.5367507994644783, 4.840227831666628e-05, 0.05041903991319404, 1.0], [0.515435585675442, 2.054224771689206e-05, 0.021398174705095897, 1.0], [0.6285235288599613, 2.441499965742997e-05, 0.02543229130982289, 1.0]], [[0.5955457922544976, 6.195818737911768e-05, 0.06453977851991426, 1.0], [0.5736424290802439, 2.761660276508922e-05, 0.028767294546967935, 1.0], [0.689314815702532, 4.4928879985072245e-05, 0.04680091665111692, 1.0], [0.4088023244401908, 3.2292681533794815e-05, 0.03363820993103627, 1.0], [0.6150617847653461, 3.508910476648578e-05, 0.03655115079842269, 1.0], [0.5052465645408568, 5.473403165362569e-05, 0.0570146163058601, 1.0], [0.4107315440111938, 2.6874001053851475e-05, 0.027993751097761952, 1.0], [0.6757307349561761, 3.074675299438939e-05, 0.032027867702488944, 1.0]], [[0.0, 0.0, 0.0, 0.0], [0.0, 0.0, 0.0, 0.0], [0.0, 0.0, 0.0, 0.0], [0.0, 0.0, 0.0, 0.0], [0.0, 0.0, 0.0, 0.0], [0.0, 0.0, 0.0, 0.0], [0.0, 0.0, 0.0, 0.0], [0.0, 0.0, 0.0, 0.0]], [[0.0, 0.0, 0.0, 0.0], [0.4423831527379584, 1.9316130427460542e-05, 0.16096775356217116, 1.0], [0.0, 0.0, 0.0, 0.0], [0.0, 0.0, 0.0, 0.0], [0.0, 0.0, 0.0, 0.0], [0.0, 0.0, 0.0, 0.0], [0.6041950338045219, 1.8573528716222794e-05, 0.1547794059685233, 1.0], [0.0, 0.0, 0.0, 0.0]]]}