{"Arena": [5.0, 25.0, 0.0, 50.0, 4.0], "Effectors": [[0.017067762519683505, 0.0, 0.017067762519683505, 0.0, 1.0, 0.002, 1.0, 0.0, 0.3333333333333333, 0.09, 0.05, 0.001], [0.035887610545625816, 0.0, 0.035887610545625816, 0.0, 1.0, 0.002, 1.0, 0.0, 0.3333333333333333, 0.09, 0.05, 0.001], [0.03157699758648417, 0.0, 0.03157699758648417, 0.0, 1.0, 0.002, 1.0, 0.0, 0.3333333333333333, 0.09, 0.05, 0.001], [0.036798209301550484, 0.0, 0.036798209301550484, 0.0, 0.0, 1.3333333333333333e-05, 1.0, 0.0005, 0.3333333333333333, 0.001, 0.07692307692307693, 0.001]], "Targets": [[0.08310541412797272, 0.0, 0.6142208671238714, 0.0], [0.0638063614663653, 0.0, 0.4576224952040125, 0.0], [0.08427772104977485, 0.0, 0.43647365258769694, 0.0], [0.06117744320279072, 0.0, 0.4979906425054397, 0.0], [0.09361374476098189, 0.0, 0.46036272901998637, 0.0], [0.0853094187587323, 0.0, 0.6248921414047359, 0.0], [0.08531882496035177, 0.0, 0.5425439969283321, 0.0], [0.07320091007668172, 0.0, 0.569042897915923, 0.0]], "Opportunities": [[[0.4182317822105343, 0.0, 0.0, 1.0], [0.6178481762833677, 0.0, 0.0, 1.0], [0.5483110844522301, 0.0, 0.0, 1.0], [0.6330341493733034, 0.0, 0.0, 1.0], [0.5721154397848354, 0.0, 0.0, 1.0], [0.6335779350990224, 0.0, 0.0, 1.0], [0.4085277557445939, 0.0, 0.0, 1.0], [0.5050310362983634, 0.0, 0.0, 1.0]], [[0.5841694708199173, 0.0, 0.0, 1.0], [0.6218996239368768, 0.0, 0.0, 1.0], [0.5619905502659255, 0.0, 0.0, 1.0], [0.4252589213723373, 0.0, 0.0, 1.0], [0.4734703507199256, 0.0, 0.0, 1.0], [0.6761303579212328, 0.0, 0.0, 1.0], [0.4762947330544971, 0.0, 0.0, 1.0], [0.5248870260890967, 0.0, 0.0, 1.0]], [[0.6079869507938491, 0.0, 0.0, 1.0], [0.5333748813468043, 0.0, 0.0, 1.0], [0.6083991209063574, 0.0, 0.0, 1.0], [0.5535640371337522, 0.0, 0.0, 1.0], [0.41021002192771183, 0.0, 0.0, 1.0], [0.5943645159554902, 0.0, 0.0, 1.0], [0.6418055014804182, 0.0, 0.0, 1.0], [0.5045298040435375, 0.0, 0.0, 1.0]], [[0.6234106028217645, 4.530720482642223e-05, 0.04719500502752316, 1.0], [0.4514557516183533, 2.6008152164814815e-05, 0.0270918251716821, 1.0], [0.47814445865785593, 4.647951174822437e-05, 0.04841615807106705, 1.0], [0.609462829209251, 2.3379233901240235e-05, 0.024353368647125246, 1.0], [0.4993024791370436, 5.5815535459431406e-05, 0.058141182770241044, 1.0], [0.5163982058133607, 4.751120945718181e-05, 0.04949084318456439, 1.0], [0.5442865047815599, 4.752061565880129e-05, 0.04950064131125134, 1.0], [0.5002241993328777, 3.540270077513124e-05, 0.03687781330742838, 1.0]]]}