{"Arena": [5.0, 25.0, 0.0, 50.0, 4.0], "Effectors": [[0.03669583772797462, 0.0, 0.03669583772797462, 0.0, 1.0, 0.002, 1.0, 0.0, 0.3333333333333333, 0.09, 0.05, 0.001], [0.021282447709839333, 0.0, 0.021282447709839333, 0.0, 1.0, 0.002, 1.0, 0.0, 0.3333333333333333, 0.09, 0.05, 0.001], [0.03155394677359754, 0.0, 0.03155394677359754, 0.0, 1.0, 0.002, 1.0, 0.0, 0.3333333333333333, 0.09, 0.05, 0.001], [0.013215007003634045, 0.0, 0.013215007003634045, 0.0, 0.0, 1.3333333333333333e-05, 1.0, 0.0005, 0.3333333333333333, 0.001, 0.07692307692307693, 0.001]], "Targets": [[0.07100590925259978, 0.0, 0.5513955557766587, 0.0], [0.06568574638458181, 0.0, 0.4679278109957431, 0.0], [0.09467403532429217, 0.0, 0.5479693501176066, 0.0], [0.07574981064531508, 0.0, 0.5418517218808295, 0.0], [0.0982971711935588, 0.0, 0.5477757205137285, 0.0], [0.09961795131338488, 0.0, 0.5881417670460295, 0.0], [0.08856313483417962, 0.0, 0.49017915065118134, 0.0], [0.07283618582977189, 0.0, 0.4733845520084752, 0.0]], "Opportunities": [[[0.6683066114993605, 0.0, 0.0, 1.0], [0.5676366858967942, 0.0, 0.0, 1.0], [0.419009804139889, 0.0, 0.0, 1.0], [0.5530928190458582, 0.0, 0.0, 1.0], [0.5533532870666924, 0.0, 0.0, 1.0], [0.4878928118413434, 0.0, 0.0, 1.0], [0.6070312370745565, 0.0, 0.0, 1.0], [0.6040445245117959, 0.0, 0.0, 1.0]], [[0.533784554867927, 0.0, 0.0, 1.0], [0.48913458535581633, 0.0, 0.0, 1.0], [0.6994676146693637, 0.0, 0.0, 1.0], [0.5848075264374009, 0.0, 0.0, 1.0], [0.4272626481937356, 0.0, 0.0, 1.0], [0.5720491253845337, 0.0, 0.0, 1.0], [0.5794577233221277, 0.0, 0.0, 1.0], [0.5791383889440525, 0.0, 0.0, 1.0]], [[0.43850901444789514, 0.0, 0.0, 1.0], [0.6503692625332235, 0.0, 0.0, 1.0], [0.6468043453794201, 0.0, 0.0, 1.0], [0.5340957302804752, 0.0, 0.0, 1.0], [0.463620113995908, 0.0, 0.0, 1.0], [0.41322425394256973, 0.0, 0.0, 1.0], [0.6344699557870728, 0.0, 0.0, 1.0], [0.6386024646638574, 0.0, 0.0, 1.0]], [[0.5863018628350896, 5.6790902248965735e-05, 0.05915718984267264, 1.0], [0.6475726890133364, 5.147073938094777e-05, 0.05361535352182059, 1.0], [0.4214042399970314, 8.045902832065813e-05, 0.08381148783401889, 1.0], [0.6189135154411409, 6.153480364168104e-05, 0.06409875379341776, 1.0], [0.4899834986730305, 8.408216418992476e-05, 0.0875855876978383, 1.0], [0.49357993599276384, 8.540294430975084e-05, 0.08896140032265713, 1.0], [0.4031089190513248, 7.434812783054556e-05, 0.07744596649015163, 1.0], [0.47182563045552406, 5.8621178826137844e-05, 0.061063727943893586, 1.0]]]}