{"Arena": [5.0, 25.0, 0.0, 50.0, 4.0], "Effectors": [[0.038704837980945365, 0.0, 0.038704837980945365, 0.0, 1.0, 0.002, 1.0, 0.0, 0.3333333333333333, 0.09, 0.05, 0.001], [0.046880316586515904, 0.0, 0.046880316586515904, 0.0, 1.0, 0.002, 1.0, 0.0, 0.3333333333333333, 0.09, 0.05, 0.001], [0.014097685031911947, 0.0, 0.014097685031911947, 0.0, 0.0, 1.3333333333333333e-05, 1.0, 0.0005, 0.3333333333333333, 0.001, 0.07692307692307693, 0.001], [0.021536565008484297, 0.0, 0.021536565008484297, 0.0, 0.0, 1.3333333333333333e-05, 1.0, 0.0005, 0.3333333333333333, 0.001, 0.07692307692307693, 0.001]], "Targets": [[0.05931128169017405, 0.0, 0.48466309553303677, 0.0], [0.08804172445412804, 0.0, 0.5784876306196393, 0.0], [0.0921525938477269, 0.0, 0.6398925419206345, 0.0], [0.06838027098579874, 0.0, 0.4630452831908258, 0.0], [0.09285806231147746, 0.0, 0.5315104623447553, 0.0], [0.08818922020047047, 0.0, 0.41512176538439344, 0.0], [0.06967508561962686, 0.0, 0.5436124475824603, 0.0], [0.08237526197193958, 0.0, 0.5859828338396166, 0.0]], "Opportunities": [[[0.5060505641847629, 0.0, 0.0, 1.0], [0.41666314155294776, 0.0, 0.0, 1.0], [0.6443085864843557, 0.0, 0.0, 1.0], [0.531436714300918, 0.0, 0.0, 1.0], [0.5889505994366573, 0.0, 0.0, 1.0], [0.6740682921824672, 0.0, 0.0, 1.0], [0.5872635376104575, 0.0, 0.0, 1.0], [0.43458562199861306, 0.0, 0.0, 1.0]], [[0.5912533195526296, 0.0, 0.0, 1.0], [0.43770989017583206, 0.0, 0.0, 1.0], [0.5026876452635597, 0.0, 0.0, 1.0], [0.4402501496065143, 0.0, 0.0, 1.0], [0.4113518846424165, 0.0, 0.0, 1.0], [0.48180605652485115, 0.0, 0.0, 1.0], [0.4743662848287408, 0.0, 0.0, 1.0], [0.6478608933893588, 0.0, 0.0, 1.0]], [[0.6683207821497728, 4.421359665826211e-05, 0.04605582985235636, 1.0], [0.5967481718205554, 7.29440394222161e-05, 0.07598337439814178, 1.0], [0.4192814991306291, 7.705490881581495e-05, 0.08026553001647391, 1.0], [0.6335331598931858, 5.32825859538868e-05, 0.055502693701965415, 1.0], [0.6373911532922025, 7.776037727956551e-05, 0.08100039299954742, 1.0], [0.5690114772780126, 7.309153516855853e-05, 0.0761370158005818, 1.0], [0.5335140986909128, 5.457740058771492e-05, 0.05685145894553637, 1.0], [0.482180178490042, 6.727757694002763e-05, 0.07008080931252879, 1.0]], [[0.5139587218143934, 3.6774716681689754e-05, 0.03830699654342683, 1.0], [0.6484387601038162, 6.550515944564376e-05, 0.06823454108921224, 1.0], [0.6767289366897287, 6.961602883924259e-05, 0.07251669670754436, 1.0], [0.5317296900808085, 4.5843705977314444e-05, 0.04775386039303588, 1.0], [0.5641906053114079, 7.032149730299317e-05, 0.07325155969061789, 1.0], [0.4147075260780158, 6.565265519198618e-05, 0.06838818249165228, 1.0], [0.61392403266377, 4.713852061114256e-05, 0.04910262563660684, 1.0], [0.6959394816578162, 5.983869696345528e-05, 0.06233197600359925, 1.0]]]}