{"Arena": [5.0, 25.0, 0.0, 50.0, 4.0], "Effectors": [[0.035961085296090406, 0.0, 0.035961085296090406, 0.0, 0.0, 1.3333333333333333e-05, 1.0, 0.0005, 0.3333333333333333, 0.001, 0.07692307692307693, 0.001], [0.027150464200225512, 0.0, 0.027150464200225512, 0.0, 0.0, 1.6666666666666667e-06, 1.0, 4e-05, 0.3333333333333333, 0.0015, 0.5, 0.001], [0.016274565597166907, 0.0, 0.016274565597166907, 0.0, 0.0, 1.6666666666666667e-06, 1.0, 4e-05, 0.3333333333333333, 0.0015, 0.5, 0.001], [0.035726505841718985, 0.0, 0.035726505841718985, 0.0, 0.0, 1.6666666666666667e-06, 1.0, 4e-05, 0.3333333333333333, 0.0015, 0.5, 0.001]], "Targets": [[0.07775914815798667, 0.0, 0.4089838629177185, 0.0], [0.0820244048203133, 0.0, 0.4149991207203608, 0.0], [0.05980165218408343, 0.0, 0.3613110876095258, 0.0], [0.06148914773032989, 0.0, 0.36998398348239314, 0.0], [0.07663260575497037, 0.0, 0.6418178555405185, 0.0], [0.056068976763539065, 0.0, 0.4853974728453479, 0.0], [0.09340652652210002, 0.0, 0.5764554353015161, 0.0], [0.080865268787837, 0.0, 0.44641037767811437, 0.0]], "Opportunities": [[[0.5238732033680883, 4.079806286189626e-05, 0.0424979821478086, 1.0], [0.4832655426152799, 4.5063319524222895e-05, 0.04694095783773218, 1.0], [0.46739812371663025, 2.2840566887993028e-05, 0.023792257174992736, 1.0], [0.4679184327900049, 2.4528062434239483e-05, 0.025550065035666127, 1.0], [0.5388327018605997, 3.9671520458879966e-05, 0.041324500477999966, 1.0], [0.4468085835247333, 1.910789146744866e-05, 0.019904053611925685, 1.0], [0.5385016433332293, 5.644544122600961e-05, 0.05879733461042668, 1.0], [0.4774714153149339, 4.390418349174659e-05, 0.045733524470569366, 1.0]], [[0.0, 0.0, 0.0, 0.0], [0.0, 0.0, 0.0, 0.0], [0.0, 0.0, 0.0, 0.0], [0.0, 0.0, 0.0, 0.0], [0.0, 0.0, 0.0, 0.0], [0.0, 0.0, 0.0, 0.0], [0.0, 0.0, 0.0, 0.0], [0.0, 0.0, 0.0, 0.0]], [[0.0, 0.0, 0.0, 0.0], [0.0, 0.0, 0.0, 0.0], [0.0, 0.0, 0.0, 0.0], [0.0, 0.0, 0.0, 0.0], [0.0, 0.0, 0.0, 0.0], [0.0, 0.0, 0.0, 0.0], [0.0, 0.0, 0.0, 0.0], [0.0, 0.0, 0.0, 0.0]], [[0.0, 0.0, 0.0, 0.0], [0.0, 0.0, 0.0, 0.0], [0.0, 0.0, 0.0, 0.0], [0.0, 0.0, 0.0, 0.0], [0.0, 0.0, 0.0, 0.0], [0.5880807252279333, 1.884247092182008e-05, 0.15702059101516733, 1.0], [0.0, 0.0, 0.0, 0.0], [0.0, 0.0, 0.0, 0.0]]]}