{"Arena": [5.0, 25.0, 0.0, 50.0, 4.0], "Effectors": [[0.02651673648106467, 0.0, 0.02651673648106467, 0.0, 1.0, 0.002, 1.0, 0.0, 0.3333333333333333, 0.09, 0.05, 0.001], [0.013882488879914355, 0.0, 0.013882488879914355, 0.0, 0.0, 1.3333333333333333e-05, 1.0, 0.0005, 0.3333333333333333, 0.001, 0.07692307692307693, 0.001], [0.03342665897901784, 0.0, 0.03342665897901784, 0.0, 0.0, 1.3333333333333333e-05, 1.0, 0.0005, 0.3333333333333333, 0.001, 0.07692307692307693, 0.001], [0.04030632217649218, 0.0, 0.04030632217649218, 0.0, 0.0, 1.6666666666666667e-06, 1.0, 4e-05, 0.3333333333333333, 0.0015, 0.5, 0.001]], "Targets": [[0.09078503859533708, 0.0, 0.4399465969607974, 0.0], [0.06173327306689224, 0.0, 0.48370960949271047, 0.0], [0.06265260794324902, 0.0, 0.5044297320419528, 0.0], [0.09900297136527723, 0.0, 0.37700348937312406, 0.0], [0.07380239438309848, 0.0, 0.44553616135438284, 0.0], [0.0766413777581635, 0.0, 0.46609503976179983, 0.0], [0.059495054285521494, 0.0, 0.642762844081026, 0.0], [0.08764704853970713, 0.0, 0.5350497486843004, 0.0]], "Opportunities": [[[0.578984849724635, 0.0, 0.0, 1.0], [0.6738744720796497, 0.0, 0.0, 1.0], [0.6171100566297153, 0.0, 0.0, 1.0], [0.6800544446165799, 0.0, 0.0, 1.0], [0.46055133345183824, 0.0, 0.0, 1.0], [0.43373762563363477, 0.0, 0.0, 1.0], [0.49354385738024487, 0.0, 0.0, 1.0], [0.4907470468694387, 0.0, 0.0, 1.0]], [[0.5762915765493258, 7.590254971542274e-05, 0.07906515595356535, 1.0], [0.4275959092135016, 4.6850784186977886e-05, 0.04880290019476863, 1.0], [0.6501948776226056, 4.777011906333466e-05, 0.04976054069097361, 1.0], [0.4048209235821454, 8.412048248536289e-05, 0.08762550258891967, 1.0], [0.5930802479667135, 5.891990550318412e-05, 0.06137490156581679, 1.0], [0.4255989043348023, 6.175888887824915e-05, 0.06433217591484287, 1.0], [0.6346509153818377, 4.461256540560714e-05, 0.046471422297507434, 1.0], [0.6673042118057749, 7.276455965979279e-05, 0.07579641631228415, 1.0]], [[0.45999127390898165, 5.6358379616319246e-05, 0.05870664543366588, 1.0], [0.63699933056882, 2.7306614087874402e-05, 0.02844438967486917, 1.0], [0.6147393400686979, 2.8225948964231182e-05, 0.029402030171074147, 1.0], [0.6596914460125577, 6.45763123862594e-05, 0.0672669920690202, 1.0], [0.5462638740814718, 3.937573540408064e-05, 0.04101639104591733, 1.0], [0.40180631774045084, 4.2214718779145666e-05, 0.0439736653949434, 1.0], [0.563718143352389, 2.5068395306503658e-05, 0.026112911777607977, 1.0], [0.5413573887842252, 5.322038956068929e-05, 0.05543790579238468, 1.0]], [[0.0, 0.0, 0.0, 0.0], [0.4215465620644888, 1.992695089040006e-05, 0.16605792408666717, 1.0], [0.0, 0.0, 0.0, 0.0], [0.0, 0.0, 0.0, 0.0], [0.0, 0.0, 0.0, 0.0], [0.0, 0.0, 0.0, 0.0], [0.6076192628828708, 1.768873210902931e-05, 0.14740610090857761, 1.0], [0.0, 0.0, 0.0, 0.0]]]}