{"Arena": [5.0, 25.0, 0.0, 50.0, 4.0], "Effectors": [[0.025473306579082738, 0.0, 0.025473306579082738, 0.0, 1.0, 0.002, 1.0, 0.0, 0.3333333333333333, 0.09, 0.05, 0.001], [0.026774643097385052, 0.0, 0.026774643097385052, 0.0, 0.0, 1.3333333333333333e-05, 1.0, 0.0005, 0.3333333333333333, 0.001, 0.07692307692307693, 0.001], [0.02301334651562545, 0.0, 0.02301334651562545, 0.0, 0.0, 1.3333333333333333e-05, 1.0, 0.0005, 0.3333333333333333, 0.001, 0.07692307692307693, 0.001], [0.02549638482451276, 0.0, 0.02549638482451276, 0.0, 0.0, 1.3333333333333333e-05, 1.0, 0.0005, 0.3333333333333333, 0.001, 0.07692307692307693, 0.001]], "Targets": [[0.07811211117312261, 0.0, 0.5678060431246433, 0.0], [0.08606426083082303, 0.0, 0.4726080747083545, 0.0], [0.06941116048856646, 0.0, 0.4738624460968186, 0.0], [0.06884173350201793, 0.0, 0.5755619598158934, 0.0], [0.05751975546575535, 0.0, 0.3518447154647933, 0.0], [0.09408972758986904, 0.0, 0.638162974734838, 0.0], [0.053035781830582995, 0.0, 0.4711637232911531, 0.0], [0.07632220815170233, 0.0, 0.559936792228446, 0.0]], "Opportunities": [[[0.5797030055577349, 0.0, 0.0, 1.0], [0.48427802120542707, 0.0, 0.0, 1.0], [0.4327057151854412, 0.0, 0.0, 1.0], [0.5450260778321736, 0.0, 0.0, 1.0], [0.526015948805877, 0.0, 0.0, 1.0], [0.6130867689181676, 0.0, 0.0, 1.0], [0.6363201829319804, 0.0, 0.0, 1.0], [0.5594467685855321, 0.0, 0.0, 1.0]], [[0.48746356074138836, 5.033746807573756e-05, 0.05243486257889329, 1.0], [0.6508113345412647, 5.8289617733437974e-05, 0.06071835180566456, 1.0], [0.5251361626008294, 4.163651739118141e-05, 0.04337137228248064, 1.0], [0.596230216385907, 4.1067090404632875e-05, 0.04277821917149258, 1.0], [0.6790308541400316, 2.9745112368370296e-05, 0.030984492050385726, 1.0], [0.6231479767563098, 6.631508449248399e-05, 0.06907821301300417, 1.0], [0.4839695680234394, 2.526113873319794e-05, 0.026313686180414523, 1.0], [0.6287378400703245, 4.854756505431728e-05, 0.05057038026491384, 1.0]], [[0.6195869230058814, 5.409876465749716e-05, 0.05635287985155955, 1.0], [0.4698260867362659, 6.205091431519757e-05, 0.06463636907833081, 1.0], [0.6470171017964893, 4.539781397294102e-05, 0.047289389555146895, 1.0], [0.6343363516998908, 4.482838698639248e-05, 0.04669623644415884, 1.0], [0.5076080242394476, 3.35064089501299e-05, 0.03490250932305198, 1.0], [0.6733413471086181, 7.00763810742436e-05, 0.07299623028567041, 1.0], [0.4522214963577528, 2.9022435314957547e-05, 0.030231703453080776, 1.0], [0.42220507793859613, 5.230886163607689e-05, 0.05448839753758009, 1.0]], [[0.5275509503264331, 5.161572634860985e-05, 0.05376638161313526, 1.0], [0.4054495851241611, 5.9567876006310264e-05, 0.062049870839906526, 1.0], [0.4386304401051489, 4.29147756640537e-05, 0.04470289131672261, 1.0], [0.604258972422082, 4.234534867750517e-05, 0.04410973820573455, 1.0], [0.416252695195033, 3.102337064124259e-05, 0.0323160110846277, 1.0], [0.691341427263404, 6.759334276535627e-05, 0.07040973204724613, 1.0], [0.4465213148427194, 2.6539397006070235e-05, 0.027645205214656493, 1.0], [0.4108075060058823, 4.982582332718957e-05, 0.051901899299155806, 1.0]]]}