{"Arena": [5.0, 25.0, 0.0, 50.0, 4.0], "Effectors": [[0.043855045844278344, 0.0, 0.043855045844278344, 0.0, 1.0, 0.002, 1.0, 0.0, 0.3333333333333333, 0.09, 0.05, 0.001], [0.03306167700530459, 0.0, 0.03306167700530459, 0.0, 1.0, 0.002, 1.0, 0.0, 0.3333333333333333, 0.09, 0.05, 0.001], [0.01871106770626266, 0.0, 0.01871106770626266, 0.0, 1.0, 0.002, 1.0, 0.0, 0.3333333333333333, 0.09, 0.05, 0.001], [0.014947118520147282, 0.0, 0.014947118520147282, 0.0, 0.0, 1.6666666666666667e-06, 1.0, 4e-05, 0.3333333333333333, 0.0015, 0.5, 0.001]], "Targets": [[0.0983705962284207, 0.0, 0.6171300379351243, 0.0], [0.051697584868419, 0.0, 0.3938192492529005, 0.0], [0.09189830700378283, 0.0, 0.5293146650109604, 0.0], [0.054511267583409136, 0.0, 0.5173260361536524, 0.0], [0.07237164973091928, 0.0, 0.6281511023737992, 0.0], [0.08190347843914714, 0.0, 0.37420164681509965, 0.0], [0.06480358189768717, 0.0, 0.47935858965169253, 0.0], [0.06802963045840268, 0.0, 0.468457067575407, 0.0]], "Opportunities": [[[0.5288166691624359, 0.0, 0.0, 1.0], [0.5802473361110599, 0.0, 0.0, 1.0], [0.5799518317133299, 0.0, 0.0, 1.0], [0.4879065687208915, 0.0, 0.0, 1.0], [0.5345516690300989, 0.0, 0.0, 1.0], [0.6692145947956089, 0.0, 0.0, 1.0], [0.5375016532748704, 0.0, 0.0, 1.0], [0.44603911425954673, 0.0, 0.0, 1.0]], [[0.5558093311052211, 0.0, 0.0, 1.0], [0.43183532187555007, 0.0, 0.0, 1.0], [0.43327729033180634, 0.0, 0.0, 1.0], [0.46901151403046526, 0.0, 0.0, 1.0], [0.5303159501935869, 0.0, 0.0, 1.0], [0.45895693620527034, 0.0, 0.0, 1.0], [0.5289484303837105, 0.0, 0.0, 1.0], [0.5988757770939641, 0.0, 0.0, 1.0]], [[0.5853734779009183, 0.0, 0.0, 1.0], [0.5397784854473084, 0.0, 0.0, 1.0], [0.46655484413652115, 0.0, 0.0, 1.0], [0.694243325608425, 0.0, 0.0, 1.0], [0.6217140050468084, 0.0, 0.0, 1.0], [0.6786995408763248, 0.0, 0.0, 1.0], [0.4736382068672594, 0.0, 0.0, 1.0], [0.6951612793870907, 0.0, 0.0, 1.0]], [[0.0, 0.0, 0.0, 0.0], [0.0, 0.0, 0.0, 0.0], [0.0, 0.0, 0.0, 0.0], [0.0, 0.0, 0.0, 0.0], [0.0, 0.0, 0.0, 0.0], [0.0, 0.0, 0.0, 0.0], [0.0, 0.0, 0.0, 0.0], [0.0, 0.0, 0.0, 0.0]]]}