{"Arena": [5.0, 25.0, 0.0, 50.0, 4.0], "Effectors": [[0.017882965452094873, 0.0, 0.017882965452094873, 0.0, 1.0, 0.002, 1.0, 0.0, 0.3333333333333333, 0.09, 0.05, 0.001], [0.0376528400745668, 0.0, 0.0376528400745668, 0.0, 1.0, 0.002, 1.0, 0.0, 0.3333333333333333, 0.09, 0.05, 0.001], [0.03625817720264297, 0.0, 0.03625817720264297, 0.0, 0.0, 1.3333333333333333e-05, 1.0, 0.0005, 0.3333333333333333, 0.001, 0.07692307692307693, 0.001], [0.04363697435726822, 0.0, 0.04363697435726822, 0.0, 0.0, 1.3333333333333333e-05, 1.0, 0.0005, 0.3333333333333333, 0.001, 0.07692307692307693, 0.001]], "Targets": [[0.0623604274729447, 0.0, 0.6153999987599181, 0.0], [0.08158871903800377, 0.0, 0.48556749644320507, 0.0], [0.06875797556083256, 0.0, 0.5831789810686903, 0.0], [0.08646729359629737, 0.0, 0.6240448328334516, 0.0], [0.05141049915333794, 0.0, 0.37411772327487874, 0.0], [0.08008668267357612, 0.0, 0.4950903933170473, 0.0], [0.07262420511573395, 0.0, 0.5767313560517391, 0.0], [0.054680041202801434, 0.0, 0.4977968983488136, 0.0]], "Opportunities": [[[0.48786804938155226, 0.0, 0.0, 1.0], [0.5828137146768191, 0.0, 0.0, 1.0], [0.4447984655653532, 0.0, 0.0, 1.0], [0.4541816136590405, 0.0, 0.0, 1.0], [0.4668703140621131, 0.0, 0.0, 1.0], [0.585088701008887, 0.0, 0.0, 1.0], [0.49281576091861257, 0.0, 0.0, 1.0], [0.5878429561389753, 0.0, 0.0, 1.0]], [[0.6892493732312188, 0.0, 0.0, 1.0], [0.5502860005382746, 0.0, 0.0, 1.0], [0.5274895879196527, 0.0, 0.0, 1.0], [0.5594865896541668, 0.0, 0.0, 1.0], [0.4044053195363644, 0.0, 0.0, 1.0], [0.5173682215730036, 0.0, 0.0, 1.0], [0.5215405092976889, 0.0, 0.0, 1.0], [0.47848584919053755, 0.0, 0.0, 1.0]], [[0.6331014054352256, 2.5102250270301734e-05, 0.026148177364897638, 1.0], [0.5985802072470853, 4.4330541835360803e-05, 0.046177647745167506, 1.0], [0.40844456203621093, 3.1499798358189594e-05, 0.03281228995644749, 1.0], [0.6924215636531154, 4.920911639365441e-05, 0.051259496243390004, 1.0], [0.47327795866768124, 1.415232195069497e-05, 0.014742002031973928, 1.0], [0.43003937051504176, 4.282850547093315e-05, 0.04461302653222203, 1.0], [0.6905592350475269, 3.536602791309098e-05, 0.03683961240946977, 1.0], [0.47073983769203187, 1.7421864000158464e-05, 0.01814777500016507, 1.0]], [[0.6674236897231502, 1.7723453115676483e-05, 0.01846193032882967, 1.0], [0.4375482313164062, 3.695174468073555e-05, 0.03849140070909954, 1.0], [0.6671695045834896, 2.4121001203564343e-05, 0.025126042920379524, 1.0], [0.6847389134709958, 4.183031923902916e-05, 0.043573249207322036, 1.0], [0.577228242957262, 6.773524796069721e-06, 0.007055754995905959, 1.0], [0.5399916673999063, 3.54497083163079e-05, 0.03692677949615406, 1.0], [0.48829401846750187, 2.798723075846573e-05, 0.029153365373401803, 1.0], [0.49702315422222043, 1.0043066845533217e-05, 0.0104615279640971, 1.0]]]}