{"Arena": [5.0, 25.0, 0.0, 50.0, 4.0], "Effectors": [[0.03488403801618695, 0.0, 0.03488403801618695, 0.0, 0.0, 1.3333333333333333e-05, 1.0, 0.0005, 0.3333333333333333, 0.001, 0.07692307692307693, 0.001], [0.028094618451876895, 0.0, 0.028094618451876895, 0.0, 0.0, 1.3333333333333333e-05, 1.0, 0.0005, 0.3333333333333333, 0.001, 0.07692307692307693, 0.001], [0.035519131662834595, 0.0, 0.035519131662834595, 0.0, 0.0, 1.3333333333333333e-05, 1.0, 0.0005, 0.3333333333333333, 0.001, 0.07692307692307693, 0.001], [0.040756579411299385, 0.0, 0.040756579411299385, 0.0, 0.0, 1.6666666666666667e-06, 1.0, 4e-05, 0.3333333333333333, 0.0015, 0.5, 0.001]], "Targets": [[0.08641791002978134, 0.0, 0.5270605982273413, 0.0], [0.07390986861230382, 0.0, 0.39882433596940564, 0.0], [0.05189817288062882, 0.0, 0.5824196327470934, 0.0], [0.05669376594943639, 0.0, 0.5722608395735711, 0.0], [0.08453173948818796, 0.0, 0.49308375734377663, 0.0], [0.0947454221492472, 0.0, 0.5886831406778601, 0.0], [0.05273555691942742, 0.0, 0.43199608524842203, 0.0], [0.07981169595877405, 0.0, 0.4076680836902554, 0.0]], "Opportunities": [[[0.585076560142015, 5.0533872013594395e-05, 0.05263945001416083, 1.0], [0.40278327128559843, 3.802583059611688e-05, 0.03961024020428841, 1.0], [0.5085001277738288, 1.6014134864441872e-05, 0.016681390483793617, 1.0], [0.4136767545606084, 2.0809727933249445e-05, 0.02167679993046817, 1.0], [0.5879670030319759, 4.8647701472001013e-05, 0.050674689033334386, 1.0], [0.5806241503622911, 5.8861384133060245e-05, 0.06131394180527109, 1.0], [0.41042562814297084, 1.685151890324047e-05, 0.017553665524208825, 1.0], [0.613705097338098, 4.39276579425871e-05, 0.04575797702352823, 1.0]], [[0.6289755869213123, 5.7323291577904446e-05, 0.059711762060317135, 1.0], [0.5091571955868723, 4.481525016042692e-05, 0.046682552250444716, 1.0], [0.504284821737931, 2.2803554428751924e-05, 0.023753702529949922, 1.0], [0.5723963070029827, 2.7599147497559496e-05, 0.028749111976624473, 1.0], [0.6814341642308432, 5.543712103631106e-05, 0.057747001079490684, 1.0], [0.5654576003066828, 6.565080369737029e-05, 0.0683862538514274, 1.0], [0.5506552289441033, 2.3640938467550525e-05, 0.02462597757036513, 1.0], [0.5455046556031435, 5.071707750689715e-05, 0.05283028906968453, 1.0]], [[0.4560915246625684, 4.989877836694675e-05, 0.0519778941322362, 1.0], [0.5801414692876773, 3.739073694946923e-05, 0.03894868432236378, 1.0], [0.4924398294222553, 1.5379041217794223e-05, 0.016019834601868982, 1.0], [0.6196268969151324, 2.0174634286601795e-05, 0.021015244048543536, 1.0], [0.480384992136593, 4.8012607825353363e-05, 0.050013133151409754, 1.0], [0.504685735239926, 5.82262904864126e-05, 0.06065238592334646, 1.0], [0.697666805221246, 1.6216425256592824e-05, 0.01689210964228419, 1.0], [0.4561834738392611, 4.3292564295939455e-05, 0.045096421141603595, 1.0]], [[0.0, 0.0, 0.0, 0.0], [0.0, 0.0, 0.0, 0.0], [0.5079992849485624, 9.641593469329435e-06, 0.08034661224441196, 1.0], [0.5185395265501087, 1.4437186538137007e-05, 0.1203098878178084, 1.0], [0.0, 0.0, 0.0, 0.0], [0.0, 0.0, 0.0, 0.0], [0.6064020172012093, 1.0478977508128036e-05, 0.08732481256773363, 1.0], [0.0, 0.0, 0.0, 0.0]]]}