{"Arena": [5.0, 25.0, 0.0, 50.0, 4.0], "Effectors": [[0.04816085157977129, 0.0, 0.04816085157977129, 0.0, 1.0, 0.002, 1.0, 0.0, 0.3333333333333333, 0.09, 0.05, 0.001], [0.030334613809227112, 0.0, 0.030334613809227112, 0.0, 0.0, 1.3333333333333333e-05, 1.0, 0.0005, 0.3333333333333333, 0.001, 0.07692307692307693, 0.001], [0.037439612545426146, 0.0, 0.037439612545426146, 0.0, 0.0, 1.6666666666666667e-06, 1.0, 4e-05, 0.3333333333333333, 0.0015, 0.5, 0.001], [0.03082170553705818, 0.0, 0.03082170553705818, 0.0, 0.0, 1.6666666666666667e-06, 1.0, 4e-05, 0.3333333333333333, 0.0015, 0.5, 0.001]], "Targets": [[0.09107324899279871, 0.0, 0.484104719262406, 0.0], [0.08803052259779759, 0.0, 0.6319828004642665, 0.0], [0.09215861365461, 0.0, 0.4706589222838717, 0.0], [0.08157696825409426, 0.0, 0.43847112457640186, 0.0], [0.06452875430728193, 0.0, 0.5152697807318745, 0.0], [0.05643836924675934, 0.0, 0.5986223195023941, 0.0], [0.09206266685426422, 0.0, 0.367939087311748, 0.0], [0.08802287001818018, 0.0, 0.38428806326699055, 0.0]], "Opportunities": [[[0.6840336458157107, 0.0, 0.0, 1.0], [0.6783109664117073, 0.0, 0.0, 1.0], [0.6387783130813026, 0.0, 0.0, 1.0], [0.5361182918379954, 0.0, 0.0, 1.0], [0.6669805351857641, 0.0, 0.0, 1.0], [0.45498489066591724, 0.0, 0.0, 1.0], [0.49156222912707237, 0.0, 0.0, 1.0], [0.6449415233023224, 0.0, 0.0, 1.0]], [[0.6510086641529642, 5.97386351835716e-05, 0.062227744982887086, 1.0], [0.5924998339971889, 5.669590878857048e-05, 0.05905823832142758, 1.0], [0.6295234403316288, 6.0823999845382896e-05, 0.06335833317227385, 1.0], [0.6461478338564595, 5.0242354444867145e-05, 0.05233578588006994, 1.0], [0.5479266153762508, 3.3194140498054815e-05, 0.03457722968547377, 1.0], [0.6427426598624929, 2.5103755437532225e-05, 0.026149745247429402, 1.0], [0.6146242845278335, 6.0728053045037105e-05, 0.06325838858858032, 1.0], [0.5864466742034437, 5.668825620895307e-05, 0.059050266884326116, 1.0]], [[0.0, 0.0, 0.0, 0.0], [0.0, 0.0, 0.0, 0.0], [0.0, 0.0, 0.0, 0.0], [0.0, 0.0, 0.0, 0.0], [0.0, 0.0, 0.0, 0.0], [0.6197809559909977, 1.749875670133319e-05, 0.14582297251110993, 1.0], [0.0, 0.0, 0.0, 0.0], [0.0, 0.0, 0.0, 0.0]], [[0.0, 0.0, 0.0, 0.0], [0.0, 0.0, 0.0, 0.0], [0.0, 0.0, 0.0, 0.0], [0.0, 0.0, 0.0, 0.0], [0.0, 0.0, 0.0, 0.0], [0.0, 0.0, 0.0, 0.0], [0.0, 0.0, 0.0, 0.0], [0.0, 0.0, 0.0, 0.0]]]}