{"Arena": [5.0, 25.0, 0.0, 50.0, 4.0], "Effectors": [[0.03999826207418603, 0.0, 0.03999826207418603, 0.0, 0.0, 1.3333333333333333e-05, 1.0, 0.0005, 0.3333333333333333, 0.001, 0.07692307692307693, 0.001], [0.0197542202316657, 0.0, 0.0197542202316657, 0.0, 0.0, 1.6666666666666667e-06, 1.0, 4e-05, 0.3333333333333333, 0.0015, 0.5, 0.001], [0.03592957000005747, 0.0, 0.03592957000005747, 0.0, 0.0, 1.6666666666666667e-06, 1.0, 4e-05, 0.3333333333333333, 0.0015, 0.5, 0.001], [0.04769454939513349, 0.0, 0.04769454939513349, 0.0, 0.0, 1.6666666666666667e-06, 1.0, 4e-05, 0.3333333333333333, 0.0015, 0.5, 0.001]], "Targets": [[0.09716584517727447, 0.0, 0.45132894553686753, 0.0], [0.08059592619787379, 0.0, 0.36486064126246226, 0.0], [0.06042730744758887, 0.0, 0.4150411812817073, 0.0], [0.06562304760813381, 0.0, 0.42424393137214633, 0.0], [0.054945725990945445, 0.0, 0.37140812324142225, 0.0], [0.06118548489454337, 0.0, 0.4315100686591056, 0.0], [0.0741110420458029, 0.0, 0.4580845428019048, 0.0], [0.0644071590721591, 0.0, 0.4838623504369095, 0.0]], "Opportunities": [[[0.6121113120962871, 5.6167583103088444e-05, 0.05850789906571713, 1.0], [0.6687937749075706, 3.959766412368775e-05, 0.041247566795508075, 1.0], [0.4849580794464643, 1.9429045373402836e-05, 0.020238588930627955, 1.0], [0.4171396589246522, 2.4624785533947778e-05, 0.025650818264528936, 1.0], [0.5833722095487461, 1.3947463916759412e-05, 0.014528608246624388, 1.0], [0.5319975975991503, 2.0187222820357334e-05, 0.021028357104538892, 1.0], [0.650245874018825, 3.311277997161687e-05, 0.034492479137100907, 1.0], [0.47462850235948, 2.340889699797307e-05, 0.02438426770622195, 1.0]], [[0.0, 0.0, 0.0, 0.0], [0.0, 0.0, 0.0, 0.0], [0.0, 0.0, 0.0, 0.0], [0.0, 0.0, 0.0, 0.0], [0.0, 0.0, 0.0, 0.0], [0.0, 0.0, 0.0, 0.0], [0.0, 0.0, 0.0, 0.0], [0.0, 0.0, 0.0, 0.0]], [[0.0, 0.0, 0.0, 0.0], [0.0, 0.0, 0.0, 0.0], [0.0, 0.0, 0.0, 0.0], [0.0, 0.0, 0.0, 0.0], [0.5923513304461161, 1.7516155990887975e-05, 0.14596796659073313, 1.0], [0.0, 0.0, 0.0, 0.0], [0.0, 0.0, 0.0, 0.0], [0.0, 0.0, 0.0, 0.0]], [[0.0, 0.0, 0.0, 0.0], [0.0, 0.0, 0.0, 0.0], [0.6637047562399053, 1.1232758052455377e-05, 0.09360631710379481, 1.0], [0.5570812891645258, 1.6428498213000317e-05, 0.13690415177500265, 1.0], [0.44174654017821213, 5.751176595811954e-06, 0.04792647163176628, 1.0], [0.413739709337812, 1.1990935499409878e-05, 0.09992446249508231, 1.0], [0.0, 0.0, 0.0, 0.0], [0.6672573291998358, 1.5212609677025614e-05, 0.1267717473085468, 1.0]]]}