{"Arena": [5.0, 25.0, 0.0, 50.0, 4.0], "Effectors": [[0.02193341845589065, 0.0, 0.02193341845589065, 0.0, 1.0, 0.002, 1.0, 0.0, 0.3333333333333333, 0.09, 0.05, 0.001], [0.01723190213567148, 0.0, 0.01723190213567148, 0.0, 1.0, 0.002, 1.0, 0.0, 0.3333333333333333, 0.09, 0.05, 0.001], [0.03845196983165502, 0.0, 0.03845196983165502, 0.0, 1.0, 0.002, 1.0, 0.0, 0.3333333333333333, 0.09, 0.05, 0.001], [0.024244845926501456, 0.0, 0.024244845926501456, 0.0, 0.0, 1.3333333333333333e-05, 1.0, 0.0005, 0.3333333333333333, 0.001, 0.07692307692307693, 0.001]], "Targets": [[0.07929866510499503, 0.0, 0.5860659042618407, 0.0], [0.06514834616067998, 0.0, 0.5980063883211559, 0.0], [0.07300747304589607, 0.0, 0.5291266110372344, 0.0], [0.09485500850246112, 0.0, 0.4057798341245611, 0.0], [0.057169616122829156, 0.0, 0.5206584025719784, 0.0], [0.0966634857907373, 0.0, 0.5922878584842206, 0.0], [0.07607987752906234, 0.0, 0.4674186454608555, 0.0], [0.07895719058028877, 0.0, 0.5425783930013945, 0.0]], "Opportunities": [[[0.44269820035237606, 0.0, 0.0, 1.0], [0.5904102309975381, 0.0, 0.0, 1.0], [0.6403387370115209, 0.0, 0.0, 1.0], [0.5180792982632464, 0.0, 0.0, 1.0], [0.45301866344321917, 0.0, 0.0, 1.0], [0.5334156675175926, 0.0, 0.0, 1.0], [0.4099374969852219, 0.0, 0.0, 1.0], [0.5167731848005639, 0.0, 0.0, 1.0]], [[0.40489612404233927, 0.0, 0.0, 1.0], [0.6442874724854447, 0.0, 0.0, 1.0], [0.5773313422821491, 0.0, 0.0, 1.0], [0.5918422640790045, 0.0, 0.0, 1.0], [0.6628128469218901, 0.0, 0.0, 1.0], [0.6915612942667719, 0.0, 0.0, 1.0], [0.53237128578564, 0.0, 0.0, 1.0], [0.5182471818008986, 0.0, 0.0, 1.0]], [[0.626953743224596, 0.0, 0.0, 1.0], [0.6947149030909227, 0.0, 0.0, 1.0], [0.508455171329137, 0.0, 0.0, 1.0], [0.6591026123873249, 0.0, 0.0, 1.0], [0.5840623358425959, 0.0, 0.0, 1.0], [0.4170817841881265, 0.0, 0.0, 1.0], [0.5698462675849458, 0.0, 0.0, 1.0], [0.6648879732429949, 0.0, 0.0, 1.0]], [[0.6402164107519412, 5.405381917849357e-05, 0.05630606164426414, 1.0], [0.468470495483258, 3.9903500234178516e-05, 0.04156614607726929, 1.0], [0.49892584991089156, 4.776262711939461e-05, 0.04975273658270272, 1.0], [0.5481040908829062, 6.961016257595966e-05, 0.07251058601662465, 1.0], [0.5533855608762056, 3.1924770196327696e-05, 0.03325496895450802, 1.0], [0.46011335258367814, 7.141863986423584e-05, 0.07439441652524567, 1.0], [0.5870778373141216, 5.083503160256088e-05, 0.05295315791933425, 1.0], [0.42462800054853567, 5.371234465378731e-05, 0.05595035901436179, 1.0]]]}