{"Arena": [5.0, 25.0, 0.0, 50.0, 4.0], "Effectors": [[0.046675028099764725, 0.0, 0.046675028099764725, 0.0, 1.0, 0.002, 1.0, 0.0, 0.3333333333333333, 0.09, 0.05, 0.001], [0.035037017376155104, 0.0, 0.035037017376155104, 0.0, 1.0, 0.002, 1.0, 0.0, 0.3333333333333333, 0.09, 0.05, 0.001], [0.0294881183387799, 0.0, 0.0294881183387799, 0.0, 1.0, 0.002, 1.0, 0.0, 0.3333333333333333, 0.09, 0.05, 0.001], [0.01133252656197695, 0.0, 0.01133252656197695, 0.0, 0.0, 1.3333333333333333e-05, 1.0, 0.0005, 0.3333333333333333, 0.001, 0.07692307692307693, 0.001]], "Targets": [[0.061878546712782805, 0.0, 0.37100644878598715, 0.0], [0.0998076157351535, 0.0, 0.50185921260836, 0.0], [0.07965133392680877, 0.0, 0.5992723060283025, 0.0], [0.07535719990656915, 0.0, 0.36514282190827607, 0.0], [0.09939209911660862, 0.0, 0.5340050426156231, 0.0], [0.05628972969192296, 0.0, 0.5228257181725223, 0.0], [0.09174329173563453, 0.0, 0.4952402389435623, 0.0], [0.060874406538068505, 0.0, 0.5834664340856629, 0.0]], "Opportunities": [[[0.5427291494109925, 0.0, 0.0, 1.0], [0.43402847768182473, 0.0, 0.0, 1.0], [0.6258288547003047, 0.0, 0.0, 1.0], [0.5241939388877939, 0.0, 0.0, 1.0], [0.4057327787465452, 0.0, 0.0, 1.0], [0.569906880783395, 0.0, 0.0, 1.0], [0.4543984228157904, 0.0, 0.0, 1.0], [0.4910310601070962, 0.0, 0.0, 1.0]], [[0.6381322876362059, 0.0, 0.0, 1.0], [0.40792250998382235, 0.0, 0.0, 1.0], [0.40474811132057337, 0.0, 0.0, 1.0], [0.4435188780828976, 0.0, 0.0, 1.0], [0.4632741405493522, 0.0, 0.0, 1.0], [0.5404696304902311, 0.0, 0.0, 1.0], [0.6952295144814142, 0.0, 0.0, 1.0], [0.6650165501275618, 0.0, 0.0, 1.0]], [[0.45307449328437976, 0.0, 0.0, 1.0], [0.6957116502326104, 0.0, 0.0, 1.0], [0.6146541256341599, 0.0, 0.0, 1.0], [0.48547345309929946, 0.0, 0.0, 1.0], [0.5750290539145637, 0.0, 0.0, 1.0], [0.6223013553588854, 0.0, 0.0, 1.0], [0.5124633203796658, 0.0, 0.0, 1.0], [0.6287262219988579, 0.0, 0.0, 1.0]], [[0.4378588670546093, 4.954602015080585e-05, 0.05161043765708943, 1.0], [0.523954598569887, 8.747508917317655e-05, 0.09111988455539224, 1.0], [0.4459938478203895, 6.731880736483183e-05, 0.07012375767169982, 1.0], [0.6156954044713379, 6.302467334459221e-05, 0.06565070140061688, 1.0], [0.6022557761108775, 8.705957255463168e-05, 0.090687054744408, 1.0], [0.4275650460480817, 4.3957203129946016e-05, 0.04578875326036043, 1.0], [0.6229081216083838, 7.941076517365759e-05, 0.08271954705589332, 1.0], [0.5138317675323019, 4.854187997609155e-05, 0.0505644583084287, 1.0]]]}