{"Arena": [5.0, 25.0, 0.0, 50.0, 4.0], "Effectors": [[0.017714940700283757, 0.0, 0.017714940700283757, 0.0, 1.0, 0.002, 1.0, 0.0, 0.3333333333333333, 0.09, 0.05, 0.001], [0.01892157281360082, 0.0, 0.01892157281360082, 0.0, 1.0, 0.002, 1.0, 0.0, 0.3333333333333333, 0.09, 0.05, 0.001], [0.049201031828768664, 0.0, 0.049201031828768664, 0.0, 1.0, 0.002, 1.0, 0.0, 0.3333333333333333, 0.09, 0.05, 0.001], [0.019817995156092387, 0.0, 0.019817995156092387, 0.0, 0.0, 1.6666666666666667e-06, 1.0, 4e-05, 0.3333333333333333, 0.0015, 0.5, 0.001]], "Targets": [[0.08559074160354803, 0.0, 0.3958308410995615, 0.0], [0.09852067737499993, 0.0, 0.6064836950181197, 0.0], [0.08618332985949427, 0.0, 0.3908048531133901, 0.0], [0.07100615986906038, 0.0, 0.6404641760582281, 0.0], [0.08293983723256301, 0.0, 0.6248028028050698, 0.0], [0.053813887683773626, 0.0, 0.6433181817985433, 0.0], [0.05126608652061952, 0.0, 0.507948903943358, 0.0], [0.07479311565730475, 0.0, 0.5963793867925855, 0.0]], "Opportunities": [[[0.665372781398881, 0.0, 0.0, 1.0], [0.49522615266633485, 0.0, 0.0, 1.0], [0.5223882042390946, 0.0, 0.0, 1.0], [0.6789468307500479, 0.0, 0.0, 1.0], [0.518463348005072, 0.0, 0.0, 1.0], [0.6242674287233865, 0.0, 0.0, 1.0], [0.5320850906676026, 0.0, 0.0, 1.0], [0.4816943467075381, 0.0, 0.0, 1.0]], [[0.5211308762967157, 0.0, 0.0, 1.0], [0.4424708909170397, 0.0, 0.0, 1.0], [0.48971965583624766, 0.0, 0.0, 1.0], [0.4553726679773765, 0.0, 0.0, 1.0], [0.5665175392496007, 0.0, 0.0, 1.0], [0.6071178092137552, 0.0, 0.0, 1.0], [0.4442747961309991, 0.0, 0.0, 1.0], [0.5209974693095939, 0.0, 0.0, 1.0]], [[0.46405674264080465, 0.0, 0.0, 1.0], [0.6454960117670319, 0.0, 0.0, 1.0], [0.42182739704619937, 0.0, 0.0, 1.0], [0.5914963234050494, 0.0, 0.0, 1.0], [0.4128622400675837, 0.0, 0.0, 1.0], [0.5271421206048817, 0.0, 0.0, 1.0], [0.5442742571244924, 0.0, 0.0, 1.0], [0.6824346585857878, 0.0, 0.0, 1.0]], [[0.0, 0.0, 0.0, 0.0], [0.0, 0.0, 0.0, 0.0], [0.0, 0.0, 0.0, 0.0], [0.0, 0.0, 0.0, 0.0], [0.0, 0.0, 0.0, 0.0], [0.0, 0.0, 0.0, 0.0], [0.0, 0.0, 0.0, 0.0], [0.0, 0.0, 0.0, 0.0]]]}