{"Arena": [5.0, 25.0, 0.0, 50.0, 4.0], "Effectors": [[0.04937466467079305, 0.0, 0.04937466467079305, 0.0, 1.0, 0.002, 1.0, 0.0, 0.3333333333333333, 0.09, 0.05, 0.001], [0.03183393046658054, 0.0, 0.03183393046658054, 0.0, 1.0, 0.002, 1.0, 0.0, 0.3333333333333333, 0.09, 0.05, 0.001], [0.013007146409627314, 0.0, 0.013007146409627314, 0.0, 1.0, 0.002, 1.0, 0.0, 0.3333333333333333, 0.09, 0.05, 0.001], [0.036367304143040256, 0.0, 0.036367304143040256, 0.0, 1.0, 0.002, 1.0, 0.0, 0.3333333333333333, 0.09, 0.05, 0.001]], "Targets": [[0.06442603479620115, 0.0, 0.4034887661365847, 0.0], [0.06258379122495716, 0.0, 0.6426722823479014, 0.0], [0.09688952368660346, 0.0, 0.5821115139035495, 0.0], [0.07638015413811146, 0.0, 0.3531591195694032, 0.0], [0.08513790293280135, 0.0, 0.5922235975761277, 0.0], [0.05117735198541733, 0.0, 0.5000545202923684, 0.0], [0.09307681418239677, 0.0, 0.40136700692043054, 0.0], [0.07491862865038929, 0.0, 0.5391745125757839, 0.0]], "Opportunities": [[[0.49090901451739105, 0.0, 0.0, 1.0], [0.5583688119023432, 0.0, 0.0, 1.0], [0.5446197107498967, 0.0, 0.0, 1.0], [0.47804309026271585, 0.0, 0.0, 1.0], [0.6151383065573492, 0.0, 0.0, 1.0], [0.5618966300090481, 0.0, 0.0, 1.0], [0.4538461151112648, 0.0, 0.0, 1.0], [0.6234511261834764, 0.0, 0.0, 1.0]], [[0.572459731564221, 0.0, 0.0, 1.0], [0.46081307254007103, 0.0, 0.0, 1.0], [0.5922597254981329, 0.0, 0.0, 1.0], [0.4528671614734063, 0.0, 0.0, 1.0], [0.5584502280071393, 0.0, 0.0, 1.0], [0.4496278080245106, 0.0, 0.0, 1.0], [0.47114719421741835, 0.0, 0.0, 1.0], [0.5005432391633244, 0.0, 0.0, 1.0]], [[0.4689045645011964, 0.0, 0.0, 1.0], [0.4807675310683943, 0.0, 0.0, 1.0], [0.42099141067344226, 0.0, 0.0, 1.0], [0.48072358531903003, 0.0, 0.0, 1.0], [0.6737619079828381, 0.0, 0.0, 1.0], [0.5088936991484094, 0.0, 0.0, 1.0], [0.630067873445776, 0.0, 0.0, 1.0], [0.41333454730542457, 0.0, 0.0, 1.0]], [[0.6766299881589455, 0.0, 0.0, 1.0], [0.4090093790038778, 0.0, 0.0, 1.0], [0.6396325911142121, 0.0, 0.0, 1.0], [0.4227226028480703, 0.0, 0.0, 1.0], [0.5018848242239053, 0.0, 0.0, 1.0], [0.6749880987544343, 0.0, 0.0, 1.0], [0.6170870429170334, 0.0, 0.0, 1.0], [0.599399128793558, 0.0, 0.0, 1.0]]]}