{"Arena": [5.0, 25.0, 0.0, 50.0, 4.0], "Effectors": [[0.012709849284836544, 0.0, 0.012709849284836544, 0.0, 1.0, 0.002, 1.0, 0.0, 0.3333333333333333, 0.09, 0.05, 0.001], [0.04186078432536742, 0.0, 0.04186078432536742, 0.0, 0.0, 1.3333333333333333e-05, 1.0, 0.0005, 0.3333333333333333, 0.001, 0.07692307692307693, 0.001], [0.03551371125247911, 0.0, 0.03551371125247911, 0.0, 0.0, 1.3333333333333333e-05, 1.0, 0.0005, 0.3333333333333333, 0.001, 0.07692307692307693, 0.001], [0.0458713592285254, 0.0, 0.0458713592285254, 0.0, 0.0, 1.3333333333333333e-05, 1.0, 0.0005, 0.3333333333333333, 0.001, 0.07692307692307693, 0.001]], "Targets": [[0.07130923532652955, 0.0, 0.38983819861490787, 0.0], [0.06456040397247396, 0.0, 0.6076503625559571, 0.0], [0.09558160737677172, 0.0, 0.3546432230957145, 0.0], [0.09847233215448077, 0.0, 0.4551150689077478, 0.0], [0.09378323832451756, 0.0, 0.6225821062685611, 0.0], [0.08129512794962818, 0.0, 0.41472668126164824, 0.0], [0.07002996302041722, 0.0, 0.5644413115664352, 0.0], [0.08473215278194296, 0.0, 0.5750995977689157, 0.0]], "Opportunities": [[[0.5819841931218489, 0.0, 0.0, 1.0], [0.5383843023115095, 0.0, 0.0, 1.0], [0.5595823856782364, 0.0, 0.0, 1.0], [0.41474357933177464, 0.0, 0.0, 1.0], [0.5286260079947362, 0.0, 0.0, 1.0], [0.5149994629229848, 0.0, 0.0, 1.0], [0.6497337983806486, 0.0, 0.0, 1.0], [0.427709021434522, 0.0, 0.0, 1.0]], [[0.4593204488662, 2.8448451001162132e-05, 0.029633803126210556, 1.0], [0.6091738628439003, 2.1699619647106544e-05, 0.022603770465735987, 1.0], [0.5028539732470557, 5.27208230514043e-05, 0.054917524011879486, 1.0], [0.46612474280348315, 5.561154782911335e-05, 0.05792869565532641, 1.0], [0.5344228220715332, 5.092245399915014e-05, 0.0530442229157814, 1.0], [0.43323736562358284, 3.843434362426076e-05, 0.040035774608604954, 1.0], [0.4756594370773244, 2.7169178695049806e-05, 0.028301227807343548, 1.0], [0.531029060841762, 4.187136845657554e-05, 0.043616008808932856, 1.0]], [[0.5231031250400298, 3.479552407405044e-05, 0.036245337577135876, 1.0], [0.5032971466200149, 2.8046692719994853e-05, 0.029215304916661307, 1.0], [0.4246047587350696, 5.906789612429261e-05, 0.061529058462804806, 1.0], [0.6971076144595016, 6.195862090200167e-05, 0.06454023010625173, 1.0], [0.6062041502881729, 5.726952707203845e-05, 0.05965575736670672, 1.0], [0.5066285660523538, 4.4781416697149066e-05, 0.046647309059530274, 1.0], [0.40362895305916024, 3.351625176793811e-05, 0.03491276225826887, 1.0], [0.498705141815875, 4.821844152946385e-05, 0.050227543259858176, 1.0]], [[0.6562559386508708, 2.443787609800415e-05, 0.025456120935420993, 1.0], [0.42455805498692406, 1.7689044743948563e-05, 0.01842608827494642, 1.0], [0.6495347727321574, 4.871024814824632e-05, 0.05073984182108992, 1.0], [0.6127017831708259, 5.160097292595537e-05, 0.05375101346453685, 1.0], [0.5534956621087355, 4.691187909599215e-05, 0.04886654072499183, 1.0], [0.6510346793111148, 3.4423768721102777e-05, 0.035858092417815395, 1.0], [0.4392006339677511, 2.3158603791891824e-05, 0.024123545616553985, 1.0], [0.6524474226947363, 3.786079355341756e-05, 0.03943832661814329, 1.0]]]}