{"Arena": [5.0, 25.0, 0.0, 50.0, 4.0], "Effectors": [[0.01281973094439679, 0.0, 0.01281973094439679, 0.0, 1.0, 0.002, 1.0, 0.0, 0.3333333333333333, 0.09, 0.05, 0.001], [0.03973228625405662, 0.0, 0.03973228625405662, 0.0, 0.0, 1.3333333333333333e-05, 1.0, 0.0005, 0.3333333333333333, 0.001, 0.07692307692307693, 0.001], [0.015684449190763627, 0.0, 0.015684449190763627, 0.0, 0.0, 1.3333333333333333e-05, 1.0, 0.0005, 0.3333333333333333, 0.001, 0.07692307692307693, 0.001], [0.010926213355594188, 0.0, 0.010926213355594188, 0.0, 0.0, 1.6666666666666667e-06, 1.0, 4e-05, 0.3333333333333333, 0.0015, 0.5, 0.001]], "Targets": [[0.08402989601259625, 0.0, 0.5736418761882536, 0.0], [0.08148319212798703, 0.0, 0.46203643784233356, 0.0], [0.0741140294298697, 0.0, 0.4769221590345474, 0.0], [0.07423126250312963, 0.0, 0.5704229935318508, 0.0], [0.0847368159707807, 0.0, 0.5597645092613912, 0.0], [0.07540373351344555, 0.0, 0.5316832223400758, 0.0], [0.07355884231494313, 0.0, 0.3599193215734515, 0.0], [0.0764083327978765, 0.0, 0.4978395191957046, 0.0]], "Opportunities": [[[0.6442527771155427, 0.0, 0.0, 1.0], [0.5486900827058349, 0.0, 0.0, 1.0], [0.653729314494108, 0.0, 0.0, 1.0], [0.47631247106010743, 0.0, 0.0, 1.0], [0.6548092991721585, 0.0, 0.0, 1.0], [0.5883519515222319, 0.0, 0.0, 1.0], [0.5004191260731948, 0.0, 0.0, 1.0], [0.5093008641595789, 0.0, 0.0, 1.0]], [[0.6210308084925866, 4.329760975853963e-05, 0.04510167683181211, 1.0], [0.6795719367469553, 4.0750905873930414e-05, 0.04244886028534418, 1.0], [0.5639943160215399, 3.338174317581307e-05, 0.03477264914147195, 1.0], [0.4546727623783468, 3.3498976249073006e-05, 0.03489476692611772, 1.0], [0.47008042113362275, 4.400452971672408e-05, 0.04583805178825425, 1.0], [0.4700700290904288, 3.467144725938893e-05, 0.0361160908951968, 1.0], [0.46695619254039394, 3.2826556060886505e-05, 0.03419432923009011, 1.0], [0.5756522727900582, 3.567604654381987e-05, 0.0371625484831457, 1.0]], [[0.44830987486024687, 6.734544682183263e-05, 0.07015150710607565, 1.0], [0.6366892113904769, 6.47987429372234e-05, 0.06749869055960771, 1.0], [0.5633612066720555, 5.7429580239106066e-05, 0.059822479415735486, 1.0], [0.4172010378073504, 5.7546813312365996e-05, 0.05994459720038125, 1.0], [0.4086906794142832, 6.805236678001708e-05, 0.07088788206251778, 1.0], [0.6182437296992433, 5.871928432268192e-05, 0.06116592116946033, 1.0], [0.41368232293513957, 5.6874393124179495e-05, 0.05924415950435364, 1.0], [0.5319203021598472, 5.972388360711286e-05, 0.06221237875740924, 1.0]], [[0.0, 0.0, 0.0, 0.0], [0.0, 0.0, 0.0, 0.0], [0.0, 0.0, 0.0, 0.0], [0.0, 0.0, 0.0, 0.0], [0.0, 0.0, 0.0, 0.0], [0.0, 0.0, 0.0, 0.0], [0.0, 0.0, 0.0, 0.0], [0.0, 0.0, 0.0, 0.0]]]}