{"Arena": [5.0, 25.0, 0.0, 50.0, 4.0], "Effectors": [[0.037685931599070355, 0.0, 0.037685931599070355, 0.0, 1.0, 0.002, 1.0, 0.0, 0.3333333333333333, 0.09, 0.05, 0.001], [0.023838088435591855, 0.0, 0.023838088435591855, 0.0, 0.0, 1.3333333333333333e-05, 1.0, 0.0005, 0.3333333333333333, 0.001, 0.07692307692307693, 0.001], [0.017086926220387204, 0.0, 0.017086926220387204, 0.0, 0.0, 1.3333333333333333e-05, 1.0, 0.0005, 0.3333333333333333, 0.001, 0.07692307692307693, 0.001], [0.02220144846188481, 0.0, 0.02220144846188481, 0.0, 0.0, 1.3333333333333333e-05, 1.0, 0.0005, 0.3333333333333333, 0.001, 0.07692307692307693, 0.001]], "Targets": [[0.060768079710557914, 0.0, 0.5266358199212872, 0.0], [0.08355553293388988, 0.0, 0.5856665106154091, 0.0], [0.07556467230772079, 0.0, 0.566267298488121, 0.0], [0.08317827241871752, 0.0, 0.46673134990661813, 0.0], [0.09205837498194072, 0.0, 0.558732166747697, 0.0], [0.09971401508663677, 0.0, 0.6490650988981113, 0.0], [0.09441708995716414, 0.0, 0.4455440834847289, 0.0], [0.09861809721974131, 0.0, 0.5736755376022454, 0.0]], "Opportunities": [[[0.6716804216712747, 0.0, 0.0, 1.0], [0.5577746571340751, 0.0, 0.0, 1.0], [0.5022522266341917, 0.0, 0.0, 1.0], [0.43837780326344694, 0.0, 0.0, 1.0], [0.6827145076708812, 0.0, 0.0, 1.0], [0.525265938998451, 0.0, 0.0, 1.0], [0.6752155959197157, 0.0, 0.0, 1.0], [0.696195038084439, 0.0, 0.0, 1.0]], [[0.42975107246734023, 3.5929991274966057e-05, 0.03742707424475631, 1.0], [0.5421349461440576, 5.871744449829803e-05, 0.061164004685727115, 1.0], [0.6268365876039996, 5.072658387212894e-05, 0.05284019153346765, 1.0], [0.5898744702507561, 5.8340183983125664e-05, 0.06077102498242257, 1.0], [0.5375356915968174, 6.722028654634887e-05, 0.07002113181911342, 1.0], [0.5070479815777389, 7.487592665104492e-05, 0.0779957569281718, 1.0], [0.5173645105616034, 6.957900152157229e-05, 0.07247812658497113, 1.0], [0.40330661592300937, 7.378000878414945e-05, 0.07685417581682234, 1.0]], [[0.6823907120194559, 4.268115349017071e-05, 0.04445953488559449, 1.0], [0.5747600262235868, 6.546860671350268e-05, 0.0681964653265653, 1.0], [0.5099970424144448, 5.747774608733359e-05, 0.059872652174305825, 1.0], [0.49813086616674196, 6.509134619833032e-05, 0.06780348562326075, 1.0], [0.45378076699466957, 7.397144876155351e-05, 0.07705359245995158, 1.0], [0.5647606837638789, 8.162708886624956e-05, 0.08502821756900995, 1.0], [0.6921055977737092, 7.633016373677693e-05, 0.0795105872258093, 1.0], [0.6153984877463363, 8.053117099935411e-05, 0.08388663645766054, 1.0]], [[0.5717057683806386, 3.75666312486731e-05, 0.039131907550701145, 1.0], [0.6346716587149954, 6.035408447200508e-05, 0.06286883799167196, 1.0], [0.40457489058235213, 5.2363223845835985e-05, 0.05454502483941249, 1.0], [0.41615328235097415, 5.997682395683271e-05, 0.06247585828836741, 1.0], [0.6494821199054808, 6.885692652005591e-05, 0.07172596512505824, 1.0], [0.5177414823595687, 7.651256662475196e-05, 0.07970059023411663, 1.0], [0.6968897734902761, 7.121564149527933e-05, 0.07418295989091597, 1.0], [0.6095672430555392, 7.54166487578565e-05, 0.0785590091227672, 1.0]]]}