{"Arena": [5.0, 25.0, 0.0, 50.0, 4.0], "Effectors": [[0.027135709250011877, 0.0, 0.027135709250011877, 0.0, 1.0, 0.002, 1.0, 0.0, 0.3333333333333333, 0.09, 0.05, 0.001], [0.026833379206906007, 0.0, 0.026833379206906007, 0.0, 0.0, 1.3333333333333333e-05, 1.0, 0.0005, 0.3333333333333333, 0.001, 0.07692307692307693, 0.001], [0.03893086592514388, 0.0, 0.03893086592514388, 0.0, 0.0, 1.3333333333333333e-05, 1.0, 0.0005, 0.3333333333333333, 0.001, 0.07692307692307693, 0.001], [0.011900764982076373, 0.0, 0.011900764982076373, 0.0, 0.0, 1.3333333333333333e-05, 1.0, 0.0005, 0.3333333333333333, 0.001, 0.07692307692307693, 0.001]], "Targets": [[0.06430068010906828, 0.0, 0.4749988083119274, 0.0], [0.05128403192588815, 0.0, 0.3631408789691243, 0.0], [0.0710279774454547, 0.0, 0.647571343910736, 0.0], [0.0633615663245692, 0.0, 0.5164532194487012, 0.0], [0.098672762659187, 0.0, 0.5157845577835456, 0.0], [0.0856568938163102, 0.0, 0.6382439831515068, 0.0], [0.06150021125652894, 0.0, 0.46623504259998105, 0.0], [0.09933577254600082, 0.0, 0.5497721809952427, 0.0]], "Opportunities": [[[0.5978176876820878, 0.0, 0.0, 1.0], [0.608927182062404, 0.0, 0.0, 1.0], [0.4648332409737893, 0.0, 0.0, 1.0], [0.4306166130729391, 0.0, 0.0, 1.0], [0.6007216365358811, 0.0, 0.0, 1.0], [0.4927988721952815, 0.0, 0.0, 1.0], [0.4318453502476416, 0.0, 0.0, 1.0], [0.5390119194414994, 0.0, 0.0, 1.0]], [[0.6115534945113887, 3.646730090216227e-05, 0.0379867717730857, 1.0], [0.6071104951372895, 2.3450652718982143e-05, 0.024427763248939735, 1.0], [0.5803739519618694, 4.31945982385487e-05, 0.044994373165154894, 1.0], [0.647299622184557, 3.552818711766319e-05, 0.03700852824756582, 1.0], [0.6491392547823613, 7.083938345228099e-05, 0.07379102442945935, 1.0], [0.6951013465738783, 5.782351460940419e-05, 0.060232827718129364, 1.0], [0.5055284617562592, 3.366683204962294e-05, 0.035069616718357226, 1.0], [0.5966596008141869, 7.150239333909481e-05, 0.07448165972822376, 1.0]], [[0.6379234138582728, 2.4369814183924402e-05, 0.025385223108254584, 1.0], [0.6370036908704871, 1.1353166000744271e-05, 0.011826214584108615, 1.0], [0.6286059655610821, 3.1097111520310826e-05, 0.032392824500323776, 1.0], [0.5706542658810689, 2.3430700399425318e-05, 0.024406979582734706, 1.0], [0.4025151846238337, 5.874189673404311e-05, 0.06118947576462824, 1.0], [0.5045679419451291, 4.572602789116632e-05, 0.047631279053298246, 1.0], [0.5412061674255104, 2.1569345331385063e-05, 0.022468068053526108, 1.0], [0.6001155956827265, 5.9404906620856937e-05, 0.06188011106339265, 1.0]], [[0.4163188826841564, 5.1399915126991906e-05, 0.053541578257283236, 1.0], [0.6202289305794679, 3.838326694381178e-05, 0.03998256973313727, 1.0], [0.4416296150467169, 5.812721246337833e-05, 0.060549179649352435, 1.0], [0.6015881385182054, 5.0460801342492825e-05, 0.05256333473176336, 1.0], [0.40146934721425376, 8.577199767711062e-05, 0.0893458309136569, 1.0], [0.6710793744541667, 7.275612883423383e-05, 0.0757876342023269, 1.0], [0.535682727511815, 4.859944627445257e-05, 0.05062442320255476, 1.0], [0.5565079505773748, 8.643500756392444e-05, 0.0900364662124213, 1.0]]]}