{"Arena": [5.0, 25.0, 0.0, 50.0, 4.0], "Effectors": [[0.03989735223339725, 0.0, 0.03989735223339725, 0.0, 1.0, 0.002, 1.0, 0.0, 0.3333333333333333, 0.09, 0.05, 0.001], [0.015386145757968173, 0.0, 0.015386145757968173, 0.0, 1.0, 0.002, 1.0, 0.0, 0.3333333333333333, 0.09, 0.05, 0.001], [0.04173749701045114, 0.0, 0.04173749701045114, 0.0, 1.0, 0.002, 1.0, 0.0, 0.3333333333333333, 0.09, 0.05, 0.001], [0.03626562473569174, 0.0, 0.03626562473569174, 0.0, 0.0, 1.3333333333333333e-05, 1.0, 0.0005, 0.3333333333333333, 0.001, 0.07692307692307693, 0.001]], "Targets": [[0.08219204190988816, 0.0, 0.5925545672135928, 0.0], [0.06427836547107071, 0.0, 0.5275316731492201, 0.0], [0.05878194680572132, 0.0, 0.535152853967618, 0.0], [0.09778798088056118, 0.0, 0.558273936469304, 0.0], [0.06819978819511117, 0.0, 0.4295575848196702, 0.0], [0.05298823485842905, 0.0, 0.4408628342927173, 0.0], [0.0614310868097969, 0.0, 0.5643253433664284, 0.0], [0.08513233656446371, 0.0, 0.5820912986277208, 0.0]], "Opportunities": [[[0.4753451532155023, 0.0, 0.0, 1.0], [0.550061054493263, 0.0, 0.0, 1.0], [0.5361652363334148, 0.0, 0.0, 1.0], [0.43700507316280107, 0.0, 0.0, 1.0], [0.6181970909984895, 0.0, 0.0, 1.0], [0.6994668397086438, 0.0, 0.0, 1.0], [0.6886532732625379, 0.0, 0.0, 1.0], [0.4831873905281832, 0.0, 0.0, 1.0]], [[0.5015827050006638, 0.0, 0.0, 1.0], [0.43037696922829377, 0.0, 0.0, 1.0], [0.442293226208217, 0.0, 0.0, 1.0], [0.666392491396149, 0.0, 0.0, 1.0], [0.6641807178273833, 0.0, 0.0, 1.0], [0.6587313529810988, 0.0, 0.0, 1.0], [0.6575466356310462, 0.0, 0.0, 1.0], [0.5298136054167298, 0.0, 0.0, 1.0]], [[0.5943911821280596, 0.0, 0.0, 1.0], [0.5899188149899943, 0.0, 0.0, 1.0], [0.6973830584996712, 0.0, 0.0, 1.0], [0.6503678141368461, 0.0, 0.0, 1.0], [0.61735217996318, 0.0, 0.0, 1.0], [0.6040786024478331, 0.0, 0.0, 1.0], [0.6283105152475907, 0.0, 0.0, 1.0], [0.5024592651941083, 0.0, 0.0, 1.0]], [[0.6266621156022252, 4.4926417174196416e-05, 0.046798351223121266, 1.0], [0.5161278961503281, 2.7012740735378974e-05, 0.028138271599353098, 1.0], [0.47918576149316305, 2.1516322070029577e-05, 0.022412835489614143, 1.0], [0.5084653575793713, 6.0522356144869436e-05, 0.06304412098423899, 1.0], [0.47204793250608934, 3.0934163459419434e-05, 0.03222308693689525, 1.0], [0.44740630435036105, 1.5722610122737312e-05, 0.016377718877851367, 1.0], [0.45657023660188667, 2.4165462074105158e-05, 0.025172356327192873, 1.0], [0.48522769843962243, 4.786671182877198e-05, 0.04986115815497081, 1.0]]]}