{"Arena": [5.0, 25.0, 0.0, 50.0, 4.0], "Effectors": [[0.019543551481108656, 0.0, 0.019543551481108656, 0.0, 0.0, 1.3333333333333333e-05, 1.0, 0.0005, 0.3333333333333333, 0.001, 0.07692307692307693, 0.001], [0.03074012318815587, 0.0, 0.03074012318815587, 0.0, 0.0, 1.3333333333333333e-05, 1.0, 0.0005, 0.3333333333333333, 0.001, 0.07692307692307693, 0.001], [0.04700160475748075, 0.0, 0.04700160475748075, 0.0, 0.0, 1.6666666666666667e-06, 1.0, 4e-05, 0.3333333333333333, 0.0015, 0.5, 0.001], [0.03293224619726496, 0.0, 0.03293224619726496, 0.0, 0.0, 1.6666666666666667e-06, 1.0, 4e-05, 0.3333333333333333, 0.0015, 0.5, 0.001]], "Targets": [[0.06499040154047554, 0.0, 0.6406176849564453, 0.0], [0.09286281086867636, 0.0, 0.5902324448247256, 0.0], [0.05036847830338167, 0.0, 0.4331208701820447, 0.0], [0.09482705161775815, 0.0, 0.6227809722711062, 0.0], [0.07448547065556053, 0.0, 0.43204569672150006, 0.0], [0.051243279682029796, 0.0, 0.463693813516444, 0.0], [0.07515719570832642, 0.0, 0.4862755870461096, 0.0], [0.07594615293318185, 0.0, 0.36204529827428067, 0.0]], "Opportunities": [[[0.5228308271132982, 4.4446850059366885e-05, 0.04629880214517384, 1.0], [0.4017874768028232, 7.23192593875677e-05, 0.07533256186204969, 1.0], [0.6732550562710357, 2.9824926822273013e-05, 0.031067632106534387, 1.0], [0.6708226219105525, 7.428350013664948e-05, 0.07737864597567655, 1.0], [0.6574876446736624, 5.3941919174451875e-05, 0.056189499140054035, 1.0], [0.5270156262824065, 3.069972820092114e-05, 0.03197888354262619, 1.0], [0.48463640440767747, 5.461364422721776e-05, 0.05688921273668517, 1.0], [0.5973978093028601, 5.540260145207319e-05, 0.057711043179242916, 1.0]], [[0.6687141231244332, 3.325027835231967e-05, 0.034635706616999655, 1.0], [0.5589031797034139, 6.112268768052048e-05, 0.0636694663338755, 1.0], [0.44356649209020593, 1.8628355115225798e-05, 0.019404536578360207, 1.0], [0.4092014002911353, 6.308692842960227e-05, 0.06571555044750237, 1.0], [0.5700648560858601, 4.274534746740466e-05, 0.04452640361187986, 1.0], [0.4973616380287238, 1.9503156493873927e-05, 0.020315788014452007, 1.0], [0.6415413559438372, 4.341707252017055e-05, 0.04522611720851099, 1.0], [0.5202596846480185, 4.420602974502598e-05, 0.04604794765106873, 1.0]], [[0.42163909418816614, 1.6488796782994793e-05, 0.13740663985828996, 1.0], [0.0, 0.0, 0.0, 0.0], [0.532582307433777, 1.8668735459009211e-06, 0.015557279549174343, 1.0], [0.0, 0.0, 0.0, 0.0], [0.0, 0.0, 0.0, 0.0], [0.5037675584948731, 2.7416749245490493e-06, 0.022847291037908744, 1.0], [0.0, 0.0, 0.0, 0.0], [0.0, 0.0, 0.0, 0.0]], [[0.0, 0.0, 0.0, 0.0], [0.0, 0.0, 0.0, 0.0], [0.5929815638422398, 1.5936232106116707e-05, 0.13280193421763922, 1.0], [0.0, 0.0, 0.0, 0.0], [0.0, 0.0, 0.0, 0.0], [0.5188583996414743, 1.6811033484764836e-05, 0.14009194570637362, 1.0], [0.0, 0.0, 0.0, 0.0], [0.0, 0.0, 0.0, 0.0]]]}