{"Arena": [5.0, 25.0, 0.0, 50.0, 4.0], "Effectors": [[0.03264874288921846, 0.0, 0.03264874288921846, 0.0, 1.0, 0.002, 1.0, 0.0, 0.3333333333333333, 0.09, 0.05, 0.001], [0.04731445580601302, 0.0, 0.04731445580601302, 0.0, 1.0, 0.002, 1.0, 0.0, 0.3333333333333333, 0.09, 0.05, 0.001], [0.04218740035508641, 0.0, 0.04218740035508641, 0.0, 0.0, 1.3333333333333333e-05, 1.0, 0.0005, 0.3333333333333333, 0.001, 0.07692307692307693, 0.001], [0.04787282359431353, 0.0, 0.04787282359431353, 0.0, 0.0, 1.3333333333333333e-05, 1.0, 0.0005, 0.3333333333333333, 0.001, 0.07692307692307693, 0.001]], "Targets": [[0.08108549089466642, 0.0, 0.4309889936845986, 0.0], [0.05533910607149556, 0.0, 0.5553592591652472, 0.0], [0.07151960110161208, 0.0, 0.5034252118402104, 0.0], [0.0985394156834952, 0.0, 0.5893778549818747, 0.0], [0.054995700145215175, 0.0, 0.5813773579879455, 0.0], [0.08888455630892153, 0.0, 0.4695097607240729, 0.0], [0.06889681523929911, 0.0, 0.39075191024989625, 0.0], [0.0734167076142349, 0.0, 0.3569898131039364, 0.0]], "Opportunities": [[[0.6623614990474616, 0.0, 0.0, 1.0], [0.46477822919031364, 0.0, 0.0, 1.0], [0.40545280506650677, 0.0, 0.0, 1.0], [0.562475330741316, 0.0, 0.0, 1.0], [0.4710590853390479, 0.0, 0.0, 1.0], [0.43822142733947106, 0.0, 0.0, 1.0], [0.5796470105957072, 0.0, 0.0, 1.0], [0.4258135553129083, 0.0, 0.0, 1.0]], [[0.4180477239481915, 0.0, 0.0, 1.0], [0.5433899056726764, 0.0, 0.0, 1.0], [0.5044086285005462, 0.0, 0.0, 1.0], [0.4288499222740622, 0.0, 0.0, 1.0], [0.6794580808692322, 0.0, 0.0, 1.0], [0.47341623712948216, 0.0, 0.0, 1.0], [0.6309153175797058, 0.0, 0.0, 1.0], [0.5431131891424477, 0.0, 0.0, 1.0]], [[0.5390068343999853, 3.7898090539580006e-05, 0.03947717764539584, 1.0], [0.44536705148531464, 1.2151705716409147e-05, 0.012658026787926194, 1.0], [0.4611641162920825, 2.833220074652567e-05, 0.02951270911096424, 1.0], [0.6814014111320623, 5.5352015328408784e-05, 0.05765834930042582, 1.0], [0.6817799437930041, 1.1808299790128763e-05, 0.012300312281384129, 1.0], [0.4268090719220252, 4.569715595383512e-05, 0.04760120411857825, 1.0], [0.6762776115217285, 2.5709414884212696e-05, 0.026780640504388227, 1.0], [0.5958249141144887, 3.0229307259148485e-05, 0.03148886172827967, 1.0]], [[0.4053943494230077, 3.221266730035289e-05, 0.03355486177120093, 1.0], [0.5398955701481665, 6.4662824771820275e-06, 0.006735710913731279, 1.0], [0.6620375161325656, 2.264677750729855e-05, 0.023590393236769324, 1.0], [0.5778053238661788, 4.966659208918167e-05, 0.051736033426230905, 1.0], [0.6741829192655284, 6.122876550901644e-06, 0.006377996407189212, 1.0], [0.4775949322628825, 4.0011732714608e-05, 0.04167888824438334, 1.0], [0.5243894058845338, 2.0023991644985576e-05, 0.020858324630193308, 1.0], [0.5004823154459267, 2.4543884019921365e-05, 0.025566545854084757, 1.0]]]}