{"Arena": [5.0, 25.0, 0.0, 50.0, 4.0], "Effectors": [[0.03185481756350338, 0.0, 0.03185481756350338, 0.0, 1.0, 0.002, 1.0, 0.0, 0.3333333333333333, 0.09, 0.05, 0.001], [0.03735891353115353, 0.0, 0.03735891353115353, 0.0, 1.0, 0.002, 1.0, 0.0, 0.3333333333333333, 0.09, 0.05, 0.001], [0.0416010442831241, 0.0, 0.0416010442831241, 0.0, 0.0, 1.3333333333333333e-05, 1.0, 0.0005, 0.3333333333333333, 0.001, 0.07692307692307693, 0.001], [0.02546188715807826, 0.0, 0.02546188715807826, 0.0, 0.0, 1.6666666666666667e-06, 1.0, 4e-05, 0.3333333333333333, 0.0015, 0.5, 0.001]], "Targets": [[0.05344013605060738, 0.0, 0.4454049647394051, 0.0], [0.06175589934927608, 0.0, 0.48901993281568795, 0.0], [0.056206495120652976, 0.0, 0.41087238327669207, 0.0], [0.05761006952212032, 0.0, 0.4198898433496574, 0.0], [0.06306181344888129, 0.0, 0.6371015543516854, 0.0], [0.06487223285473367, 0.0, 0.40767360773064765, 0.0], [0.08734355549428884, 0.0, 0.4331649559146057, 0.0], [0.09820008792967663, 0.0, 0.5746933745001104, 0.0]], "Opportunities": [[[0.474832826216948, 0.0, 0.0, 1.0], [0.49789086027418294, 0.0, 0.0, 1.0], [0.47946144717615885, 0.0, 0.0, 1.0], [0.6718509342272534, 0.0, 0.0, 1.0], [0.5119541504602029, 0.0, 0.0, 1.0], [0.4628797700549202, 0.0, 0.0, 1.0], [0.4807202771581176, 0.0, 0.0, 1.0], [0.6850543681729461, 0.0, 0.0, 1.0]], [[0.6354348425149551, 0.0, 0.0, 1.0], [0.42254690447127413, 0.0, 0.0, 1.0], [0.5690317162858346, 0.0, 0.0, 1.0], [0.4296302987755312, 0.0, 0.0, 1.0], [0.6145537428941468, 0.0, 0.0, 1.0], [0.6010042769171368, 0.0, 0.0, 1.0], [0.47084974793284484, 0.0, 0.0, 1.0], [0.5030585084113909, 0.0, 0.0, 1.0]], [[0.4036610057367835, 1.083909176748328e-05, 0.011290720591128418, 1.0], [0.4357486692910638, 1.9154855066151984e-05, 0.01995297402724165, 1.0], [0.5657289695474702, 1.3605450837528879e-05, 0.014172344622425915, 1.0], [0.45064254660678105, 1.5009025238996221e-05, 0.015634401290621065, 1.0], [0.4343159682358416, 2.046076916575719e-05, 0.021313301214330407, 1.0], [0.5141625626343291, 2.2271188571609578e-05, 0.023199154762093308, 1.0], [0.428123606859039, 4.4742511211164735e-05, 0.04660678251162994, 1.0], [0.42687565829943985, 5.559904364655253e-05, 0.05791567046515889, 1.0]], [[0.0, 0.0, 0.0, 0.0], [0.0, 0.0, 0.0, 0.0], [0.0, 0.0, 0.0, 0.0], [0.0, 0.0, 0.0, 0.0], [0.0, 0.0, 0.0, 0.0], [0.0, 0.0, 0.0, 0.0], [0.0, 0.0, 0.0, 0.0], [0.0, 0.0, 0.0, 0.0]]]}