{"Arena": [5.0, 25.0, 0.0, 50.0, 4.0], "Effectors": [[0.03625033867638902, 0.0, 0.03625033867638902, 0.0, 0.0, 1.3333333333333333e-05, 1.0, 0.0005, 0.3333333333333333, 0.001, 0.07692307692307693, 0.001], [0.03852238489746899, 0.0, 0.03852238489746899, 0.0, 0.0, 1.3333333333333333e-05, 1.0, 0.0005, 0.3333333333333333, 0.001, 0.07692307692307693, 0.001], [0.024603883276614606, 0.0, 0.024603883276614606, 0.0, 0.0, 1.6666666666666667e-06, 1.0, 4e-05, 0.3333333333333333, 0.0015, 0.5, 0.001], [0.02446388344343475, 0.0, 0.02446388344343475, 0.0, 0.0, 1.6666666666666667e-06, 1.0, 4e-05, 0.3333333333333333, 0.0015, 0.5, 0.001]], "Targets": [[0.08033596791651126, 0.0, 0.42007825674587373, 0.0], [0.07885720538039405, 0.0, 0.5293945447217366, 0.0], [0.06142300108017612, 0.0, 0.4722427861929446, 0.0], [0.09037496602353061, 0.0, 0.5444348785783706, 0.0], [0.08544047619542763, 0.0, 0.3628052923459483, 0.0], [0.06768033736189469, 0.0, 0.6225297561586449, 0.0], [0.07044076942891303, 0.0, 0.5845197220896404, 0.0], [0.06148798711804908, 0.0, 0.5335600175628501, 0.0]], "Opportunities": [[[0.4070042337608134, 4.3085629240122245e-05, 0.044880863791794005, 1.0], [0.4168374096644274, 4.160686670400503e-05, 0.043340486150005235, 1.0], [0.5273994641503151, 2.41726624037871e-05, 0.025179856670611563, 1.0], [0.6993929754431996, 5.312462734714159e-05, 0.05533815348660582, 1.0], [0.6477384678188349, 4.8190137519038614e-05, 0.05019805991566522, 1.0], [0.5970062189140197, 3.0429998685505668e-05, 0.031697915297401735, 1.0], [0.4199738849345692, 3.319043075252401e-05, 0.03457336536721251, 1.0], [0.5472274283239592, 2.4237648441660056e-05, 0.025247550460062558, 1.0]], [[0.4714093161699746, 4.0813583019042275e-05, 0.04251414897816904, 1.0], [0.5410437734754395, 3.9334820482925064e-05, 0.04097377133638027, 1.0], [0.5846384638602652, 2.1900616182707133e-05, 0.022813141856986595, 1.0], [0.5054383013273934, 5.085258112606162e-05, 0.052971438672980854, 1.0], [0.4865116912864588, 4.5918091297958644e-05, 0.047831345102040256, 1.0], [0.4788500532570536, 2.81579524644257e-05, 0.02933120048377677, 1.0], [0.40028928808605696, 3.0918384531444045e-05, 0.03220665055358755, 1.0], [0.41609302385170427, 2.196560222058009e-05, 0.022880835646437593, 1.0]], [[0.0, 0.0, 0.0, 0.0], [0.0, 0.0, 0.0, 0.0], [0.0, 0.0, 0.0, 0.0], [0.0, 0.0, 0.0, 0.0], [0.0, 0.0, 0.0, 0.0], [0.0, 0.0, 0.0, 0.0], [0.0, 0.0, 0.0, 0.0], [0.0, 0.0, 0.0, 0.0]], [[0.0, 0.0, 0.0, 0.0], [0.0, 0.0, 0.0, 0.0], [0.0, 0.0, 0.0, 0.0], [0.0, 0.0, 0.0, 0.0], [0.0, 0.0, 0.0, 0.0], [0.0, 0.0, 0.0, 0.0], [0.0, 0.0, 0.0, 0.0], [0.0, 0.0, 0.0, 0.0]]]}