{"Arena": [5.0, 25.0, 0.0, 50.0, 4.0], "Effectors": [[0.02475087980874916, 0.0, 0.02475087980874916, 0.0, 1.0, 0.002, 1.0, 0.0, 0.3333333333333333, 0.09, 0.05, 0.001], [0.036835739908086966, 0.0, 0.036835739908086966, 0.0, 1.0, 0.002, 1.0, 0.0, 0.3333333333333333, 0.09, 0.05, 0.001], [0.023559722031360975, 0.0, 0.023559722031360975, 0.0, 1.0, 0.002, 1.0, 0.0, 0.3333333333333333, 0.09, 0.05, 0.001], [0.019297767610472177, 0.0, 0.019297767610472177, 0.0, 0.0, 1.3333333333333333e-05, 1.0, 0.0005, 0.3333333333333333, 0.001, 0.07692307692307693, 0.001]], "Targets": [[0.05233350939001583, 0.0, 0.6377193514997413, 0.0], [0.07048732678406501, 0.0, 0.42570697960611603, 0.0], [0.09447619160180032, 0.0, 0.5669724711922395, 0.0], [0.08377074026255076, 0.0, 0.5358265046588169, 0.0], [0.05262076791870489, 0.0, 0.631205837156946, 0.0], [0.06175758325333729, 0.0, 0.5638302647424559, 0.0], [0.0894500859786698, 0.0, 0.5334384211925787, 0.0], [0.09627823271737426, 0.0, 0.3601050138319184, 0.0]], "Opportunities": [[[0.5761572342929507, 0.0, 0.0, 1.0], [0.42239451833829667, 0.0, 0.0, 1.0], [0.6309343006710173, 0.0, 0.0, 1.0], [0.6730255984560076, 0.0, 0.0, 1.0], [0.4290739623965543, 0.0, 0.0, 1.0], [0.6955176862000942, 0.0, 0.0, 1.0], [0.4274879708470774, 0.0, 0.0, 1.0], [0.6495423491550134, 0.0, 0.0, 1.0]], [[0.6741646260887422, 0.0, 0.0, 1.0], [0.47151454916730007, 0.0, 0.0, 1.0], [0.4565181607442112, 0.0, 0.0, 1.0], [0.6458052947531393, 0.0, 0.0, 1.0], [0.49592597702711394, 0.0, 0.0, 1.0], [0.6419851724878198, 0.0, 0.0, 1.0], [0.4243291493852772, 0.0, 0.0, 1.0], [0.5944728698171312, 0.0, 0.0, 1.0]], [[0.4814318964925577, 0.0, 0.0, 1.0], [0.6386049607521991, 0.0, 0.0, 1.0], [0.5669014688204712, 0.0, 0.0, 1.0], [0.4199970822455393, 0.0, 0.0, 1.0], [0.495734170562424, 0.0, 0.0, 1.0], [0.567183736779172, 0.0, 0.0, 1.0], [0.6270569362271096, 0.0, 0.0, 1.0], [0.645750682411781, 0.0, 0.0, 1.0]], [[0.6416378360347734, 3.203574177954366e-05, 0.03337056435369131, 1.0], [0.43558237654688203, 5.018955917359283e-05, 0.052280790805825865, 1.0], [0.4374959103334883, 7.417842399132814e-05, 0.07726919165763348, 1.0], [0.5761463549159987, 6.347297265207858e-05, 0.06611767984591518, 1.0], [0.6048636120948707, 3.232300030823271e-05, 0.033669791987742406, 1.0], [0.5984323003650946, 4.145981564286512e-05, 0.04318730796131783, 1.0], [0.5936962345626545, 6.915231836819761e-05, 0.07203366496687252, 1.0], [0.5744828171031386, 7.598046510690208e-05, 0.07914631781968967, 1.0]]]}