{"Arena": [5.0, 25.0, 0.0, 50.0, 4.0], "Effectors": [[0.023911006821405522, 0.0, 0.023911006821405522, 0.0, 0.0, 1.3333333333333333e-05, 1.0, 0.0005, 0.3333333333333333, 0.001, 0.07692307692307693, 0.001], [0.01923450589832417, 0.0, 0.01923450589832417, 0.0, 0.0, 1.3333333333333333e-05, 1.0, 0.0005, 0.3333333333333333, 0.001, 0.07692307692307693, 0.001], [0.03236833648564347, 0.0, 0.03236833648564347, 0.0, 0.0, 1.3333333333333333e-05, 1.0, 0.0005, 0.3333333333333333, 0.001, 0.07692307692307693, 0.001], [0.018058022792623238, 0.0, 0.018058022792623238, 0.0, 0.0, 1.3333333333333333e-05, 1.0, 0.0005, 0.3333333333333333, 0.001, 0.07692307692307693, 0.001]], "Targets": [[0.05077458181890304, 0.0, 0.633156516213742, 0.0], [0.08629118571599402, 0.0, 0.3726435450238356, 0.0], [0.07584922856535252, 0.0, 0.3803175337729436, 0.0], [0.0929888749258834, 0.0, 0.4220461771594581, 0.0], [0.07475763988783038, 0.0, 0.45131652280518986, 0.0], [0.06766365484564149, 0.0, 0.3860664235581501, 0.0], [0.09780029166613546, 0.0, 0.5419339692923602, 0.0], [0.06922151717672279, 0.0, 0.5920874963052811, 0.0]], "Opportunities": [[[0.46558255066972687, 2.5863574997497518e-05, 0.02694122395572658, 1.0], [0.49688292891412644, 6.13801788945885e-05, 0.06393768634852968, 1.0], [0.6670092468599964, 5.0938221743946995e-05, 0.05306064764994479, 1.0], [0.4786320460990562, 6.807786810447788e-05, 0.07091444594216445, 1.0], [0.605811001858025, 4.9846633066424854e-05, 0.051923576110859224, 1.0], [0.4679355094995471, 4.275264802423596e-05, 0.04453400835857913, 1.0], [0.42773430010173763, 7.288928484472994e-05, 0.07592633837992702, 1.0], [0.44311064208788736, 4.431051035531726e-05, 0.04615678162012215, 1.0]], [[0.4049130380392142, 3.054007592057887e-05, 0.031812579083936324, 1.0], [0.6152457018798906, 6.605667981766986e-05, 0.06880904147673944, 1.0], [0.6074867894929804, 5.561472266702835e-05, 0.05793200277815453, 1.0], [0.6377709197291381, 7.275436902755922e-05, 0.07578580107037419, 1.0], [0.49249515464981664, 5.452313398950621e-05, 0.056794931239068966, 1.0], [0.5675330796417326, 4.742914894731732e-05, 0.049405363486788874, 1.0], [0.6580139198646391, 7.756578576781128e-05, 0.08079769350813676, 1.0], [0.46592278325462816, 4.8987011278398615e-05, 0.05102813674833189, 1.0]], [[0.4323262377183573, 1.7406245333259573e-05, 0.018131505555478725, 1.0], [0.6009605047521349, 5.292284923035055e-05, 0.05512796794828183, 1.0], [0.6347399362866586, 4.248089207970905e-05, 0.04425092924969693, 1.0], [0.5643172060655155, 5.962053844023993e-05, 0.06210472754191659, 1.0], [0.4809099349356593, 4.138930340218691e-05, 0.04311385771061137, 1.0], [0.5352641346336653, 3.429531835999802e-05, 0.035724289958331275, 1.0], [0.6556992365379276, 6.4431955180492e-05, 0.06711661997967916, 1.0], [0.5738736191477056, 3.585318069107932e-05, 0.03734706321987429, 1.0]], [[0.49205581708447377, 3.17165590262798e-05, 0.03303808231904146, 1.0], [0.5122386752833227, 6.723316292337078e-05, 0.07003454471184457, 1.0], [0.46407126388953135, 5.679120577272928e-05, 0.05915750601325967, 1.0], [0.5518366524943399, 7.393085213326016e-05, 0.07701130430547934, 1.0], [0.6553025401274857, 5.5699617095207145e-05, 0.058020434474174105, 1.0], [0.5322639263238305, 4.8605632053018254e-05, 0.05063086672189401, 1.0], [0.577980989804231, 7.874226887351223e-05, 0.0820231967432419, 1.0], [0.5063185224757545, 5.016349438409955e-05, 0.05225363998343703, 1.0]]]}