{"Arena": [5.0, 25.0, 0.0, 50.0, 4.0], "Effectors": [[0.034618151759640066, 0.0, 0.034618151759640066, 0.0, 1.0, 0.002, 1.0, 0.0, 0.3333333333333333, 0.09, 0.05, 0.001], [0.027019943013624165, 0.0, 0.027019943013624165, 0.0, 0.0, 1.3333333333333333e-05, 1.0, 0.0005, 0.3333333333333333, 0.001, 0.07692307692307693, 0.001], [0.026356775506585516, 0.0, 0.026356775506585516, 0.0, 0.0, 1.6666666666666667e-06, 1.0, 4e-05, 0.3333333333333333, 0.0015, 0.5, 0.001], [0.015011870407068147, 0.0, 0.015011870407068147, 0.0, 0.0, 1.6666666666666667e-06, 1.0, 4e-05, 0.3333333333333333, 0.0015, 0.5, 0.001]], "Targets": [[0.060009368227992896, 0.0, 0.4130236497751577, 0.0], [0.07886366899090275, 0.0, 0.6015553847776076, 0.0], [0.054815592612651606, 0.0, 0.3877963962681884, 0.0], [0.0738754542782036, 0.0, 0.3929910836469927, 0.0], [0.0603010990882168, 0.0, 0.49666738835873536, 0.0], [0.05204764116643308, 0.0, 0.5955739319199292, 0.0], [0.06514434248034766, 0.0, 0.48936148318839784, 0.0], [0.09572799889912675, 0.0, 0.558133104233377, 0.0]], "Opportunities": [[[0.42313302638450845, 0.0, 0.0, 1.0], [0.41742829398696013, 0.0, 0.0, 1.0], [0.48417865482595024, 0.0, 0.0, 1.0], [0.49868510519974574, 0.0, 0.0, 1.0], [0.6787209447901028, 0.0, 0.0, 1.0], [0.5515523449185814, 0.0, 0.0, 1.0], [0.4361902080108455, 0.0, 0.0, 1.0], [0.5126939266507269, 0.0, 0.0, 1.0]], [[0.4560370291369233, 3.1989425214368736e-05, 0.0333223179316341, 1.0], [0.4996320077275147, 5.0843725977278585e-05, 0.0529622145596652, 1.0], [0.4980413178051644, 2.6795649599027442e-05, 0.02791213499898692, 1.0], [0.6556045287211498, 4.585551126457945e-05, 0.047766157567270255, 1.0], [0.5557698022889357, 3.2281156074592626e-05, 0.033626204244367325, 1.0], [0.6101099582555716, 2.4027698152808916e-05, 0.025028852242509288, 1.0], [0.6138811425546375, 3.71243994667235e-05, 0.03867124944450364, 1.0], [0.6110357583976587, 6.770805588550259e-05, 0.07052922488073186, 1.0]], [[0.0, 0.0, 0.0, 0.0], [0.0, 0.0, 0.0, 0.0], [0.0, 0.0, 0.0, 0.0], [0.0, 0.0, 0.0, 0.0], [0.0, 0.0, 0.0, 0.0], [0.0, 0.0, 0.0, 0.0], [0.0, 0.0, 0.0, 0.0], [0.0, 0.0, 0.0, 0.0]], [[0.0, 0.0, 0.0, 0.0], [0.0, 0.0, 0.0, 0.0], [0.0, 0.0, 0.0, 0.0], [0.0, 0.0, 0.0, 0.0], [0.0, 0.0, 0.0, 0.0], [0.0, 0.0, 0.0, 0.0], [0.0, 0.0, 0.0, 0.0], [0.0, 0.0, 0.0, 0.0]]]}