{"Arena": [5.0, 25.0, 0.0, 50.0, 4.0], "Effectors": [[0.0475164830070345, 0.0, 0.0475164830070345, 0.0, 1.0, 0.002, 1.0, 0.0, 0.3333333333333333, 0.09, 0.05, 0.001], [0.0415416884253015, 0.0, 0.0415416884253015, 0.0, 0.0, 1.3333333333333333e-05, 1.0, 0.0005, 0.3333333333333333, 0.001, 0.07692307692307693, 0.001], [0.049635378647814886, 0.0, 0.049635378647814886, 0.0, 0.0, 1.3333333333333333e-05, 1.0, 0.0005, 0.3333333333333333, 0.001, 0.07692307692307693, 0.001], [0.027525803692540356, 0.0, 0.027525803692540356, 0.0, 0.0, 1.3333333333333333e-05, 1.0, 0.0005, 0.3333333333333333, 0.001, 0.07692307692307693, 0.001]], "Targets": [[0.05309587831346002, 0.0, 0.4537612931901544, 0.0], [0.06235639727077929, 0.0, 0.5775466329892704, 0.0], [0.08578355224252056, 0.0, 0.6426879180176247, 0.0], [0.05893059981850412, 0.0, 0.4992320302483444, 0.0], [0.09157491963420207, 0.0, 0.6055425495558286, 0.0], [0.053113381704048016, 0.0, 0.6432801670064028, 0.0], [0.06214746577368845, 0.0, 0.405771188825781, 0.0], [0.0651736229842646, 0.0, 0.49827835788219865, 0.0]], "Opportunities": [[[0.5322974522966505, 0.0, 0.0, 1.0], [0.4488556135277402, 0.0, 0.0, 1.0], [0.4458249296510332, 0.0, 0.0, 1.0], [0.6484948209564924, 0.0, 0.0, 1.0], [0.5803265610009442, 0.0, 0.0, 1.0], [0.4364182256347311, 0.0, 0.0, 1.0], [0.48773376075286395, 0.0, 0.0, 1.0], [0.40805274583259316, 0.0, 0.0, 1.0]], [[0.46473278874073193, 1.0554189888158517e-05, 0.010993947800165122, 1.0], [0.6329191708900436, 1.9814708845477785e-05, 0.020640321714039362, 1.0], [0.630624141101373, 4.324186381721906e-05, 0.045043608142936516, 1.0], [0.41973076861979197, 1.6388911393202616e-05, 0.017071782701252727, 1.0], [0.5092868760883681, 4.9033231208900566e-05, 0.051076282509271424, 1.0], [0.46367538663947094, 1.0571693278746512e-05, 0.011012180498694284, 1.0], [0.4056177585543487, 1.960577734838695e-05, 0.020422684737903072, 1.0], [0.420519095438588, 2.26319345589631e-05, 0.02357493183225323, 1.0]], [[0.4436881915935006, 2.460499665645135e-06, 0.0025630204850470156, 1.0], [0.6794962883314397, 1.1721018622964402e-05, 0.012209394398921252, 1.0], [0.6913015471203685, 3.514817359470567e-05, 0.036612680827818406, 1.0], [0.5721611265316244, 8.295221170689232e-06, 0.008640855386134617, 1.0], [0.6906376676129058, 4.0939540986387187e-05, 0.04264535519415332, 1.0], [0.5232333071740962, 2.4780030562331296e-06, 0.0025812531835761768, 1.0], [0.5944989914764227, 1.1512087125873565e-05, 0.011991757422784965, 1.0], [0.5973568370994784, 1.4538244336449714e-05, 0.015144004517135119, 1.0]], [[0.5142563113651127, 2.4570074620919663e-05, 0.02559382773012465, 1.0], [0.6068181276607421, 3.3830593578238936e-05, 0.035240201643998895, 1.0], [0.5430614526246753, 5.72577485499802e-05, 0.05964348807289604, 1.0], [0.42841044928668115, 3.0404796125963767e-05, 0.03167166263121226, 1.0], [0.6598407770872124, 6.30491159416617e-05, 0.06567616243923095, 1.0], [0.5251935121877477, 2.458757801150766e-05, 0.025612060428653813, 1.0], [0.4782315824306359, 3.36216620811481e-05, 0.035022564667862605, 1.0], [0.6057889536350552, 3.664781929172424e-05, 0.038174811762212754, 1.0]]]}