{"Arena": [5.0, 25.0, 0.0, 50.0, 4.0], "Effectors": [[0.011799513948747344, 0.0, 0.011799513948747344, 0.0, 0.0, 1.3333333333333333e-05, 1.0, 0.0005, 0.3333333333333333, 0.001, 0.07692307692307693, 0.001], [0.012268564614049954, 0.0, 0.012268564614049954, 0.0, 0.0, 1.6666666666666667e-06, 1.0, 4e-05, 0.3333333333333333, 0.0015, 0.5, 0.001], [0.026303818613894397, 0.0, 0.026303818613894397, 0.0, 0.0, 1.6666666666666667e-06, 1.0, 4e-05, 0.3333333333333333, 0.0015, 0.5, 0.001], [0.036448848763651315, 0.0, 0.036448848763651315, 0.0, 0.0, 1.6666666666666667e-06, 1.0, 4e-05, 0.3333333333333333, 0.0015, 0.5, 0.001]], "Targets": [[0.07930577244846532, 0.0, 0.5769028622098041, 0.0], [0.06667563991461119, 0.0, 0.6234710204876905, 0.0], [0.06925804749223745, 0.0, 0.35812566228779036, 0.0], [0.05377686923890331, 0.0, 0.5978681026971983, 0.0], [0.055205234307027215, 0.0, 0.6291372543206076, 0.0], [0.05855259202524752, 0.0, 0.5532719695047164, 0.0], [0.06369285074083655, 0.0, 0.48234491486338704, 0.0], [0.06933228362236221, 0.0, 0.4206532346166485, 0.0]], "Opportunities": [[[0.4310060549074616, 6.650625849971797e-05, 0.0692773526038729, 1.0], [0.5367591163589085, 5.387612596586384e-05, 0.05612096454777484, 1.0], [0.53459380052813, 5.6458533543490104e-05, 0.05881097244113553, 1.0], [0.6949925334527872, 4.097735529015597e-05, 0.04268474509391247, 1.0], [0.4057949856876325, 4.2405720358279874e-05, 0.0441726253732082, 1.0], [0.6051490132215241, 4.575307807650018e-05, 0.04765945632968768, 1.0], [0.6882215480488432, 5.0893336792089214e-05, 0.0530138924917596, 1.0], [0.5511850195380763, 5.653276967361487e-05, 0.058888301743348824, 1.0]], [[0.0, 0.0, 0.0, 0.0], [0.0, 0.0, 0.0, 0.0], [0.0, 0.0, 0.0, 0.0], [0.0, 0.0, 0.0, 0.0], [0.0, 0.0, 0.0, 0.0], [0.0, 0.0, 0.0, 0.0], [0.0, 0.0, 0.0, 0.0], [0.0, 0.0, 0.0, 0.0]], [[0.0, 0.0, 0.0, 0.0], [0.0, 0.0, 0.0, 0.0], [0.0, 0.0, 0.0, 0.0], [0.0, 0.0, 0.0, 0.0], [0.0, 0.0, 0.0, 0.0], [0.0, 0.0, 0.0, 0.0], [0.0, 0.0, 0.0, 0.0], [0.0, 0.0, 0.0, 0.0]], [[0.0, 0.0, 0.0, 0.0], [0.0, 0.0, 0.0, 0.0], [0.0, 0.0, 0.0, 0.0], [0.4410055466619766, 1.5828020475251995e-05, 0.13190017062709997, 1.0], [0.5591853032570229, 1.72563855433759e-05, 0.14380321286146583, 1.0], [0.0, 0.0, 0.0, 0.0], [0.0, 0.0, 0.0, 0.0], [0.0, 0.0, 0.0, 0.0]]]}