{"Arena": [5.0, 25.0, 0.0, 50.0, 4.0], "Effectors": [[0.026954254655831924, 0.0, 0.026954254655831924, 0.0, 1.0, 0.002, 1.0, 0.0, 0.3333333333333333, 0.09, 0.05, 0.001], [0.012427637677162507, 0.0, 0.012427637677162507, 0.0, 0.0, 1.3333333333333333e-05, 1.0, 0.0005, 0.3333333333333333, 0.001, 0.07692307692307693, 0.001], [0.04483958118894588, 0.0, 0.04483958118894588, 0.0, 0.0, 1.3333333333333333e-05, 1.0, 0.0005, 0.3333333333333333, 0.001, 0.07692307692307693, 0.001], [0.025106362515273338, 0.0, 0.025106362515273338, 0.0, 0.0, 1.3333333333333333e-05, 1.0, 0.0005, 0.3333333333333333, 0.001, 0.07692307692307693, 0.001]], "Targets": [[0.05104669644562572, 0.0, 0.5278434896414279, 0.0], [0.09243464517889077, 0.0, 0.5172001965447046, 0.0], [0.07170142249906043, 0.0, 0.5209629896418233, 0.0], [0.05697782487635286, 0.0, 0.4967886252684404, 0.0], [0.07606221408041555, 0.0, 0.5463474983411554, 0.0], [0.08708357506392315, 0.0, 0.5545034403557989, 0.0], [0.09757765840778648, 0.0, 0.6017611990913057, 0.0], [0.0822970613878766, 0.0, 0.3914655774230031, 0.0]], "Opportunities": [[[0.4815741232002133, 0.0, 0.0, 1.0], [0.6793246030336062, 0.0, 0.0, 1.0], [0.6032398391558711, 0.0, 0.0, 1.0], [0.6344911368006402, 0.0, 0.0, 1.0], [0.4310640196219901, 0.0, 0.0, 1.0], [0.6536689434185133, 0.0, 0.0, 1.0], [0.6075676589325841, 0.0, 0.0, 1.0], [0.5945325209900469, 0.0, 0.0, 1.0]], [[0.5674046765611915, 3.7619058768463213e-05, 0.03918651955048252, 1.0], [0.5619916555099811, 7.900700750172827e-05, 0.0822989661476336, 1.0], [0.6021709003537461, 5.827378482189793e-05, 0.06070185918947701, 1.0], [0.452870400037325, 4.3550187199190355e-05, 0.045364778332489954, 1.0], [0.5853432788716955, 6.263457640325305e-05, 0.06524435042005525, 1.0], [0.6147370628742097, 7.365593738676065e-05, 0.07672493477787568, 1.0], [0.4556395817431618, 8.415002073062398e-05, 0.08765627159439997, 1.0], [0.6673309410694894, 6.886942371071409e-05, 0.07173898303199384, 1.0]], [[0.4588064726360183, 5.207115256679836e-06, 0.005424078392374829, 1.0], [0.6973249829128919, 4.659506398994489e-05, 0.04853652498952593, 1.0], [0.6986373880530852, 2.586184131011455e-05, 0.026939418031369324, 1.0], [0.45235034151943365, 1.1138243687406978e-05, 0.011602337174382268, 1.0], [0.5770350984674839, 3.022263289146967e-05, 0.03148190926194757, 1.0], [0.44454366276676466, 4.124399387497727e-05, 0.04296249361976799, 1.0], [0.6018756062195079, 5.17380772188406e-05, 0.05389383043629229, 1.0], [0.48595732194425134, 3.6457480198930715e-05, 0.03797654187388616, 1.0]], [[0.4301104155706097, 2.4940333930352383e-05, 0.02597951451078373, 1.0], [0.4563944647904479, 6.632828266361743e-05, 0.06909196110793482, 1.0], [0.6532507061176693, 4.5595059983787095e-05, 0.04749485414977823, 1.0], [0.4769809896246562, 3.087146236107952e-05, 0.032157773292791174, 1.0], [0.43094509199917774, 4.995585156514221e-05, 0.052037345380356474, 1.0], [0.619088684851309, 6.097721254864982e-05, 0.0635179297381769, 1.0], [0.6891973940131191, 7.147129589251314e-05, 0.07444926655470119, 1.0], [0.44192841426616414, 5.619069887260326e-05, 0.058531977992295064, 1.0]]]}