{"Arena": [5.0, 25.0, 0.0, 50.0, 4.0], "Effectors": [[0.013782426092096213, 0.0, 0.013782426092096213, 0.0, 1.0, 0.002, 1.0, 0.0, 0.3333333333333333, 0.09, 0.05, 0.001], [0.011149556626376459, 0.0, 0.011149556626376459, 0.0, 0.0, 1.3333333333333333e-05, 1.0, 0.0005, 0.3333333333333333, 0.001, 0.07692307692307693, 0.001], [0.012055630847448654, 0.0, 0.012055630847448654, 0.0, 0.0, 1.3333333333333333e-05, 1.0, 0.0005, 0.3333333333333333, 0.001, 0.07692307692307693, 0.001], [0.010645521063000088, 0.0, 0.010645521063000088, 0.0, 0.0, 1.3333333333333333e-05, 1.0, 0.0005, 0.3333333333333333, 0.001, 0.07692307692307693, 0.001]], "Targets": [[0.052481115249129816, 0.0, 0.4460864860478359, 0.0], [0.05374154141702345, 0.0, 0.6104821317164036, 0.0], [0.09237995151873668, 0.0, 0.35933529101175166, 0.0], [0.06293750764334219, 0.0, 0.6172749786554175, 0.0], [0.06018548283920149, 0.0, 0.46973732259935713, 0.0], [0.05636572276263312, 0.0, 0.3848769959960694, 0.0], [0.08264548537437084, 0.0, 0.41452591219758494, 0.0], [0.05951368637473599, 0.0, 0.4849119263241718, 0.0]], "Opportunities": [[[0.5752176707875114, 0.0, 0.0, 1.0], [0.614760070408044, 0.0, 0.0, 1.0], [0.6212582263632438, 0.0, 0.0, 1.0], [0.5422862636245712, 0.0, 0.0, 1.0], [0.6397995762323879, 0.0, 0.0, 1.0], [0.5236041440836005, 0.0, 0.0, 1.0], [0.6582734423771271, 0.0, 0.0, 1.0], [0.6570307893235992, 0.0, 0.0, 1.0]], [[0.4270376313955112, 4.033155862275335e-05, 0.042012040232034746, 1.0], [0.5222296224820888, 4.1591984790646994e-05, 0.04332498415692395, 1.0], [0.6354639329073184, 8.023039489236022e-05, 0.08357332801287523, 1.0], [0.511805565390828, 5.078795101696573e-05, 0.05290411564267264, 1.0], [0.5870640697730026, 4.803592621282503e-05, 0.050037423138359405, 1.0], [0.6699021410233397, 4.421616613625666e-05, 0.04605850639193402, 1.0], [0.4007336107279408, 7.049592874799439e-05, 0.07343325911249415, 1.0], [0.6205279453785367, 4.7364129748359533e-05, 0.04933763515454118, 1.0]], [[0.490601946137487, 3.942548440168116e-05, 0.041068212918417876, 1.0], [0.4615073061068188, 4.06859105695748e-05, 0.04238115684330708, 1.0], [0.6122847975572394, 7.932432067128803e-05, 0.08262950069925837, 1.0], [0.5434940597205641, 4.988187679589354e-05, 0.05196028832905577, 1.0], [0.6260914872017457, 4.712985199175283e-05, 0.049093595824742535, 1.0], [0.6903554238060965, 4.3310091915184465e-05, 0.04511467907831715, 1.0], [0.6290346023903193, 6.958985452692219e-05, 0.07248943179887729, 1.0], [0.5458145576174435, 4.645805552728734e-05, 0.04839380784092431, 1.0]], [[0.6558259298015019, 4.0835594186129726e-05, 0.04253707727721846, 1.0], [0.4957977464980121, 4.2096020354023356e-05, 0.04385002120210767, 1.0], [0.6376260075084321, 8.07344304557366e-05, 0.08409836505805895, 1.0], [0.5596125052130047, 5.12919865803421e-05, 0.053429152687856356, 1.0], [0.4737204439201549, 4.85399617762014e-05, 0.05056246018354313, 1.0], [0.4414857235086247, 4.4720201699633035e-05, 0.04658354343711774, 1.0], [0.49156361850857827, 7.099996431137076e-05, 0.07395829615767788, 1.0], [0.6986117895770639, 4.78681653117359e-05, 0.04986267219972489, 1.0]]]}