{"Arena": [5.0, 25.0, 0.0, 50.0, 4.0], "Effectors": [[0.01761969483572997, 0.0, 0.01761969483572997, 0.0, 1.0, 0.002, 1.0, 0.0, 0.3333333333333333, 0.09, 0.05, 0.001], [0.014244902984777737, 0.0, 0.014244902984777737, 0.0, 0.0, 1.3333333333333333e-05, 1.0, 0.0005, 0.3333333333333333, 0.001, 0.07692307692307693, 0.001], [0.03686431803248435, 0.0, 0.03686431803248435, 0.0, 0.0, 1.3333333333333333e-05, 1.0, 0.0005, 0.3333333333333333, 0.001, 0.07692307692307693, 0.001], [0.02241963248175793, 0.0, 0.02241963248175793, 0.0, 0.0, 1.3333333333333333e-05, 1.0, 0.0005, 0.3333333333333333, 0.001, 0.07692307692307693, 0.001]], "Targets": [[0.08249846757234389, 0.0, 0.5677186667841598, 0.0], [0.09628241007974855, 0.0, 0.4340481524179923, 0.0], [0.051248499267344434, 0.0, 0.3988961653199472, 0.0], [0.07976388300548488, 0.0, 0.564237464379464, 0.0], [0.05174614270832078, 0.0, 0.37896984749026325, 0.0], [0.0898444241928282, 0.0, 0.3815311257908036, 0.0], [0.08565937913469467, 0.0, 0.6492560824039488, 0.0], [0.07485716057142798, 0.0, 0.355194610678535, 0.0]], "Opportunities": [[[0.6684501588176068, 0.0, 0.0, 1.0], [0.5561321411678207, 0.0, 0.0, 1.0], [0.693116310751543, 0.0, 0.0, 1.0], [0.41346373404198933, 0.0, 0.0, 1.0], [0.6830955150453275, 0.0, 0.0, 1.0], [0.5191338456765894, 0.0, 0.0, 1.0], [0.4582995143379248, 0.0, 0.0, 1.0], [0.586858209967698, 0.0, 0.0, 1.0]], [[0.6429771291948959, 6.725356458756615e-05, 0.07005579644538142, 1.0], [0.6754369605699786, 8.103750709497082e-05, 0.0844140698905946, 1.0], [0.4365893693352677, 3.60035962825667e-05, 0.03750374612767365, 1.0], [0.4104294337722468, 6.451898002070715e-05, 0.06720727085490329, 1.0], [0.5633369768559138, 3.650123972354304e-05, 0.03802212471202401, 1.0], [0.5782987267879975, 7.459952120805047e-05, 0.07770783459171925, 1.0], [0.6780402026019701, 7.041447614991693e-05, 0.07334841265616347, 1.0], [0.45943293698552795, 5.961225758665024e-05, 0.06209610165276067, 1.0]], [[0.6830481916537341, 4.463414953985954e-05, 0.046493905770687016, 1.0], [0.5125547170782239, 5.841809204726421e-05, 0.060852179215900214, 1.0], [0.4805183771119173, 1.3384181234860086e-05, 0.013941855452979256, 1.0], [0.5095019249414984, 4.189956497300053e-05, 0.043645380180208894, 1.0], [0.4564257692560353, 1.388182467583643e-05, 0.014460234037329614, 1.0], [0.6862773557166966, 5.1980106160343856e-05, 0.05414594391702485, 1.0], [0.487209034520011, 4.779506110221032e-05, 0.04978652198146908, 1.0], [0.48016029460181764, 3.699284253894363e-05, 0.03853421097806628, 1.0]], [[0.6868750593655784, 5.9078835090585955e-05, 0.061540453219360365, 1.0], [0.5972568107703043, 7.286277759799062e-05, 0.07589872666457356, 1.0], [0.5359551860829151, 2.7828866785586505e-05, 0.028988402901652607, 1.0], [0.689525819821527, 5.634425052372695e-05, 0.05869192762888224, 1.0], [0.635024956125685, 2.832651022656285e-05, 0.029506781486002966, 1.0], [0.4042276665552006, 6.642479171107026e-05, 0.0691924913656982, 1.0], [0.5875176648751722, 6.223974665293673e-05, 0.06483306943014243, 1.0], [0.5992617968370522, 5.1437528089670045e-05, 0.053580758426739636, 1.0]]]}