{"Arena": [5.0, 25.0, 0.0, 50.0, 4.0], "Effectors": [[0.0456411043707865, 0.0, 0.0456411043707865, 0.0, 0.0, 1.3333333333333333e-05, 1.0, 0.0005, 0.3333333333333333, 0.001, 0.07692307692307693, 0.001], [0.021996032301841523, 0.0, 0.021996032301841523, 0.0, 0.0, 1.3333333333333333e-05, 1.0, 0.0005, 0.3333333333333333, 0.001, 0.07692307692307693, 0.001], [0.037997585388612955, 0.0, 0.037997585388612955, 0.0, 0.0, 1.3333333333333333e-05, 1.0, 0.0005, 0.3333333333333333, 0.001, 0.07692307692307693, 0.001], [0.025257647923609596, 0.0, 0.025257647923609596, 0.0, 0.0, 1.6666666666666667e-06, 1.0, 4e-05, 0.3333333333333333, 0.0015, 0.5, 0.001]], "Targets": [[0.08044678614837082, 0.0, 0.5951182366681312, 0.0], [0.06586835718322465, 0.0, 0.43014228660921117, 0.0], [0.06866575421414095, 0.0, 0.4083310362687902, 0.0], [0.07839808923345153, 0.0, 0.5954510056148388, 0.0], [0.08337178121102971, 0.0, 0.44441324804018933, 0.0], [0.09794278734126452, 0.0, 0.6161325443404337, 0.0], [0.07074513771899225, 0.0, 0.4952036898754272, 0.0], [0.06146245480719949, 0.0, 0.4441250739761179, 0.0]], "Opportunities": [[[0.5006436110926824, 3.380568177758432e-05, 0.035214251851650336, 1.0], [0.6187929173827206, 1.9227252812438146e-05, 0.020028388346289734, 1.0], [0.6630112128537542, 2.202464984335445e-05, 0.022942343586827552, 1.0], [0.4753470614698666, 3.1756984862665026e-05, 0.03308019256527607, 1.0], [0.5671367056571894, 3.673067684024321e-05, 0.03826112170858668, 1.0], [0.5382080015030144, 5.130168297047802e-05, 0.053439253094247935, 1.0], [0.5561729920346387, 2.4104033348205753e-05, 0.02510836807104766, 1.0], [0.5977231739420841, 1.4821350436412986e-05, 0.01543890670459686, 1.0]], [[0.5863055005343503, 5.74507538465293e-05, 0.059844535256801355, 1.0], [0.4060544128647597, 4.287232488138313e-05, 0.044658671751440754, 1.0], [0.6512819566122456, 4.566972191229943e-05, 0.04757262699197857, 1.0], [0.4534464722112977, 5.540205693161e-05, 0.05771047597042709, 1.0], [0.5295643874252748, 6.0375748909188194e-05, 0.0628914051137377, 1.0], [0.4973847123191356, 7.4946755039423e-05, 0.07806953649939896, 1.0], [0.5734483322675471, 4.774910541715073e-05, 0.04973865147619868, 1.0], [0.6078064707131542, 3.8466422505357964e-05, 0.04006919010974788, 1.0]], [[0.40059111327289854, 4.144920075975787e-05, 0.04317625079141445, 1.0], [0.45879395958891567, 2.6870771794611692e-05, 0.027990387286053846, 1.0], [0.6250661013389465, 2.9668168825527994e-05, 0.030904342526591664, 1.0], [0.417269099580599, 3.9400503844838574e-05, 0.04104219150504018, 1.0], [0.6651172855578431, 4.437419582241676e-05, 0.04622312064835079, 1.0], [0.5780030966603176, 5.894520195265157e-05, 0.06140125203401205, 1.0], [0.6738080807469917, 3.17475523303793e-05, 0.03307036701081177, 1.0], [0.6265858260595963, 2.2464869418586533e-05, 0.02340090564436097, 1.0]], [[0.0, 0.0, 0.0, 0.0], [0.0, 0.0, 0.0, 0.0], [0.0, 0.0, 0.0, 0.0], [0.0, 0.0, 0.0, 0.0], [0.0, 0.0, 0.0, 0.0], [0.0, 0.0, 0.0, 0.0], [0.0, 0.0, 0.0, 0.0], [0.0, 0.0, 0.0, 0.0]]]}