{"Arena": [5.0, 25.0, 0.0, 50.0, 4.0], "Effectors": [[0.03382698737286387, 0.0, 0.03382698737286387, 0.0, 1.0, 0.002, 1.0, 0.0, 0.3333333333333333, 0.09, 0.05, 0.001], [0.01495445195484078, 0.0, 0.01495445195484078, 0.0, 0.0, 1.6666666666666667e-06, 1.0, 4e-05, 0.3333333333333333, 0.0015, 0.5, 0.001], [0.03370778405004461, 0.0, 0.03370778405004461, 0.0, 0.0, 1.6666666666666667e-06, 1.0, 4e-05, 0.3333333333333333, 0.0015, 0.5, 0.001], [0.016447568743562485, 0.0, 0.016447568743562485, 0.0, 0.0, 1.6666666666666667e-06, 1.0, 4e-05, 0.3333333333333333, 0.0015, 0.5, 0.001]], "Targets": [[0.05414289117109296, 0.0, 0.4286041139275484, 0.0], [0.07507704095428717, 0.0, 0.6148905521335946, 0.0], [0.08219702292546126, 0.0, 0.6208131802861199, 0.0], [0.09277425695461108, 0.0, 0.477471038401719, 0.0], [0.06233115972459648, 0.0, 0.4517117410808385, 0.0], [0.09905117535965567, 0.0, 0.4366277711628922, 0.0], [0.08116814221833178, 0.0, 0.6260837388726852, 0.0], [0.081425222941424, 0.0, 0.48059272220171356, 0.0]], "Opportunities": [[[0.5430661293124365, 0.0, 0.0, 1.0], [0.410397059287437, 0.0, 0.0, 1.0], [0.608466213198487, 0.0, 0.0, 1.0], [0.6483358447490765, 0.0, 0.0, 1.0], [0.6087670558420876, 0.0, 0.0, 1.0], [0.49593653062110066, 0.0, 0.0, 1.0], [0.49122709896830197, 0.0, 0.0, 1.0], [0.5245567606269347, 0.0, 0.0, 1.0]], [[0.0, 0.0, 0.0, 0.0], [0.0, 0.0, 0.0, 0.0], [0.0, 0.0, 0.0, 0.0], [0.0, 0.0, 0.0, 0.0], [0.0, 0.0, 0.0, 0.0], [0.0, 0.0, 0.0, 0.0], [0.0, 0.0, 0.0, 0.0], [0.0, 0.0, 0.0, 0.0]], [[0.577113091536855, 1.8935107121048344e-05, 0.15779255934206954, 1.0], [0.0, 0.0, 0.0, 0.0], [0.0, 0.0, 0.0, 0.0], [0.0, 0.0, 0.0, 0.0], [0.0, 0.0, 0.0, 0.0], [0.0, 0.0, 0.0, 0.0], [0.0, 0.0, 0.0, 0.0], [0.0, 0.0, 0.0, 0.0]], [[0.0, 0.0, 0.0, 0.0], [0.0, 0.0, 0.0, 0.0], [0.0, 0.0, 0.0, 0.0], [0.0, 0.0, 0.0, 0.0], [0.0, 0.0, 0.0, 0.0], [0.0, 0.0, 0.0, 0.0], [0.0, 0.0, 0.0, 0.0], [0.0, 0.0, 0.0, 0.0]]]}