{"Arena": [5.0, 25.0, 0.0, 50.0, 4.0], "Effectors": [[0.03428552596983017, 0.0, 0.03428552596983017, 0.0, 1.0, 0.002, 1.0, 0.0, 0.3333333333333333, 0.09, 0.05, 0.001], [0.013246912479578082, 0.0, 0.013246912479578082, 0.0, 0.0, 1.3333333333333333e-05, 1.0, 0.0005, 0.3333333333333333, 0.001, 0.07692307692307693, 0.001], [0.04602050190664852, 0.0, 0.04602050190664852, 0.0, 0.0, 1.3333333333333333e-05, 1.0, 0.0005, 0.3333333333333333, 0.001, 0.07692307692307693, 0.001], [0.047096126433124004, 0.0, 0.047096126433124004, 0.0, 0.0, 1.3333333333333333e-05, 1.0, 0.0005, 0.3333333333333333, 0.001, 0.07692307692307693, 0.001]], "Targets": [[0.05884709977001847, 0.0, 0.5790904228139621, 0.0], [0.0929915197700216, 0.0, 0.5918104982166387, 0.0], [0.06420152989353645, 0.0, 0.5768876511668598, 0.0], [0.06955362336424828, 0.0, 0.5591605617932334, 0.0], [0.05150333663872888, 0.0, 0.4087574961134944, 0.0], [0.08862655954664808, 0.0, 0.5935492097670617, 0.0], [0.07555925546052654, 0.0, 0.5660241262454156, 0.0], [0.05984454899830185, 0.0, 0.3882421761277517, 0.0]], "Opportunities": [[[0.6594592570530152, 0.0, 0.0, 1.0], [0.6004586890412298, 0.0, 0.0, 1.0], [0.577307926466929, 0.0, 0.0, 1.0], [0.6622123411938395, 0.0, 0.0, 1.0], [0.5802479309455033, 0.0, 0.0, 1.0], [0.4302610583047508, 0.0, 0.0, 1.0], [0.5507648191073407, 0.0, 0.0, 1.0], [0.5722073467705656, 0.0, 0.0, 1.0]], [[0.5238360987044697, 4.460018729044039e-05, 0.04645852842754208, 1.0], [0.4778776410099428, 7.874460729044351e-05, 0.082025632594212, 1.0], [0.6109746137828838, 4.995461741395836e-05, 0.052036059806206625, 1.0], [0.4481398987095038, 5.5306710884670197e-05, 0.05761115717153145, 1.0], [0.5470503378135358, 3.72564241591508e-05, 0.038808775165782086, 1.0], [0.6547369009573234, 7.437964706707e-05, 0.07747879902819792, 1.0], [0.6596690024303355, 6.131234298094845e-05, 0.06386702393848798, 1.0], [0.4321522591802325, 4.5597636518723774e-05, 0.04749753804033726, 1.0]], [[0.6052344583246698, 1.1826597863369953e-05, 0.012319372774343702, 1.0], [0.5527908642848268, 4.597101786337308e-05, 0.047886476941013625, 1.0], [0.6622584968664325, 1.7181027986887927e-05, 0.017896904153008257, 1.0], [0.6350505005502505, 2.253312145759976e-05, 0.023472001518333084, 1.0], [0.6354272075609622, 4.4828347320803604e-06, 0.004669619512583709, 1.0], [0.5459774350224776, 4.1606057639999566e-05, 0.04333964337499954, 1.0], [0.5269530602982039, 2.853875355387802e-05, 0.029727868285289605, 1.0], [0.5122985330357523, 1.2824047091653329e-05, 0.013358382387138885, 1.0]], [[0.5021581434142285, 1.0750973336894468e-05, 0.011198930559265071, 1.0], [0.5118847816936198, 4.4895393336897595e-05, 0.04676603472593499, 1.0], [0.6531578499398885, 1.610540346041244e-05, 0.016776461937929626, 1.0], [0.5611784688106731, 2.1457496931124276e-05, 0.022351559303254453, 1.0], [0.4134516763893579, 3.407210205604875e-06, 0.0035491772975050784, 1.0], [0.43042145688503625, 4.0530433113524076e-05, 0.042219201159920915, 1.0], [0.5194939856394922, 2.7463129027402536e-05, 0.028607426070210974, 1.0], [0.4773576479364398, 1.1748422565177844e-05, 0.012237940172060254, 1.0]]]}