{"Arena": [5.0, 25.0, 0.0, 50.0, 4.0], "Effectors": [[0.04549805985229331, 0.0, 0.04549805985229331, 0.0, 1.0, 0.002, 1.0, 0.0, 0.3333333333333333, 0.09, 0.05, 0.001], [0.02008655203912521, 0.0, 0.02008655203912521, 0.0, 1.0, 0.002, 1.0, 0.0, 0.3333333333333333, 0.09, 0.05, 0.001], [0.0397972869855503, 0.0, 0.0397972869855503, 0.0, 0.0, 1.3333333333333333e-05, 1.0, 0.0005, 0.3333333333333333, 0.001, 0.07692307692307693, 0.001], [0.02771559434146848, 0.0, 0.02771559434146848, 0.0, 0.0, 1.3333333333333333e-05, 1.0, 0.0005, 0.3333333333333333, 0.001, 0.07692307692307693, 0.001]], "Targets": [[0.05214314824772065, 0.0, 0.5187031899388551, 0.0], [0.05028845948005242, 0.0, 0.3987761435450222, 0.0], [0.08350438390433851, 0.0, 0.5797277431372995, 0.0], [0.08020166146095778, 0.0, 0.38759566896873643, 0.0], [0.08774518417539126, 0.0, 0.37730662636155615, 0.0], [0.05297748944339888, 0.0, 0.5148852874818395, 0.0], [0.07582308442624461, 0.0, 0.40633912415830664, 0.0], [0.0512555896295727, 0.0, 0.36658243907352905, 0.0]], "Opportunities": [[[0.5602897824494025, 0.0, 0.0, 1.0], [0.5048685648262782, 0.0, 0.0, 1.0], [0.5673543438035432, 0.0, 0.0, 1.0], [0.5908422782034597, 0.0, 0.0, 1.0], [0.4879763839756794, 0.0, 0.0, 1.0], [0.6154086441386181, 0.0, 0.0, 1.0], [0.6918749676935962, 0.0, 0.0, 1.0], [0.5250544551250206, 0.0, 0.0, 1.0]], [[0.5819901024929239, 0.0, 0.0, 1.0], [0.6090809644405788, 0.0, 0.0, 1.0], [0.5239960213063903, 0.0, 0.0, 1.0], [0.6089205293427222, 0.0, 0.0, 1.0], [0.6026313965821327, 0.0, 0.0, 1.0], [0.4640684500879614, 0.0, 0.0, 1.0], [0.6308111521313488, 0.0, 0.0, 1.0], [0.4241150576763022, 0.0, 0.0, 1.0]], [[0.5496476516746901, 1.1345861262170347e-05, 0.011818605481427444, 1.0], [0.5966461669328844, 9.491172494502119e-06, 0.009886638015106374, 1.0], [0.4474457347818292, 4.2707096918788204e-05, 0.04448655929040438, 1.0], [0.614701449192009, 3.9404374475407474e-05, 0.04104622341188279, 1.0], [0.673825320123041, 4.694789718984096e-05, 0.048904059572751, 1.0], [0.6656545760027178, 1.218020245784858e-05, 0.012687710893592271, 1.0], [0.6720541222407148, 3.5025797440694306e-05, 0.0364852056673899, 1.0], [0.4256245026052874, 1.0458302644022394e-05, 0.010894065254189993, 1.0]], [[0.4950813107344322, 2.342755390625217e-05, 0.024403701985679344, 1.0], [0.41150029321934223, 2.157286513858394e-05, 0.022471734519358272, 1.0], [0.4253464053273479, 5.4788789562870025e-05, 0.05707165579465628, 1.0], [0.5771928327479535, 5.1486067119489296e-05, 0.053631319916134686, 1.0], [0.515076005528366, 5.902958983392278e-05, 0.06148915607700289, 1.0], [0.6982358975711229, 2.4261895101930402e-05, 0.02527280739784417, 1.0], [0.6481948113306254, 4.710749008477613e-05, 0.0490703021716418, 1.0], [0.6988065497126859, 2.2539995288104214e-05, 0.02347916175844189, 1.0]]]}