{"Arena": [5.0, 25.0, 0.0, 50.0, 4.0], "Effectors": [[0.046013059290174727, 0.0, 0.046013059290174727, 0.0, 0.0, 1.3333333333333333e-05, 1.0, 0.0005, 0.3333333333333333, 0.001, 0.07692307692307693, 0.001], [0.04638967543322398, 0.0, 0.04638967543322398, 0.0, 0.0, 1.6666666666666667e-06, 1.0, 4e-05, 0.3333333333333333, 0.0015, 0.5, 0.001], [0.021964692973550907, 0.0, 0.021964692973550907, 0.0, 0.0, 1.6666666666666667e-06, 1.0, 4e-05, 0.3333333333333333, 0.0015, 0.5, 0.001], [0.048599314851144375, 0.0, 0.048599314851144375, 0.0, 0.0, 1.6666666666666667e-06, 1.0, 4e-05, 0.3333333333333333, 0.0015, 0.5, 0.001]], "Targets": [[0.05949188966341882, 0.0, 0.3724096756556381, 0.0], [0.06356799341640221, 0.0, 0.35103604046286674, 0.0], [0.051153815843892364, 0.0, 0.6008387353207381, 0.0], [0.07497379823766788, 0.0, 0.4672029947318592, 0.0], [0.06456793266793132, 0.0, 0.44855001265822025, 0.0], [0.050644555162188014, 0.0, 0.5513302888100199, 0.0], [0.05708071361217358, 0.0, 0.3841021861385363, 0.0], [0.07983320845367538, 0.0, 0.6435836198781824, 0.0]], "Opportunities": [[[0.42098471731828324, 1.2478830373244093e-05, 0.012998781638795929, 1.0], [0.49738888997116454, 1.6554934126227482e-05, 0.017244723048153627, 1.0], [0.6066517421229862, 4.140756553717637e-06, 0.004313288076789206, 1.0], [0.6441530995088188, 2.7960738947493154e-05, 0.029125769736972035, 1.0], [0.5260757240938201, 1.755487337775659e-05, 0.018286326435163112, 1.0], [0.604543604086808, 3.6314958720132876e-06, 0.003782808200013841, 1.0], [0.6815352686143599, 1.0067654321998854e-05, 0.010487139918748806, 1.0], [0.5288244347498303, 3.282014916350065e-05, 0.034187655378646514, 1.0]], [[0.49836773003618917, 1.1602214230194838e-05, 0.09668511858495697, 1.0], [0.42116174324873856, 1.5678317983178225e-05, 0.13065264985981853, 1.0], [0.5193493048261498, 3.2641404106683815e-06, 0.027201170088903177, 1.0], [0.0, 0.0, 0.0, 0.0], [0.6214445662934627, 1.6678257234707332e-05, 0.13898547695589444, 1.0], [0.5976369589746978, 2.7548797289640313e-06, 0.02295733107470026, 1.0], [0.5938501384251209, 9.1910381789496e-06, 0.07659198482457999, 1.0], [0.0, 0.0, 0.0, 0.0]], [[0.0, 0.0, 0.0, 0.0], [0.0, 0.0, 0.0, 0.0], [0.0, 0.0, 0.0, 0.0], [0.0, 0.0, 0.0, 0.0], [0.0, 0.0, 0.0, 0.0], [0.0, 0.0, 0.0, 0.0], [0.0, 0.0, 0.0, 0.0], [0.0, 0.0, 0.0, 0.0]], [[0.44588034698008233, 9.392574812274445e-06, 0.07827145676895371, 1.0], [0.6214063657749896, 1.3468678565257834e-05, 0.11223898804381528, 1.0], [0.45784718809784125, 1.0545009927479892e-06, 0.00878750827289991, 1.0], [0.0, 0.0, 0.0, 0.0], [0.5060317297011611, 1.4468617816786941e-05, 0.12057181513989118, 1.0], [0.6730312061718211, 5.45240311043639e-07, 0.004543669258696992, 1.0], [0.44221906016505347, 6.981398761029206e-06, 0.05817832300857672, 1.0], [0.0, 0.0, 0.0, 0.0]]]}