{"Arena": [5.0, 25.0, 0.0, 50.0, 4.0], "Effectors": [[0.028744647741954857, 0.0, 0.028744647741954857, 0.0, 1.0, 0.002, 1.0, 0.0, 0.3333333333333333, 0.09, 0.05, 0.001], [0.021233102091561883, 0.0, 0.021233102091561883, 0.0, 1.0, 0.002, 1.0, 0.0, 0.3333333333333333, 0.09, 0.05, 0.001], [0.036292111191241705, 0.0, 0.036292111191241705, 0.0, 0.0, 1.3333333333333333e-05, 1.0, 0.0005, 0.3333333333333333, 0.001, 0.07692307692307693, 0.001], [0.026467231833071182, 0.0, 0.026467231833071182, 0.0, 0.0, 1.3333333333333333e-05, 1.0, 0.0005, 0.3333333333333333, 0.001, 0.07692307692307693, 0.001]], "Targets": [[0.05121981237702729, 0.0, 0.4019939321410057, 0.0], [0.08692845561396334, 0.0, 0.3967174820318967, 0.0], [0.05554118815876494, 0.0, 0.613088965073629, 0.0], [0.08348172113981737, 0.0, 0.43153022372467026, 0.0], [0.05787642322667432, 0.0, 0.5974055270986449, 0.0], [0.0901315131517869, 0.0, 0.5015982207589198, 0.0], [0.07898192577163991, 0.0, 0.35793810162005124, 0.0], [0.0970742439427747, 0.0, 0.46278929757080955, 0.0]], "Opportunities": [[[0.624447515162996, 0.0, 0.0, 1.0], [0.5147386617727727, 0.0, 0.0, 1.0], [0.547747972444258, 0.0, 0.0, 1.0], [0.5047711744404991, 0.0, 0.0, 1.0], [0.6247583606760237, 0.0, 0.0, 1.0], [0.5839942090249127, 0.0, 0.0, 1.0], [0.4274758983965258, 0.0, 0.0, 1.0], [0.6723792903891934, 0.0, 0.0, 1.0]], [[0.4626000717369284, 0.0, 0.0, 1.0], [0.6997560548617774, 0.0, 0.0, 1.0], [0.49467014517487706, 0.0, 0.0, 1.0], [0.449131304612587, 0.0, 0.0, 1.0], [0.6521508087065089, 0.0, 0.0, 1.0], [0.508905262892105, 0.0, 0.0, 1.0], [0.43503361758485937, 0.0, 0.0, 1.0], [0.6457668083011101, 0.0, 0.0, 1.0]], [[0.4727065199173465, 1.3927701185785582e-05, 0.014508022068526649, 1.0], [0.6484544399847186, 4.9636344422721636e-05, 0.05170452544033504, 1.0], [0.533278055659663, 1.824907696752323e-05, 0.019009455174503368, 1.0], [0.6397059095119992, 4.618960994857567e-05, 0.04811417702976632, 1.0], [0.4679414530818312, 2.0584312035432616e-05, 0.021441991703575643, 1.0], [0.5746894479101836, 5.283940196054519e-05, 0.05504104370890125, 1.0], [0.633685885811839, 4.168981458039821e-05, 0.0434268901879148, 1.0], [0.4129869801908212, 5.978213275153299e-05, 0.06227305494951353, 1.0]], [[0.42876266285276693, 2.3752580543956104e-05, 0.024742271399954278, 1.0], [0.5938121611719059, 5.946122378089216e-05, 0.06193877477176266, 1.0], [0.544272700689127, 2.8073956325693755e-05, 0.029243704505930994, 1.0], [0.5009321429620275, 5.601448930674619e-05, 0.05834842636119395, 1.0], [0.4931101285978998, 3.0409191393603138e-05, 0.03167624103500327, 1.0], [0.6163259980304524, 6.266428131871571e-05, 0.06527529304032886, 1.0], [0.5231773605179204, 5.151469393856873e-05, 0.05366113951934243, 1.0], [0.5810857632341244, 6.960701210970353e-05, 0.07250730428094117, 1.0]]]}