{"Arena": [5.0, 25.0, 0.0, 50.0, 4.0], "Effectors": [[0.04666621176787257, 0.0, 0.04666621176787257, 0.0, 1.0, 0.002, 1.0, 0.0, 0.3333333333333333, 0.09, 0.05, 0.001], [0.032276250947757906, 0.0, 0.032276250947757906, 0.0, 1.0, 0.002, 1.0, 0.0, 0.3333333333333333, 0.09, 0.05, 0.001], [0.011166913406264826, 0.0, 0.011166913406264826, 0.0, 1.0, 0.002, 1.0, 0.0, 0.3333333333333333, 0.09, 0.05, 0.001], [0.030822995290625484, 0.0, 0.030822995290625484, 0.0, 0.0, 1.6666666666666667e-06, 1.0, 4e-05, 0.3333333333333333, 0.0015, 0.5, 0.001]], "Targets": [[0.08954025506252435, 0.0, 0.3855178556474565, 0.0], [0.09513800939472597, 0.0, 0.5851096885840897, 0.0], [0.08211182595508705, 0.0, 0.4632236464518594, 0.0], [0.06574360890430384, 0.0, 0.568303097087673, 0.0], [0.06099655659420479, 0.0, 0.5782413589025982, 0.0], [0.07133872422522392, 0.0, 0.4266811289187437, 0.0], [0.07811269611427814, 0.0, 0.5636408409970399, 0.0], [0.08775214042805943, 0.0, 0.5774067985503042, 0.0]], "Opportunities": [[[0.5155402626800836, 0.0, 0.0, 1.0], [0.5078281263335441, 0.0, 0.0, 1.0], [0.46228062920572793, 0.0, 0.0, 1.0], [0.6771631883558498, 0.0, 0.0, 1.0], [0.5226535541160451, 0.0, 0.0, 1.0], [0.6796232664294607, 0.0, 0.0, 1.0], [0.6387319919923801, 0.0, 0.0, 1.0], [0.684422282742784, 0.0, 0.0, 1.0]], [[0.5831887798174027, 0.0, 0.0, 1.0], [0.5453827698758322, 0.0, 0.0, 1.0], [0.41639436188142726, 0.0, 0.0, 1.0], [0.6161959364227672, 0.0, 0.0, 1.0], [0.475632981567672, 0.0, 0.0, 1.0], [0.4054182024393319, 0.0, 0.0, 1.0], [0.689698382898668, 0.0, 0.0, 1.0], [0.6832294236053433, 0.0, 0.0, 1.0]], [[0.48737690793212196, 0.0, 0.0, 1.0], [0.5737799235718487, 0.0, 0.0, 1.0], [0.5950290803888786, 0.0, 0.0, 1.0], [0.44424344069193195, 0.0, 0.0, 1.0], [0.6703816510428645, 0.0, 0.0, 1.0], [0.5344035335778805, 0.0, 0.0, 1.0], [0.4451437809911436, 0.0, 0.0, 1.0], [0.6084092483507118, 0.0, 0.0, 1.0]], [[0.0, 0.0, 0.0, 0.0], [0.0, 0.0, 0.0, 0.0], [0.0, 0.0, 0.0, 0.0], [0.0, 0.0, 0.0, 0.0], [0.0, 0.0, 0.0, 0.0], [0.0, 0.0, 0.0, 0.0], [0.0, 0.0, 0.0, 0.0], [0.0, 0.0, 0.0, 0.0]]]}