{"Arena": [5.0, 25.0, 0.0, 50.0, 4.0], "Effectors": [[0.02241312412659606, 0.0, 0.02241312412659606, 0.0, 0.0, 1.3333333333333333e-05, 1.0, 0.0005, 0.3333333333333333, 0.001, 0.07692307692307693, 0.001], [0.03873116566332803, 0.0, 0.03873116566332803, 0.0, 0.0, 1.3333333333333333e-05, 1.0, 0.0005, 0.3333333333333333, 0.001, 0.07692307692307693, 0.001], [0.029446557163788058, 0.0, 0.029446557163788058, 0.0, 0.0, 1.3333333333333333e-05, 1.0, 0.0005, 0.3333333333333333, 0.001, 0.07692307692307693, 0.001], [0.03430464375054955, 0.0, 0.03430464375054955, 0.0, 0.0, 1.3333333333333333e-05, 1.0, 0.0005, 0.3333333333333333, 0.001, 0.07692307692307693, 0.001]], "Targets": [[0.09407087983051465, 0.0, 0.5053038260099568, 0.0], [0.07440076458662269, 0.0, 0.35286002292276547, 0.0], [0.0854654862092714, 0.0, 0.47117596567224357, 0.0], [0.07069658901425187, 0.0, 0.5330221958787623, 0.0], [0.07135550259389423, 0.0, 0.5000560700241621, 0.0], [0.08275329005159879, 0.0, 0.5317978627618523, 0.0], [0.06543187216089764, 0.0, 0.6442181312635005, 0.0], [0.08381662906030406, 0.0, 0.6133368122911576, 0.0]], "Opportunities": [[[0.6941191114683903, 7.065775570391859e-05, 0.07360182885824854, 1.0], [0.6961555943521553, 5.098764046002663e-05, 0.05311212547919441, 1.0], [0.5382765147857319, 6.205236208267533e-05, 0.06463787716945348, 1.0], [0.6377213309201564, 4.728346488765581e-05, 0.0492536092579748, 1.0], [0.5655977246621298, 4.794237846729817e-05, 0.04993997757010226, 1.0], [0.6613374521775821, 5.9340165925002726e-05, 0.06181267283854451, 1.0], [0.6365649263063553, 4.2018748034301584e-05, 0.04376952920239748, 1.0], [0.5492025016432629, 6.0403504933707995e-05, 0.06292031763927916, 1.0]], [[0.6582460034580145, 5.433971416718663e-05, 0.056603868924152735, 1.0], [0.520935220006869, 3.466959892329466e-05, 0.0361141655450986, 1.0], [0.5652865459398257, 4.573432054594337e-05, 0.047639917235357675, 1.0], [0.5098283381006559, 3.0965423350923835e-05, 0.032255649323879, 1.0], [0.5713731610564001, 3.16243369305662e-05, 0.03294201763600645, 1.0], [0.4038430624294246, 4.302212438827076e-05, 0.04481471290444871, 1.0], [0.45514120014625054, 2.5700706497569616e-05, 0.02677156926830168, 1.0], [0.611776097214628, 4.4085463396976027e-05, 0.04592235770518336, 1.0]], [[0.6891862656906628, 6.36243226667266e-05, 0.06627533611117355, 1.0], [0.5280533182546957, 4.395420742283463e-05, 0.045785632732119406, 1.0], [0.505381357364628, 5.501892904548334e-05, 0.05731138442237848, 1.0], [0.4476826245940185, 4.025003185046381e-05, 0.0419271165108998, 1.0], [0.694647179095369, 4.090894543010617e-05, 0.04261348482302726, 1.0], [0.4561679861194165, 5.230673288781073e-05, 0.054486180091469515, 1.0], [0.470008099662908, 3.4985314997109584e-05, 0.036443036455322486, 1.0], [0.5850063917224306, 5.3370071896516e-05, 0.055593824892204165, 1.0]], [[0.5027046816801866, 5.8766236079965106e-05, 0.06121482924996365, 1.0], [0.690420824455849, 3.909612083607314e-05, 0.04072512587090952, 1.0], [0.6968587206970167, 5.016084245872185e-05, 0.05225087756116859, 1.0], [0.4230546685577464, 3.539194526370232e-05, 0.036866609649689915, 1.0], [0.48537694912533497, 3.605085884334468e-05, 0.03755297796181737, 1.0], [0.6215132175068702, 4.744864630104924e-05, 0.04942567323025963, 1.0], [0.487660612436456, 3.0127228410348095e-05, 0.0313825295941126, 1.0], [0.4551028196435014, 4.8511985309754505e-05, 0.05053331803099428, 1.0]]]}