{"Arena": [5.0, 25.0, 0.0, 50.0, 4.0], "Effectors": [[0.011716013435594776, 0.0, 0.011716013435594776, 0.0, 1.0, 0.002, 1.0, 0.0, 0.3333333333333333, 0.09, 0.05, 0.001], [0.03153325868579675, 0.0, 0.03153325868579675, 0.0, 0.0, 1.3333333333333333e-05, 1.0, 0.0005, 0.3333333333333333, 0.001, 0.07692307692307693, 0.001], [0.04644443708114081, 0.0, 0.04644443708114081, 0.0, 0.0, 1.3333333333333333e-05, 1.0, 0.0005, 0.3333333333333333, 0.001, 0.07692307692307693, 0.001], [0.027877760321589593, 0.0, 0.027877760321589593, 0.0, 0.0, 1.3333333333333333e-05, 1.0, 0.0005, 0.3333333333333333, 0.001, 0.07692307692307693, 0.001]], "Targets": [[0.06707407251953035, 0.0, 0.4774863275539112, 0.0], [0.08336292355551421, 0.0, 0.3686384015236374, 0.0], [0.0757009086482204, 0.0, 0.5877655439101815, 0.0], [0.05253686670270857, 0.0, 0.3580625882601999, 0.0], [0.061891203855125795, 0.0, 0.6417521547177425, 0.0], [0.08770853800774066, 0.0, 0.4438073641357059, 0.0], [0.07090810913995983, 0.0, 0.4170751265738945, 0.0], [0.061671012889352325, 0.0, 0.3917616978022676, 0.0]], "Opportunities": [[[0.5289343376440894, 0.0, 0.0, 1.0], [0.6737924483276554, 0.0, 0.0, 1.0], [0.6695677793879882, 0.0, 0.0, 1.0], [0.6018743058182991, 0.0, 0.0, 1.0], [0.40744522380552417, 0.0, 0.0, 1.0], [0.431153797016189, 0.0, 0.0, 1.0], [0.47817703271155737, 0.0, 0.0, 1.0], [0.684801519595398, 0.0, 0.0, 1.0]], [[0.49503697856592754, 3.4540813833733604e-05, 0.03598001441013917, 1.0], [0.659408040873376, 5.0829664869717466e-05, 0.05294756757262236, 1.0], [0.41993921077577384, 4.316764996242366e-05, 0.04496630204419131, 1.0], [0.6121990796042133, 2.0003608016911827e-05, 0.020837091684283153, 1.0], [0.5435945498086199, 2.9357945169329047e-05, 0.030581192884717757, 1.0], [0.490432539461533, 5.517527932194391e-05, 0.057474249293691576, 1.0], [0.6685089409028914, 3.837485045416308e-05, 0.03997380255641988, 1.0], [0.6425524120969338, 2.9137754203555578e-05, 0.030351827295370393, 1.0]], [[0.5847501624084623, 1.962963543838954e-05, 0.020447536914989104, 1.0], [0.6726685618197602, 3.59184864743734e-05, 0.0374150900774723, 1.0], [0.46194916114522355, 2.8256471567079597e-05, 0.029433824549041247, 1.0], [0.4637670210707897, 5.092429621567766e-06, 0.005304614189133089, 1.0], [0.5863308869458443, 1.4446766773984987e-05, 0.015048715389567695, 1.0], [0.6347289756626256, 4.026410092659985e-05, 0.04194177179854151, 1.0], [0.6255242867491656, 2.3463672058819025e-05, 0.02444132506126982, 1.0], [0.4553260653896808, 1.4226575808211517e-05, 0.01481934980022033, 1.0]], [[0.5855457043159714, 3.8196312197940756e-05, 0.03978782520618829, 1.0], [0.4047074679253797, 5.448516323392462e-05, 0.05675537836867148, 1.0], [0.483817422512073, 4.682314832663081e-05, 0.048774112840240434, 1.0], [0.49202699421672824, 2.365910638111898e-05, 0.02464490248033227, 1.0], [0.5238426274514911, 3.30134435335362e-05, 0.03438900368076688, 1.0], [0.549585475364501, 5.883077768615107e-05, 0.0612820600897407, 1.0], [0.5001907961232227, 4.203034881837024e-05, 0.043781613352469, 1.0], [0.4836479000830774, 3.2793252567762734e-05, 0.03415963809141952, 1.0]]]}