{"Arena": [5.0, 25.0, 0.0, 50.0, 4.0], "Effectors": [[0.010099441419151397, 0.0, 0.010099441419151397, 0.0, 1.0, 0.002, 1.0, 0.0, 0.3333333333333333, 0.09, 0.05, 0.001], [0.039640752463544586, 0.0, 0.039640752463544586, 0.0, 1.0, 0.002, 1.0, 0.0, 0.3333333333333333, 0.09, 0.05, 0.001], [0.02690288809260992, 0.0, 0.02690288809260992, 0.0, 0.0, 1.3333333333333333e-05, 1.0, 0.0005, 0.3333333333333333, 0.001, 0.07692307692307693, 0.001], [0.049916731394420176, 0.0, 0.049916731394420176, 0.0, 0.0, 1.3333333333333333e-05, 1.0, 0.0005, 0.3333333333333333, 0.001, 0.07692307692307693, 0.001]], "Targets": [[0.08826511167185168, 0.0, 0.4458328106252004, 0.0], [0.09229768791187173, 0.0, 0.4915765695390406, 0.0], [0.07679852437175186, 0.0, 0.47872184281291474, 0.0], [0.06527466169699016, 0.0, 0.6270723230820987, 0.0], [0.05802967182286496, 0.0, 0.6076659119612716, 0.0], [0.06570955906207582, 0.0, 0.6021323484921364, 0.0], [0.05896460044243719, 0.0, 0.6270678222665063, 0.0], [0.06438889294601806, 0.0, 0.5442030905150399, 0.0]], "Opportunities": [[[0.5798975883309228, 0.0, 0.0, 1.0], [0.6926172647446593, 0.0, 0.0, 1.0], [0.41423036250182815, 0.0, 0.0, 1.0], [0.4253969739051715, 0.0, 0.0, 1.0], [0.48701198806910717, 0.0, 0.0, 1.0], [0.5238381105904979, 0.0, 0.0, 1.0], [0.579945747635422, 0.0, 0.0, 1.0], [0.5111487538996692, 0.0, 0.0, 1.0]], [[0.6371342088046436, 0.0, 0.0, 1.0], [0.43613550846272214, 0.0, 0.0, 1.0], [0.6727616988539747, 0.0, 0.0, 1.0], [0.6174123159888492, 0.0, 0.0, 1.0], [0.459694871418921, 0.0, 0.0, 1.0], [0.6563388459999566, 0.0, 0.0, 1.0], [0.6118362313870805, 0.0, 0.0, 1.0], [0.44192885922406805, 0.0, 0.0, 1.0]], [[0.5585367195391496, 6.036222357924176e-05, 0.06287731622837683, 1.0], [0.5350793694194624, 6.439479981926181e-05, 0.06707791647839773, 1.0], [0.44897259322982913, 4.889563627914194e-05, 0.05093295445743952, 1.0], [0.4918305765276869, 3.737177360438024e-05, 0.03892893083789608, 1.0], [0.4406030468870408, 3.0126783730255043e-05, 0.03138206638568233, 1.0], [0.6446980682136396, 3.78066709694659e-05, 0.03938194892652698, 1.0], [0.4086325503578267, 3.106171234982727e-05, 0.032355950364403405, 1.0], [0.6960553019960904, 3.648600485340814e-05, 0.03800625505563348, 1.0]], [[0.5046993766459514, 3.73483802774315e-05, 0.03890456278899115, 1.0], [0.5062075315144716, 4.1380956517451555e-05, 0.04310516303901204, 1.0], [0.6010568208489915, 2.588179297733168e-05, 0.026960201018053836, 1.0], [0.5575597710560465, 1.4357930302569981e-05, 0.014956177398510398, 1.0], [0.6451133197928383, 7.112940428444786e-06, 0.007409312946296652, 1.0], [0.6758217436811054, 1.479282766765564e-05, 0.015409195487141293, 1.0], [0.6226723871204847, 8.047869048017014e-06, 0.008383196925017723, 1.0], [0.5814716679333012, 1.3472161551597882e-05, 0.014033501616247794, 1.0]]]}