{
	"Arena": [5.0, 25.0, 0.0, 50.0, 4.0], 
	"Effectors": [
		[0.045015822969679334, 0.0, 0.045015822969679334, 0.0, 0.0, 1.3333333333333333e-05, 1.0, 0.0005, 0.3333333333333333, 0.001, 0.07692307692307693, 0.001]
	], 
	"Targets": [
		[0.09379244135242036, 0.0, 0.5507220072991409, 0.0], 
		[0.06600729068240441, 0.0, 0.5705803072225832, 0.0], 
		[0.06757398988722009, 0.0, 0.6141192921710394, 0.0], 
		[0.0581529175911313, 0.0, 0.5454528602925874, 0.0], 
		[0.07639546448859573, 0.0, 0.40984989435359925, 0.0], 
		[0.07433155216402598, 0.0, 0.38744481849020745, 0.0], 
		[0.08709351618632535, 0.0, 0.568269941813606, 0.0], 
		[0.09323305057064406, 0.0, 0.5554063303411736, 0.0]
	], 
	"Opportunities": [
		[
			[0.5830429033702744, 4.777661838274103e-05, 0.04976731081535524, 1.0], 
			[0.6451616071256834, 1.9991467712725072e-05, 0.020824445534088618, 1.0], 
			[0.673179260388092, 2.1558166917540756e-05, 0.022456423872438288, 1.0], 
			[0.6962536412313112, 1.2137094621451968e-05, 0.0126428068973458, 1.0], 
			[0.4760442422270739, 3.0379641518916397e-05, 0.03164545991553791, 1.0], 
			[0.40044555220668343, 2.8315729194346648e-05, 0.02949555124411109, 1.0], 
			[0.6500792345823678, 4.107769321664602e-05, 0.0427892637673396, 1.0], 
			[0.49630466161407394, 4.7217227600964726e-05, 0.049184612084338254, 1.0]
		]
	]
}